movement_id,date_key,product_key,warehouse_key,supplier_key,movement_type_key,quantity,unit_cost
1,1,17,4,10.0,1,243,198.42
2,1,90,3,3.0,1,156,85.65
3,1,96,6,14.0,2,42,231.12
4,1,14,5,,4,80,354.1
5,1,117,4,12.0,2,51,132.08
6,1,89,6,12.0,1,198,228.5
7,1,88,5,13.0,1,145,52.66
8,1,45,5,6.0,2,18,193.58
9,1,44,1,14.0,2,126,370.69
10,1,10060,3,14.0,1,118,393.57
11,1,56,2,11.0,2,70,269.33
12,1,118,5,8.0,2,112,102.4
13,1,76,3,4.0,2,213,327.0
14,1,36,4,8.0,4,146,112.83
15,1,49,3,,2,218,217.79
16,1,63,2,5.0,1,88,114.14
17,1,77,6,9.0,1,3,11.42
18,1,25,1,7.0,2,126,381.49
19,1,31,6,12.0,2,126,276.57
20,1,3,1,7.0,1,178,184.85
21,1,85,5,9.0,1,136,173.66
22,1,96,5,12.0,1,117,231.12
23,1,33,2,4.0,1,81,136.56
24,1,69,6,4.0,1,190,334.17
25,1,93,5,9.0,2,153,39.17
26,1,13,2,6.0,1,46,350.79
27,1,91,5,1.0,1,250,177.83
28,1,38,6,11.0,1,223,323.38
29,1,14,1,8.0,2,123,354.1
30,1,24,1,14.0,1,123,204.05
31,1,9,4,10.0,1,162,254.72
32,1,20,2,5.0,2,22,344.59
33,1,16,5,10.0,5,153,359.33
34,1,29,5,15.0,2,114,264.58
35,1,76,4,10.0,1,16,327.0
36,2,95,1,4.0,2,161,245.29
37,2,85,1,3.0,1,142,173.66
38,2,1,4,10.0,1,121,382.97
39,2,30,3,12.0,1,221,349.23
40,2,88,2,13.0,2,203,52.66
41,2,85,2,9.0,2,58,173.66
42,2,117,3,2.0,2,16,132.08
43,2,40,5,10.0,1,236,162.24
44,2,16,4,12.0,1,104,359.33
45,2,65,5,2.0,4,154,38.73
46,2,56,6,5.0,1,7,269.33
47,2,10118,6,10.0,1,151,102.4
48,2,98,6,10.0,4,11,89.1
49,2,23,4,8.0,2,235,204.06
50,2,75,4,8.0,1,249,45.02
51,2,45,4,11.0,1,27,193.58
52,2,43,4,5.0,3,170,40.97
53,2,105,5,,4,23,115.72
54,2,42,1,7.0,1,222,186.13
55,2,1,6,8.0,2,106,382.97
56,2,67,3,8.0,1,161,177.85
57,2,7,2,3.0,1,238,255.0
58,2,113,6,1.0,1,250,268.21
59,2,103,2,5.0,2,142,105.16
60,2,53,1,14.0,1,234,99.99
61,2,10055,1,3.0,1,128,268.55
62,2,38,5,7.0,4,214,323.38
63,2,61,2,3.0,2,99,327.21
64,2,77,5,3.0,1,222,11.42
65,2,99,4,13.0,1,130,21.99
66,2,1,3,14.0,1,151,382.97
67,2,85,4,8.0,2,138,173.66
68,2,43,5,7.0,2,117,40.97
69,2,112,2,4.0,4,147,89.33
70,2,110,4,12.0,1,122,4.35
71,2,104,4,11.0,2,203,194.87
72,3,5,2,10.0,2,85,282.42
73,3,112,4,15.0,3,117,89.33
74,3,19,4,3.0,1,20,153.88
75,3,34,3,7.0,2,167,4.86
76,3,43,6,7.0,1,245,40.97
77,3,92,4,1.0,1,159,69.54
78,3,81,6,4.0,1,192,45.14
79,3,13,6,2.0,1,114,350.79
80,3,39,1,13.0,1,15,170.58
81,3,48,4,9.0,1,106,77.58
82,3,102,2,2.0,2,157,332.57
83,3,80,6,15.0,3,150,351.06
84,3,60,6,5.0,1,171,393.57
85,3,103,4,11.0,1,140,105.16
86,3,57,3,5.0,1,164,184.4
87,3,89,3,5.0,4,51,228.5
88,3,110,4,7.0,5,147,4.35
89,3,38,6,14.0,1,169,323.38
90,3,2,5,13.0,1,191,144.87
91,3,117,5,14.0,4,232,132.08
92,3,100,2,6.0,3,57,320.96
93,3,80,3,12.0,2,197,351.06
94,3,108,2,15.0,2,161,167.48
95,3,40,4,,2,94,162.24
96,3,12,3,7.0,2,45,322.41
97,3,101,5,6.0,1,136,380.12
98,3,35,2,14.0,2,242,362.36
99,3,104,3,6.0,2,206,194.87
100,3,10118,1,4.0,1,221,102.4
101,3,87,4,13.0,2,143,267.42
102,3,102,4,,1,138,332.57
103,3,48,6,5.0,1,150,77.58
104,3,82,3,4.0,1,121,393.73
105,3,114,5,10.0,1,57,392.33
106,3,82,4,5.0,2,167,393.73
107,3,18,1,5.0,1,127,65.67
108,3,31,5,8.0,1,95,276.57
109,3,96,6,7.0,2,151,231.12
110,3,20,4,14.0,2,126,344.59
111,3,10096,3,,2,95,231.12
112,3,57,2,2.0,1,176,184.4
113,3,116,6,7.0,1,71,74.33
114,3,16,4,4.0,1,165,359.33
115,3,3,1,4.0,2,33,184.85
116,4,27,1,9.0,2,54,25.05
117,4,105,2,3.0,2,202,115.72
118,4,1,3,3.0,3,34,382.97
119,4,103,2,14.0,2,7,105.16
120,4,46,2,1.0,1,45,2.86
121,4,17,6,2.0,1,191,198.42
122,4,58,3,2.0,1,116,86.84
123,4,10055,5,13.0,2,233,268.55
124,4,67,3,1.0,3,16,177.85
125,4,109,4,2.0,5,126,378.53
126,4,57,1,6.0,2,156,184.4
127,4,17,3,10.0,1,141,198.42
128,4,49,5,8.0,2,130,217.79
129,4,13,6,11.0,2,167,350.79
130,5,56,4,7.0,3,87,269.33
131,5,52,4,6.0,2,110,29.05
132,5,33,3,11.0,1,237,136.56
133,5,12,1,2.0,2,191,322.41
134,5,104,2,10.0,2,245,194.87
135,5,43,6,6.0,2,224,40.97
136,5,97,4,12.0,2,14,99.11
137,5,77,3,10.0,4,130,11.42
138,5,85,4,2.0,1,90,173.66
139,5,48,1,10.0,2,58,77.58
140,5,109,5,14.0,2,160,378.53
141,5,83,5,,2,238,19.67
142,5,89,3,,2,70,228.5
143,5,40,3,3.0,2,223,162.24
144,5,85,4,12.0,1,163,173.66
145,5,12,6,7.0,4,108,322.41
146,5,21,3,6.0,2,199,307.9
147,5,77,1,3.0,4,41,11.42
148,5,7,6,8.0,2,170,255.0
149,5,78,4,4.0,1,194,386.82
150,5,45,4,11.0,2,174,193.58
151,5,68,6,4.0,2,102,31.95
152,5,8,1,4.0,5,197,268.73
153,5,33,3,1.0,1,128,136.56
154,5,23,2,12.0,2,59,204.06
155,5,107,6,2.0,2,102,87.15
156,5,6,4,,3,236,342.42
157,5,41,5,7.0,1,182,77.7
158,5,38,1,6.0,2,44,323.38
159,5,80,4,15.0,2,93,351.06
160,5,109,1,10.0,1,103,378.53
161,5,51,3,4.0,2,86,384.39
162,5,10,5,9.0,2,131,153.02
163,5,100,3,14.0,1,166,320.96
164,5,31,1,4.0,2,45,276.57
165,5,98,6,13.0,2,161,89.1
166,5,97,5,8.0,2,175,99.11
167,5,73,6,10.0,3,83,352.8
168,5,81,3,2.0,3,121,45.14
169,5,39,3,6.0,1,130,170.58
170,5,60,4,,1,95,393.57
171,5,10,6,14.0,2,24,153.02
172,6,65,4,9.0,2,245,38.73
173,6,115,1,13.0,2,147,265.87
174,6,42,5,3.0,2,246,186.13
175,6,14,3,2.0,1,130,354.1
176,6,6,2,8.0,2,135,342.42
177,6,21,3,5.0,2,100,307.9
178,6,44,6,13.0,1,162,370.69
179,6,9,3,11.0,2,99,254.72
180,6,93,6,10.0,1,224,39.17
181,6,11,5,15.0,1,90,274.48
182,6,84,6,3.0,1,153,288.33
183,6,11,3,11.0,2,203,274.48
184,6,17,6,12.0,1,176,198.42
185,6,12,6,9.0,3,93,322.41
186,6,40,2,6.0,1,243,162.24
187,6,25,2,3.0,2,20,381.49
188,6,101,1,9.0,1,214,380.12
189,6,68,1,15.0,2,197,31.95
190,6,77,4,3.0,2,213,11.42
191,6,80,2,1.0,2,106,351.06
192,6,93,2,10.0,1,73,39.17
193,6,101,4,4.0,2,80,380.12
194,6,101,4,4.0,4,95,380.12
195,6,74,4,5.0,2,200,345.9
196,6,68,4,14.0,1,52,31.95
197,6,18,3,8.0,2,224,65.67
198,6,120,1,9.0,1,218,18.02
199,7,58,5,7.0,1,24,86.84
200,7,29,4,15.0,4,7,264.58
201,7,51,5,7.0,1,21,384.39
202,7,4,3,14.0,1,183,118.68
203,7,102,2,5.0,2,235,332.57
204,7,90,2,8.0,2,115,85.65
205,7,116,1,,2,56,74.33
206,7,71,6,7.0,2,29,273.46
207,7,31,3,4.0,2,108,276.57
208,7,80,4,14.0,2,232,351.06
209,7,69,1,10.0,2,62,334.17
210,7,38,4,,2,91,323.38
211,7,54,2,2.0,1,135,263.63
212,7,9,5,13.0,4,130,254.72
213,7,50,4,7.0,2,96,191.76
214,7,3,3,6.0,1,62,184.85
215,7,81,1,12.0,2,194,45.14
216,7,6,3,14.0,1,165,342.42
217,7,100,6,12.0,1,123,320.96
218,7,104,2,13.0,2,242,194.87
219,7,38,2,4.0,2,227,323.38
220,7,120,3,14.0,1,140,18.02
221,7,5,6,6.0,2,221,282.42
222,7,111,6,2.0,2,205,299.51
223,7,114,4,15.0,1,245,392.33
224,7,24,4,6.0,1,237,204.05
225,7,35,1,2.0,2,111,362.36
226,7,106,2,6.0,2,27,57.07
227,7,85,3,10.0,1,184,173.66
228,7,89,4,1.0,1,187,228.5
229,7,46,5,5.0,3,164,2.86
230,7,10055,1,11.0,5,104,268.55
231,7,103,6,1.0,1,37,105.16
232,7,87,4,,2,18,267.42
233,7,83,3,10.0,1,9,19.67
234,7,87,4,6.0,2,114,267.42
235,7,74,2,7.0,2,81,345.9
236,8,32,1,,2,48,360.05
237,8,50,5,13.0,2,67,191.76
238,8,28,5,15.0,2,126,195.42
239,8,18,1,15.0,1,183,65.67
240,8,12,6,6.0,1,171,322.41
241,8,9,5,15.0,1,77,254.72
242,8,92,6,11.0,3,45,69.54
243,8,66,2,4.0,2,203,134.76
244,8,102,4,,1,142,332.57
245,8,60,5,15.0,2,23,393.57
246,8,51,6,9.0,1,106,384.39
247,8,106,5,6.0,2,165,57.07
248,8,60,6,3.0,1,225,393.57
249,8,71,6,13.0,2,248,273.46
250,8,65,1,9.0,1,40,38.73
251,8,21,3,4.0,1,89,307.9
252,8,67,3,5.0,4,51,177.85
253,8,71,3,5.0,2,158,273.46
254,8,65,6,10.0,2,40,38.73
255,8,80,6,6.0,1,216,351.06
256,8,6,1,11.0,3,198,342.42
257,8,84,2,7.0,2,159,288.33
258,8,64,6,11.0,2,245,254.43
259,8,32,6,8.0,1,19,360.05
260,8,21,4,8.0,2,53,307.9
261,8,19,3,6.0,1,188,153.88
262,8,45,4,6.0,5,132,193.58
263,8,41,2,5.0,2,116,77.7
264,8,13,1,7.0,1,222,350.79
265,8,32,2,15.0,2,148,360.05
266,8,25,2,9.0,2,120,381.49
267,8,40,4,,2,242,162.24
268,8,59,2,6.0,1,13,149.07
269,8,64,5,11.0,1,173,254.43
270,8,69,1,7.0,2,35,334.17
271,8,94,3,6.0,3,12,323.01
272,8,73,5,9.0,1,74,352.8
273,9,36,5,2.0,2,33,112.83
274,9,51,3,6.0,4,143,384.39
275,9,97,2,9.0,4,103,99.11
276,9,6,1,6.0,2,206,342.42
277,9,59,2,9.0,2,36,149.07
278,9,79,3,10.0,1,190,272.45
279,9,76,3,9.0,2,137,327.0
280,9,73,3,1.0,2,95,352.8
281,9,15,4,13.0,1,231,100.16
282,9,89,6,,2,122,228.5
283,9,84,5,12.0,1,14,288.33
284,9,22,5,10.0,2,199,182.58
285,9,19,6,10.0,2,243,153.88
286,9,25,1,7.0,2,39,381.49
287,9,27,4,10.0,1,236,25.05
288,9,109,6,12.0,2,36,378.53
289,9,72,3,8.0,2,135,389.59
290,9,10060,2,9.0,1,88,393.57
291,9,87,6,13.0,2,178,267.42
292,9,62,2,5.0,1,143,107.26
293,9,10096,3,12.0,1,54,231.12
294,9,63,3,9.0,2,240,114.14
295,9,93,3,10.0,4,174,39.17
296,9,115,4,13.0,2,206,265.87
297,9,6,3,2.0,1,89,342.42
298,9,84,3,4.0,3,52,288.33
299,9,35,5,3.0,2,28,362.36
300,9,76,2,11.0,2,232,327.0
301,9,82,2,7.0,2,85,393.73
302,9,13,6,1.0,2,247,350.79
303,9,119,2,15.0,2,226,399.96
304,9,62,6,5.0,3,83,107.26
305,9,8,1,4.0,1,137,268.73
306,9,109,1,3.0,2,107,378.53
307,9,23,1,7.0,3,202,204.06
308,9,120,6,15.0,2,75,18.02
309,9,2,3,2.0,3,238,144.87
310,9,37,4,9.0,5,135,374.33
311,9,10096,2,8.0,2,70,231.12
312,9,15,3,8.0,1,166,100.16
313,9,24,1,13.0,1,76,204.05
314,9,97,2,14.0,2,164,99.11
315,9,106,4,2.0,3,103,57.07
316,10,24,2,15.0,2,64,204.05
317,10,50,2,5.0,1,245,191.76
318,10,75,6,5.0,1,168,45.02
319,10,31,1,8.0,1,79,276.57
320,10,88,5,15.0,1,181,52.66
321,10,89,1,5.0,2,95,228.5
322,10,29,2,8.0,2,192,264.58
323,10,48,4,15.0,5,121,77.58
324,10,103,6,13.0,2,64,105.16
325,10,77,1,9.0,2,181,11.42
326,10,118,5,14.0,1,141,102.4
327,10,26,5,3.0,3,84,196.47
328,10,57,1,12.0,3,150,184.4
329,10,116,5,1.0,2,117,74.33
330,10,54,4,9.0,1,119,263.63
331,10,40,6,,2,66,162.24
332,10,96,2,1.0,2,109,231.12
333,10,9,5,15.0,1,229,254.72
334,10,120,4,,1,105,18.02
335,10,18,6,11.0,1,247,65.67
336,10,115,4,15.0,1,233,265.87
337,10,11,6,14.0,1,139,274.48
338,10,111,3,9.0,1,101,299.51
339,10,94,2,13.0,2,6,323.01
340,10,60,6,7.0,4,137,393.57
341,10,30,2,3.0,1,71,349.23
342,10,113,6,1.0,1,208,268.21
343,10,79,1,2.0,2,26,272.45
344,10,58,5,14.0,2,13,86.84
345,10,6,4,9.0,1,56,342.42
346,10,100,1,5.0,2,60,320.96
347,10,94,5,10.0,2,198,323.01
348,10,42,2,3.0,2,170,186.13
349,10,53,3,9.0,2,243,99.99
350,10,95,2,7.0,2,143,245.29
351,10,45,6,13.0,2,135,193.58
352,10,54,4,7.0,1,48,263.63
353,10,61,2,5.0,2,220,327.21
354,10,104,4,9.0,2,106,194.87
355,11,32,3,11.0,1,21,360.05
356,11,109,3,12.0,3,213,378.53
357,11,35,4,10.0,1,11,362.36
358,11,25,5,9.0,3,56,381.49
359,11,112,3,15.0,2,4,89.33
360,11,25,6,13.0,1,123,381.49
361,11,90,5,7.0,3,235,85.65
362,11,42,3,9.0,1,167,186.13
363,11,34,3,8.0,1,120,4.86
364,11,93,4,6.0,1,235,39.17
365,11,41,4,14.0,1,57,77.7
366,11,3,3,10.0,2,149,184.85
367,11,38,2,4.0,2,98,323.38
368,11,32,4,11.0,2,87,360.05
369,11,106,4,11.0,1,190,57.07
370,11,22,6,3.0,2,36,182.58
371,11,63,2,9.0,2,165,114.14
372,11,68,1,2.0,4,242,31.95
373,11,7,1,14.0,2,162,255.0
374,11,91,2,,1,130,177.83
375,11,8,5,15.0,2,158,268.73
376,11,85,4,,3,137,173.66
377,11,2,1,5.0,2,138,144.87
378,11,3,5,11.0,4,111,184.85
379,11,117,2,2.0,2,135,132.08
380,11,25,5,14.0,1,91,381.49
381,11,51,1,7.0,1,118,384.39
382,11,90,2,14.0,2,218,85.65
383,11,110,6,2.0,1,104,4.35
384,11,71,4,1.0,1,180,273.46
385,11,64,4,6.0,1,145,254.43
386,11,13,5,4.0,4,55,350.79
387,11,89,5,1.0,3,237,228.5
388,11,119,3,10.0,1,169,399.96
389,11,119,3,,1,54,399.96
390,11,97,6,15.0,2,20,99.11
391,11,73,2,14.0,1,100,352.8
392,11,70,3,12.0,2,36,18.65
393,11,89,6,12.0,2,250,228.5
394,11,13,4,2.0,1,88,350.79
395,11,79,5,13.0,2,84,272.45
396,11,35,4,6.0,1,142,362.36
397,11,56,2,11.0,4,98,269.33
398,11,80,3,12.0,1,19,351.06
399,11,20,4,11.0,1,40,344.59
400,12,41,3,1.0,2,242,77.7
401,12,47,3,2.0,1,48,279.24
402,12,72,5,2.0,1,7,389.59
403,12,71,1,13.0,1,84,273.46
404,12,2,3,13.0,3,22,144.87
405,12,72,2,3.0,2,176,389.59
406,12,18,3,8.0,1,38,65.67
407,12,56,3,8.0,1,201,269.33
408,12,33,2,8.0,1,153,136.56
409,12,59,1,1.0,2,243,149.07
410,12,108,5,14.0,1,85,167.48
411,12,56,6,3.0,1,77,269.33
412,12,10055,6,6.0,1,46,268.55
413,12,10118,3,12.0,4,163,102.4
414,12,74,2,5.0,2,210,345.9
415,12,47,1,4.0,2,152,279.24
416,12,24,6,1.0,5,244,204.05
417,12,10096,6,13.0,2,75,231.12
418,12,9,4,3.0,2,163,254.72
419,12,33,6,7.0,1,203,136.56
420,12,58,5,7.0,1,137,86.84
421,12,118,6,1.0,2,203,102.4
422,12,90,5,15.0,4,22,85.65
423,12,32,6,3.0,1,166,360.05
424,12,73,6,7.0,2,248,352.8
425,12,10118,4,2.0,2,67,102.4
426,12,96,5,12.0,1,148,231.12
427,12,48,4,11.0,1,151,77.58
428,12,20,3,8.0,2,27,344.59
429,12,118,1,12.0,1,37,102.4
430,12,44,4,9.0,1,124,370.69
431,12,13,4,8.0,1,82,350.79
432,13,3,3,11.0,2,205,184.85
433,13,95,2,9.0,1,41,245.29
434,13,55,4,7.0,1,162,268.55
435,13,82,6,1.0,1,189,393.73
436,13,26,4,7.0,2,2,196.47
437,13,27,3,13.0,2,204,25.05
438,13,14,5,6.0,1,51,354.1
439,13,34,6,9.0,2,248,4.86
440,13,77,4,10.0,2,30,11.42
441,13,109,4,14.0,1,173,378.53
442,13,39,5,11.0,2,35,170.58
443,13,31,3,6.0,1,178,276.57
444,13,50,4,10.0,1,99,191.76
445,13,63,6,15.0,1,166,114.14
446,13,23,5,5.0,4,36,204.06
447,13,108,4,14.0,1,92,167.48
448,13,63,2,7.0,4,247,114.14
449,13,84,4,8.0,2,107,288.33
450,13,57,4,10.0,2,8,184.4
451,13,29,3,,2,58,264.58
452,13,22,4,13.0,2,197,182.58
453,13,66,1,5.0,2,199,134.76
454,13,47,5,1.0,2,195,279.24
455,13,70,2,2.0,2,189,18.65
456,13,97,2,1.0,2,116,99.11
457,13,111,1,2.0,1,199,299.51
458,13,27,6,6.0,2,221,25.05
459,13,81,4,3.0,2,201,45.14
460,13,27,1,9.0,1,72,25.05
461,13,22,3,5.0,2,75,182.58
462,13,10055,5,11.0,2,209,268.55
463,13,10118,4,5.0,1,222,102.4
464,13,90,2,12.0,2,83,85.65
465,13,98,6,3.0,2,148,89.1
466,13,81,4,2.0,2,163,45.14
467,13,99,1,12.0,2,72,21.99
468,13,113,3,8.0,2,84,268.21
469,14,112,6,8.0,2,163,89.33
470,14,46,1,7.0,2,56,2.86
471,14,106,2,6.0,4,213,57.07
472,14,71,5,14.0,1,125,273.46
473,14,115,6,1.0,2,26,265.87
474,14,108,4,,2,238,167.48
475,14,57,4,,3,246,184.4
476,14,89,2,5.0,1,41,228.5
477,14,113,3,6.0,3,65,268.21
478,14,86,6,7.0,1,161,266.03
479,14,90,2,2.0,1,181,85.65
480,14,28,4,10.0,1,58,195.42
481,14,57,1,,2,88,184.4
482,14,111,4,8.0,2,19,299.51
483,14,12,6,2.0,1,81,322.41
484,14,39,2,14.0,1,193,170.58
485,14,83,6,9.0,3,145,19.67
486,14,84,2,12.0,1,55,288.33
487,14,20,4,8.0,2,221,344.59
488,14,115,1,2.0,1,151,265.87
489,14,45,4,3.0,2,64,193.58
490,14,11,2,10.0,1,185,274.48
491,14,100,6,,2,217,320.96
492,14,39,2,9.0,2,49,170.58
493,14,38,6,15.0,2,204,323.38
494,14,64,4,8.0,4,164,254.43
495,14,68,1,15.0,2,82,31.95
496,14,111,5,9.0,1,175,299.51
497,14,61,1,,1,18,327.21
498,14,28,1,13.0,1,102,195.42
499,14,81,6,7.0,2,109,45.14
500,14,11,6,10.0,2,40,274.48
501,14,40,1,4.0,1,250,162.24
502,14,69,3,11.0,2,196,334.17
503,14,88,6,12.0,2,112,52.66
504,15,12,4,10.0,1,156,322.41
505,15,86,6,3.0,1,31,266.03
506,15,18,6,,1,128,65.67
507,15,67,5,12.0,4,67,177.85
508,15,17,6,5.0,1,188,198.42
509,15,99,1,7.0,3,70,21.99
510,15,34,6,11.0,2,20,4.86
511,15,66,3,14.0,2,146,134.76
512,15,21,3,15.0,1,147,307.9
513,15,15,2,1.0,2,12,100.16
514,15,2,2,6.0,3,99,144.87
515,15,23,1,15.0,3,183,204.06
516,15,54,2,7.0,2,235,263.63
517,15,35,1,2.0,2,129,362.36
518,15,7,2,9.0,2,12,255.0
519,15,9,4,13.0,4,217,254.72
520,15,12,5,6.0,1,52,322.41
521,15,101,3,4.0,1,119,380.12
522,15,64,2,9.0,1,195,254.43
523,15,20,1,1.0,2,60,344.59
524,15,82,6,6.0,2,1,393.73
525,15,49,6,2.0,2,53,217.79
526,15,31,4,1.0,2,249,276.57
527,15,92,3,15.0,5,60,69.54
528,15,67,4,6.0,3,118,177.85
529,15,11,5,3.0,4,164,274.48
530,15,10,5,7.0,2,170,153.02
531,15,31,3,6.0,4,238,276.57
532,15,90,6,8.0,2,70,85.65
533,15,10096,2,13.0,1,150,231.12
534,15,14,2,6.0,1,105,354.1
535,15,46,2,8.0,1,68,2.86
536,15,12,2,5.0,3,212,322.41
537,16,78,1,14.0,2,84,386.82
538,16,92,2,7.0,1,132,69.54
539,16,39,3,3.0,1,8,170.58
540,16,110,4,9.0,4,64,4.35
541,16,14,2,1.0,1,213,354.1
542,16,29,2,7.0,2,96,264.58
543,16,10096,6,10.0,2,67,231.12
544,16,10,1,4.0,3,232,153.02
545,16,104,2,14.0,2,213,194.87
546,16,16,1,1.0,2,44,359.33
547,16,56,6,1.0,3,98,269.33
548,16,23,3,3.0,2,71,204.06
549,16,114,2,,1,159,392.33
550,16,83,3,15.0,2,141,19.67
551,16,12,3,7.0,2,52,322.41
552,16,103,5,13.0,2,140,105.16
553,16,49,6,9.0,2,201,217.79
554,16,117,5,7.0,2,70,132.08
555,16,41,5,15.0,1,208,77.7
556,17,68,3,4.0,5,250,31.95
557,17,32,6,9.0,1,209,360.05
558,17,95,1,4.0,2,148,245.29
559,17,103,4,14.0,2,217,105.16
560,17,31,5,12.0,1,179,276.57
561,17,76,1,6.0,1,243,327.0
562,17,19,5,14.0,2,208,153.88
563,17,64,5,8.0,3,10,254.43
564,17,30,5,9.0,1,123,349.23
565,17,118,5,3.0,1,88,102.4
566,17,118,3,3.0,2,151,102.4
567,17,19,1,14.0,2,94,153.88
568,17,48,6,7.0,4,151,77.58
569,17,39,3,3.0,1,188,170.58
570,17,102,6,11.0,4,82,332.57
571,17,10118,5,15.0,1,158,102.4
572,17,29,6,3.0,2,97,264.58
573,17,89,3,12.0,1,1,228.5
574,17,10055,5,13.0,4,248,268.55
575,17,24,5,13.0,2,248,204.05
576,17,82,5,8.0,2,37,393.73
577,17,10,2,6.0,1,43,153.02
578,17,10118,1,11.0,2,164,102.4
579,17,43,4,,2,54,40.97
580,17,9,3,2.0,1,185,254.72
581,17,50,4,3.0,1,227,191.76
582,17,113,4,7.0,1,26,268.21
583,17,101,5,11.0,2,58,380.12
584,17,10,1,6.0,1,67,153.02
585,17,10,3,7.0,4,42,153.02
586,17,71,1,10.0,2,229,273.46
587,17,4,4,3.0,2,156,118.68
588,17,21,1,4.0,3,250,307.9
589,17,90,5,12.0,1,139,85.65
590,17,37,3,1.0,1,101,374.33
591,18,108,4,6.0,2,1,167.48
592,18,38,6,8.0,1,52,323.38
593,18,27,2,2.0,1,122,25.05
594,18,40,4,15.0,2,170,162.24
595,18,83,5,6.0,1,227,19.67
596,18,24,4,8.0,1,120,204.05
597,18,108,3,3.0,1,193,167.48
598,18,13,1,13.0,2,139,350.79
599,18,97,5,1.0,1,216,99.11
600,18,67,4,11.0,1,222,177.85
601,18,74,2,2.0,4,102,345.9
602,18,92,1,15.0,3,133,69.54
603,18,87,5,13.0,2,115,267.42
604,18,22,2,3.0,1,11,182.58
605,18,88,4,14.0,1,161,52.66
606,18,77,3,12.0,1,235,11.42
607,18,12,4,9.0,2,84,322.41
608,18,67,4,1.0,3,202,177.85
609,18,76,5,2.0,2,107,327.0
610,18,73,5,2.0,1,237,352.8
611,18,100,1,14.0,1,138,320.96
612,18,113,4,11.0,3,125,268.21
613,18,61,1,7.0,2,37,327.21
614,18,88,6,7.0,2,228,52.66
615,18,89,2,8.0,3,236,228.5
616,18,48,1,13.0,1,78,77.58
617,18,108,4,11.0,1,26,167.48
618,18,30,2,12.0,4,114,349.23
619,18,42,3,10.0,2,166,186.13
620,18,57,2,7.0,1,190,184.4
621,18,67,3,9.0,2,203,177.85
622,18,40,6,3.0,1,200,162.24
623,19,25,2,4.0,1,9,381.49
624,19,118,3,5.0,2,95,102.4
625,19,65,4,2.0,2,175,38.73
626,19,48,4,3.0,1,246,77.58
627,19,76,5,3.0,3,215,327.0
628,19,96,6,1.0,3,99,231.12
629,19,110,5,4.0,1,220,4.35
630,19,29,6,11.0,1,105,264.58
631,19,111,6,,2,234,299.51
632,19,23,5,4.0,1,65,204.06
633,19,10096,3,12.0,2,165,231.12
634,19,115,4,8.0,1,65,265.87
635,19,39,6,10.0,1,102,170.58
636,19,1,5,14.0,2,215,382.97
637,19,83,5,5.0,1,176,19.67
638,19,9,3,11.0,1,84,254.72
639,19,34,6,15.0,3,167,4.86
640,19,20,5,15.0,1,15,344.59
641,19,103,5,6.0,2,175,105.16
642,19,4,6,5.0,1,67,118.68
643,19,52,4,10.0,3,182,29.05
644,19,105,2,12.0,5,57,115.72
645,19,82,4,11.0,2,92,393.73
646,19,109,2,15.0,2,143,378.53
647,19,13,4,5.0,1,186,350.79
648,19,98,2,15.0,2,86,89.1
649,19,29,3,14.0,2,79,264.58
650,19,114,3,10.0,1,76,392.33
651,19,16,4,11.0,2,150,359.33
652,19,80,1,4.0,2,129,351.06
653,19,88,4,7.0,1,14,52.66
654,19,20,2,6.0,3,105,344.59
655,19,115,4,14.0,5,184,265.87
656,19,11,4,3.0,1,81,274.48
657,19,1,4,13.0,2,199,382.97
658,19,98,2,13.0,1,200,89.1
659,19,79,4,7.0,1,110,272.45
660,19,50,1,,4,52,191.76
661,19,10055,1,13.0,2,214,268.55
662,19,3,6,,2,188,184.85
663,19,89,3,2.0,1,99,228.5
664,19,40,2,1.0,2,77,162.24
665,19,59,6,9.0,4,87,149.07
666,19,88,2,15.0,1,126,52.66
667,20,25,2,15.0,1,208,381.49
668,20,30,2,3.0,1,55,349.23
669,20,76,5,6.0,2,183,327.0
670,20,5,4,5.0,2,198,282.42
671,20,7,5,11.0,2,28,255.0
672,20,3,1,7.0,2,114,184.85
673,20,71,3,3.0,1,53,273.46
674,20,81,1,11.0,2,26,45.14
675,20,35,5,3.0,2,108,362.36
676,20,14,5,2.0,2,73,354.1
677,20,14,4,4.0,1,200,354.1
678,20,67,2,7.0,1,76,177.85
679,20,71,4,12.0,1,239,273.46
680,20,31,1,,2,23,276.57
681,20,107,5,3.0,3,244,87.15
682,20,66,1,2.0,1,232,134.76
683,20,30,4,5.0,1,68,349.23
684,20,13,2,14.0,2,75,350.79
685,20,87,3,2.0,1,25,267.42
686,20,114,1,,3,36,392.33
687,20,22,3,8.0,2,245,182.58
688,21,105,3,7.0,1,103,115.72
689,21,35,4,8.0,4,205,362.36
690,21,114,2,12.0,1,186,392.33
691,21,10096,2,15.0,1,152,231.12
692,21,73,6,10.0,2,98,352.8
693,21,79,1,15.0,2,215,272.45
694,21,115,2,8.0,2,29,265.87
695,21,57,1,11.0,3,81,184.4
696,21,112,6,12.0,1,148,89.33
697,21,29,6,9.0,2,134,264.58
698,21,80,1,12.0,2,64,351.06
699,21,85,6,3.0,2,215,173.66
700,21,115,5,11.0,2,240,265.87
701,21,109,4,14.0,1,43,378.53
702,21,63,3,5.0,1,13,114.14
703,21,71,6,14.0,2,61,273.46
704,21,57,5,14.0,1,128,184.4
705,21,16,4,1.0,1,27,359.33
706,21,5,5,14.0,1,24,282.42
707,21,10118,5,15.0,2,131,102.4
708,21,84,6,6.0,2,94,288.33
709,21,105,2,6.0,2,144,115.72
710,21,77,4,6.0,2,184,11.42
711,22,13,6,6.0,2,91,350.79
712,22,10118,3,6.0,2,180,102.4
713,22,115,2,14.0,1,184,265.87
714,22,53,1,4.0,2,49,99.99
715,22,110,4,14.0,1,201,4.35
716,22,44,1,1.0,1,238,370.69
717,22,87,5,15.0,2,116,267.42
718,22,76,5,8.0,2,2,327.0
719,22,7,5,14.0,2,150,255.0
720,22,66,2,3.0,2,188,134.76
721,22,14,4,10.0,2,226,354.1
722,22,113,4,10.0,1,235,268.21
723,22,32,3,6.0,2,249,360.05
724,22,104,2,10.0,1,180,194.87
725,22,66,3,9.0,3,221,134.76
726,22,95,5,4.0,1,54,245.29
727,22,38,6,11.0,2,34,323.38
728,22,84,2,12.0,5,164,288.33
729,22,15,3,10.0,1,147,100.16
730,22,91,4,15.0,4,216,177.83
731,22,113,4,9.0,2,28,268.21
732,22,19,1,4.0,1,69,153.88
733,22,21,3,3.0,2,215,307.9
734,23,70,1,8.0,1,27,18.65
735,23,87,6,4.0,2,191,267.42
736,23,50,2,13.0,2,205,191.76
737,23,89,6,7.0,2,100,228.5
738,23,101,6,9.0,1,14,380.12
739,23,33,2,13.0,1,221,136.56
740,23,107,2,12.0,3,182,87.15
741,23,97,5,10.0,2,51,99.11
742,23,10118,2,3.0,2,175,102.4
743,23,10118,2,2.0,1,97,102.4
744,23,36,5,3.0,1,150,112.83
745,23,1,3,15.0,2,40,382.97
746,23,119,3,13.0,1,239,399.96
747,23,108,6,13.0,2,147,167.48
748,23,10,6,4.0,2,245,153.02
749,23,9,5,9.0,1,138,254.72
750,23,45,2,11.0,1,85,193.58
751,23,38,2,10.0,1,136,323.38
752,23,72,6,,2,172,389.59
753,23,31,6,10.0,1,63,276.57
754,23,88,3,13.0,4,242,52.66
755,23,33,5,1.0,1,234,136.56
756,23,99,3,9.0,2,115,21.99
757,23,38,6,9.0,2,22,323.38
758,23,22,5,11.0,4,17,182.58
759,23,81,2,7.0,1,214,45.14
760,23,69,6,12.0,1,199,334.17
761,23,105,1,3.0,1,7,115.72
762,23,43,1,1.0,2,46,40.97
763,23,72,1,4.0,2,234,389.59
764,23,50,4,7.0,1,81,191.76
765,23,87,1,11.0,1,185,267.42
766,23,97,6,12.0,2,218,99.11
767,23,119,5,13.0,1,176,399.96
768,23,12,3,8.0,1,98,322.41
769,23,85,1,9.0,1,57,173.66
770,23,51,5,11.0,1,37,384.39
771,23,114,6,1.0,1,142,392.33
772,23,19,1,10.0,3,153,153.88
773,23,71,1,12.0,1,190,273.46
774,23,45,2,11.0,3,218,193.58
775,23,21,2,14.0,2,65,307.9
776,23,24,6,14.0,1,14,204.05
777,23,120,5,9.0,3,19,18.02
778,23,9,3,12.0,1,149,254.72
779,23,43,3,11.0,2,61,40.97
780,23,80,1,6.0,1,125,351.06
781,24,79,6,10.0,2,40,272.45
782,24,47,3,3.0,2,2,279.24
783,24,101,2,11.0,1,112,380.12
784,24,47,2,6.0,1,225,279.24
785,24,58,3,8.0,2,142,86.84
786,24,83,5,5.0,1,220,19.67
787,24,115,5,12.0,2,227,265.87
788,24,94,1,14.0,2,130,323.01
789,24,105,5,13.0,2,152,115.72
790,24,5,5,15.0,1,139,282.42
791,24,100,2,4.0,2,229,320.96
792,24,94,3,9.0,2,131,323.01
793,24,47,5,,1,62,279.24
794,24,104,5,13.0,2,132,194.87
795,24,21,2,10.0,1,169,307.9
796,24,19,6,6.0,3,11,153.88
797,24,63,2,6.0,1,60,114.14
798,24,27,5,6.0,1,100,25.05
799,24,59,1,,2,167,149.07
800,24,91,5,5.0,1,214,177.83
801,24,75,5,7.0,2,168,45.02
802,24,76,6,2.0,1,133,327.0
803,24,117,2,6.0,1,210,132.08
804,24,63,4,1.0,3,129,114.14
805,24,57,2,9.0,3,165,184.4
806,24,20,2,10.0,1,184,344.59
807,24,85,2,6.0,2,185,173.66
808,24,87,4,10.0,1,42,267.42
809,24,53,1,3.0,2,147,99.99
810,24,18,6,15.0,2,147,65.67
811,24,22,3,9.0,1,246,182.58
812,24,73,6,,1,185,352.8
813,24,106,3,4.0,2,115,57.07
814,24,61,4,14.0,2,106,327.21
815,24,102,5,3.0,2,160,332.57
816,24,34,2,6.0,2,237,4.86
817,24,76,1,7.0,2,34,327.0
818,24,26,5,9.0,1,176,196.47
819,24,20,5,8.0,1,231,344.59
820,24,5,5,2.0,2,24,282.42
821,25,106,1,13.0,2,174,57.07
822,25,67,4,1.0,2,179,177.85
823,25,30,4,7.0,2,90,349.23
824,25,95,6,7.0,2,35,245.29
825,25,99,2,2.0,1,73,21.99
826,25,70,4,1.0,2,182,18.65
827,25,1,5,9.0,2,2,382.97
828,25,27,6,7.0,1,93,25.05
829,25,55,6,5.0,1,219,268.55
830,25,73,3,11.0,2,102,352.8
831,25,53,5,8.0,2,46,99.99
832,25,72,4,5.0,1,148,389.59
833,25,91,4,14.0,1,222,177.83
834,25,96,2,12.0,2,244,231.12
835,25,28,5,6.0,1,206,195.42
836,25,90,6,3.0,2,100,85.65
837,25,1,1,8.0,4,238,382.97
838,25,12,1,6.0,2,21,322.41
839,25,93,4,7.0,2,158,39.17
840,25,37,6,1.0,2,243,374.33
841,25,23,6,1.0,2,52,204.06
842,25,120,5,1.0,3,201,18.02
843,25,67,6,3.0,2,173,177.85
844,25,31,6,,1,41,276.57
845,25,36,4,7.0,1,104,112.83
846,25,67,1,2.0,2,236,177.85
847,25,37,6,15.0,1,150,374.33
848,25,10118,3,4.0,1,117,102.4
849,25,74,1,7.0,3,130,345.9
850,25,10,5,2.0,1,206,153.02
851,26,33,5,10.0,2,65,136.56
852,26,10118,4,13.0,2,63,102.4
853,26,10118,4,15.0,2,151,102.4
854,26,62,1,7.0,3,163,107.26
855,26,29,6,13.0,2,81,264.58
856,26,46,5,12.0,1,214,2.86
857,26,37,1,12.0,1,211,374.33
858,26,71,2,6.0,1,56,273.46
859,26,35,2,11.0,3,239,362.36
860,26,64,6,12.0,3,62,254.43
861,26,27,2,4.0,3,215,25.05
862,26,20,1,2.0,2,174,344.59
863,26,64,5,,4,220,254.43
864,26,6,4,6.0,2,127,342.42
865,26,113,5,8.0,3,47,268.21
866,26,118,5,4.0,5,193,102.4
867,26,7,5,8.0,2,241,255.0
868,26,65,3,11.0,2,199,38.73
869,26,16,6,6.0,1,177,359.33
870,26,87,2,2.0,1,84,267.42
871,26,111,3,5.0,1,61,299.51
872,26,10060,5,3.0,1,128,393.57
873,26,54,6,6.0,1,219,263.63
874,26,58,2,10.0,1,176,86.84
875,26,13,6,4.0,1,143,350.79
876,26,49,2,12.0,1,39,217.79
877,26,2,2,3.0,2,229,144.87
878,26,67,5,13.0,2,125,177.85
879,26,72,5,2.0,1,177,389.59
880,26,28,3,11.0,1,25,195.42
881,26,43,3,9.0,1,143,40.97
882,26,33,3,,4,32,136.56
883,26,87,5,10.0,1,167,267.42
884,26,23,3,11.0,2,131,204.06
885,26,95,4,7.0,2,158,245.29
886,27,22,6,6.0,1,108,182.58
887,27,74,4,2.0,2,21,345.9
888,27,30,3,5.0,1,182,349.23
889,27,83,4,8.0,1,200,19.67
890,27,47,6,8.0,3,106,279.24
891,27,110,1,4.0,1,170,4.35
892,27,96,6,4.0,1,43,231.12
893,27,13,1,8.0,1,141,350.79
894,27,99,4,2.0,1,27,21.99
895,27,20,1,15.0,1,100,344.59
896,27,32,6,11.0,1,33,360.05
897,27,108,2,,1,170,167.48
898,27,118,3,8.0,1,250,102.4
899,27,120,3,3.0,3,249,18.02
900,27,70,2,8.0,4,162,18.65
901,27,113,5,11.0,2,164,268.21
902,27,117,3,4.0,2,207,132.08
903,27,40,3,3.0,1,78,162.24
904,27,67,2,8.0,1,137,177.85
905,27,119,4,8.0,1,77,399.96
906,27,56,3,13.0,1,2,269.33
907,27,25,4,7.0,2,102,381.49
908,27,92,6,14.0,1,97,69.54
909,27,11,4,9.0,1,196,274.48
910,27,79,6,5.0,2,167,272.45
911,27,104,3,14.0,2,18,194.87
912,27,38,1,10.0,1,116,323.38
913,27,80,4,1.0,1,39,351.06
914,27,69,1,2.0,1,73,334.17
915,27,92,4,4.0,1,24,69.54
916,27,64,2,5.0,1,202,254.43
917,27,48,4,1.0,2,85,77.58
918,28,97,2,13.0,1,101,99.11
919,28,61,2,14.0,1,65,327.21
920,28,107,1,13.0,2,183,87.15
921,28,99,4,1.0,1,51,21.99
922,28,99,1,4.0,2,122,21.99
923,28,10118,3,3.0,1,162,102.4
924,28,96,5,5.0,2,124,231.12
925,28,26,3,14.0,2,171,196.47
926,28,15,2,6.0,1,4,100.16
927,28,36,5,13.0,1,63,112.83
928,28,6,5,8.0,1,177,342.42
929,28,48,1,8.0,2,24,77.58
930,28,44,6,6.0,2,166,370.69
931,28,69,1,4.0,1,82,334.17
932,28,101,6,13.0,5,229,380.12
933,28,25,1,6.0,1,186,381.49
934,28,116,1,8.0,1,144,74.33
935,28,90,4,3.0,1,140,85.65
936,28,94,4,14.0,1,154,323.01
937,28,71,2,3.0,3,116,273.46
938,28,34,5,1.0,1,199,4.86
939,28,49,6,1.0,2,159,217.79
940,28,100,5,12.0,3,17,320.96
941,28,69,4,11.0,2,128,334.17
942,28,20,5,7.0,2,165,344.59
943,28,13,5,1.0,1,214,350.79
944,28,23,1,8.0,4,50,204.06
945,28,74,6,11.0,1,126,345.9
946,28,90,5,6.0,2,57,85.65
947,28,10,1,4.0,2,168,153.02
948,28,114,1,11.0,2,16,392.33
949,28,96,4,13.0,1,182,231.12
950,28,79,3,12.0,1,19,272.45
951,28,10,2,2.0,2,26,153.02
952,28,69,4,9.0,2,169,334.17
953,28,81,2,9.0,1,107,45.14
954,28,99,6,11.0,2,118,21.99
955,28,55,1,3.0,2,141,268.55
956,28,44,6,10.0,1,114,370.69
957,28,116,3,6.0,4,217,74.33
958,28,98,6,12.0,1,83,89.1
959,28,73,5,13.0,2,141,352.8
960,28,33,3,8.0,3,246,136.56
961,28,93,1,10.0,1,5,39.17
962,28,114,3,,2,57,392.33
963,28,41,1,12.0,1,211,77.7
964,29,119,5,1.0,2,118,399.96
965,29,18,3,10.0,1,64,65.67
966,29,104,3,7.0,1,146,194.87
967,29,94,1,13.0,3,124,323.01
968,29,106,6,14.0,1,233,57.07
969,29,83,3,,1,207,19.67
970,29,11,1,6.0,2,90,274.48
971,29,56,4,2.0,3,223,269.33
972,29,96,6,15.0,2,3,231.12
973,29,81,4,9.0,2,11,45.14
974,29,73,2,12.0,1,57,352.8
975,29,87,6,8.0,1,193,267.42
976,29,65,1,5.0,2,202,38.73
977,29,17,3,10.0,1,191,198.42
978,29,52,3,9.0,1,112,29.05
979,29,17,2,4.0,2,125,198.42
980,29,74,2,12.0,1,135,345.9
981,29,10,3,6.0,1,176,153.02
982,29,12,1,7.0,3,94,322.41
983,29,42,3,1.0,1,198,186.13
984,29,45,5,13.0,1,114,193.58
985,29,57,1,4.0,2,52,184.4
986,29,20,6,2.0,2,190,344.59
987,29,10055,5,14.0,1,214,268.55
988,29,2,3,2.0,2,79,144.87
989,29,3,3,9.0,2,55,184.85
990,29,67,3,10.0,1,187,177.85
991,29,89,6,7.0,5,150,228.5
992,29,68,1,1.0,3,73,31.95
993,29,90,5,8.0,1,168,85.65
994,29,9,4,11.0,4,219,254.72
995,29,47,1,,3,223,279.24
996,29,50,2,9.0,3,182,191.76
997,30,41,4,9.0,1,23,77.7
998,30,65,4,12.0,1,6,38.73
999,30,119,5,8.0,1,101,399.96
1000,30,3,3,6.0,2,161,184.85
1001,30,65,3,11.0,1,66,38.73
1002,30,114,1,5.0,3,58,392.33
1003,30,115,4,2.0,1,187,265.87
1004,30,10060,6,11.0,1,176,393.57
1005,30,31,5,5.0,1,233,276.57
1006,30,58,5,11.0,2,36,86.84
1007,30,88,2,5.0,2,177,52.66
1008,30,68,2,15.0,2,250,31.95
1009,30,84,5,6.0,2,18,288.33
1010,30,10055,6,6.0,2,215,268.55
1011,30,94,1,15.0,3,250,323.01
1012,30,53,3,15.0,1,211,99.99
1013,30,120,6,13.0,3,49,18.02
1014,30,24,1,10.0,1,158,204.05
1015,30,73,5,4.0,1,60,352.8
1016,30,46,1,8.0,2,35,2.86
1017,30,78,4,6.0,2,48,386.82
1018,30,63,4,4.0,3,58,114.14
1019,30,98,1,7.0,1,57,89.1
1020,30,26,2,15.0,2,245,196.47
1021,30,111,5,6.0,5,222,299.51
1022,30,32,4,1.0,2,156,360.05
1023,30,49,6,10.0,2,241,217.79
1024,30,77,5,15.0,2,181,11.42
1025,30,67,1,14.0,2,225,177.85
1026,30,32,5,12.0,1,11,360.05
1027,30,67,6,4.0,2,75,177.85
1028,30,114,3,5.0,1,119,392.33
1029,30,38,5,12.0,1,133,323.38
1030,30,60,6,12.0,3,129,393.57
1031,30,100,5,12.0,1,140,320.96
1032,30,53,3,3.0,1,117,99.99
1033,30,92,2,2.0,2,65,69.54
1034,30,84,6,12.0,1,188,288.33
1035,30,15,6,6.0,1,22,100.16
1036,30,50,6,9.0,2,157,191.76
1037,30,49,5,13.0,4,44,217.79
1038,30,73,6,3.0,3,223,352.8
1039,30,99,6,5.0,1,80,21.99
1040,30,10118,4,3.0,2,31,102.4
1041,30,10060,2,,3,196,393.57
1042,31,70,1,8.0,3,61,18.65
1043,31,85,4,8.0,1,21,173.66
1044,31,1,2,5.0,2,159,382.97
1045,31,105,2,3.0,2,15,115.72
1046,31,5,2,11.0,2,148,282.42
1047,31,39,3,1.0,2,28,170.58
1048,31,23,2,10.0,1,170,204.06
1049,31,77,5,3.0,2,248,11.42
1050,31,75,3,2.0,2,197,45.02
1051,31,48,4,13.0,1,110,77.58
1052,31,9,3,2.0,2,178,254.72
1053,31,43,5,4.0,3,179,40.97
1054,31,8,1,11.0,1,136,268.73
1055,31,62,6,15.0,5,202,107.26
1056,31,37,4,6.0,5,67,374.33
1057,31,80,3,10.0,2,145,351.06
1058,31,94,6,13.0,2,47,323.01
1059,31,30,6,4.0,3,1,349.23
1060,31,60,6,12.0,1,218,393.57
1061,31,79,4,6.0,1,90,272.45
1062,31,82,2,,2,52,393.73
1063,31,33,1,9.0,2,141,136.56
1064,31,1,1,6.0,1,102,382.97
1065,31,79,1,4.0,2,85,272.45
1066,31,119,6,8.0,2,205,399.96
1067,31,18,4,8.0,1,229,65.67
1068,31,115,3,14.0,3,106,265.87
1069,31,8,5,12.0,3,174,268.73
1070,31,69,1,11.0,1,85,334.17
1071,31,114,3,3.0,2,72,392.33
1072,31,44,4,14.0,2,43,370.69
1073,31,50,2,14.0,2,201,191.76
1074,31,91,3,5.0,2,106,177.83
1075,31,113,2,14.0,1,244,268.21
1076,32,68,3,6.0,1,201,31.95
1077,32,26,1,1.0,1,205,196.47
1078,32,65,2,15.0,2,124,38.73
1079,32,68,3,3.0,2,197,31.95
1080,32,106,5,3.0,3,53,57.07
1081,32,59,4,9.0,2,30,149.07
1082,32,120,1,10.0,1,224,18.02
1083,32,60,1,13.0,1,169,393.57
1084,32,3,5,11.0,2,229,184.85
1085,32,26,2,9.0,1,82,196.47
1086,32,86,1,3.0,2,71,266.03
1087,32,10060,5,2.0,1,53,393.57
1088,32,71,3,12.0,2,206,273.46
1089,32,32,2,10.0,1,229,360.05
1090,32,57,1,8.0,1,232,184.4
1091,32,14,4,7.0,2,101,354.1
1092,32,77,5,12.0,1,180,11.42
1093,32,46,3,4.0,1,183,2.86
1094,32,104,5,15.0,2,194,194.87
1095,32,73,2,13.0,2,236,352.8
1096,32,13,4,11.0,2,182,350.79
1097,32,61,2,3.0,2,221,327.21
1098,32,34,3,12.0,3,235,4.86
1099,32,101,3,1.0,2,17,380.12
1100,32,45,4,3.0,2,73,193.58
1101,32,78,5,2.0,2,104,386.82
1102,32,102,1,11.0,2,19,332.57
1103,32,69,4,7.0,2,62,334.17
1104,32,71,2,7.0,2,17,273.46
1105,32,105,6,13.0,1,112,115.72
1106,32,44,5,3.0,2,170,370.69
1107,32,95,6,8.0,2,30,245.29
1108,32,60,3,14.0,2,114,393.57
1109,32,10060,4,2.0,1,176,393.57
1110,32,99,4,11.0,2,170,21.99
1111,32,28,2,15.0,1,194,195.42
1112,32,1,2,8.0,2,137,382.97
1113,32,79,5,4.0,1,175,272.45
1114,32,39,5,11.0,3,78,170.58
1115,32,120,4,15.0,3,89,18.02
1116,32,75,1,9.0,5,104,45.02
1117,32,110,3,15.0,2,141,4.35
1118,32,1,6,6.0,4,29,382.97
1119,33,90,5,6.0,1,183,85.65
1120,33,49,4,11.0,1,45,217.79
1121,33,25,5,15.0,2,93,381.49
1122,33,20,3,11.0,2,33,344.59
1123,33,10,6,,1,185,153.02
1124,33,85,4,3.0,3,22,173.66
1125,33,104,4,15.0,1,202,194.87
1126,33,120,4,8.0,2,131,18.02
1127,33,105,4,4.0,1,48,115.72
1128,33,1,5,12.0,1,61,382.97
1129,33,35,4,10.0,2,94,362.36
1130,33,5,5,6.0,1,29,282.42
1131,33,10118,6,12.0,2,188,102.4
1132,33,110,3,2.0,2,134,4.35
1133,33,12,2,12.0,3,170,322.41
1134,33,10,6,13.0,4,149,153.02
1135,33,7,3,1.0,1,121,255.0
1136,33,116,4,6.0,2,108,74.33
1137,33,103,3,1.0,1,178,105.16
1138,33,96,3,10.0,3,67,231.12
1139,33,61,5,1.0,1,169,327.21
1140,33,104,6,5.0,5,125,194.87
1141,33,65,1,5.0,1,65,38.73
1142,33,36,3,1.0,1,190,112.83
1143,33,23,5,11.0,1,115,204.06
1144,33,23,3,4.0,1,125,204.06
1145,33,68,1,2.0,1,248,31.95
1146,33,120,2,13.0,1,106,18.02
1147,33,31,6,11.0,2,43,276.57
1148,33,94,3,5.0,1,194,323.01
1149,33,7,2,8.0,2,78,255.0
1150,33,10055,5,11.0,2,181,268.55
1151,33,34,2,7.0,1,4,4.86
1152,33,103,4,6.0,1,247,105.16
1153,33,10060,1,9.0,2,164,393.57
1154,33,109,4,11.0,1,220,378.53
1155,33,35,3,5.0,1,168,362.36
1156,33,60,6,12.0,2,173,393.57
1157,33,25,5,12.0,2,47,381.49
1158,33,2,6,,1,18,144.87
1159,33,13,5,8.0,1,90,350.79
1160,33,37,3,1.0,1,159,374.33
1161,33,10096,5,14.0,1,56,231.12
1162,33,82,1,2.0,4,23,393.73
1163,33,17,4,15.0,3,166,198.42
1164,34,10118,2,12.0,2,48,102.4
1165,34,60,6,11.0,1,117,393.57
1166,34,36,4,11.0,3,198,112.83
1167,34,33,2,5.0,2,199,136.56
1168,34,50,3,5.0,1,245,191.76
1169,34,23,4,15.0,2,52,204.06
1170,34,23,6,3.0,2,139,204.06
1171,34,28,5,15.0,2,114,195.42
1172,34,14,1,10.0,2,187,354.1
1173,34,58,1,3.0,1,168,86.84
1174,34,120,1,5.0,2,39,18.02
1175,34,116,4,9.0,2,182,74.33
1176,34,63,4,14.0,4,187,114.14
1177,34,101,1,1.0,2,99,380.12
1178,34,105,4,9.0,4,240,115.72
1179,34,43,6,1.0,5,162,40.97
1180,34,83,1,14.0,5,246,19.67
1181,34,108,4,5.0,1,166,167.48
1182,34,71,1,11.0,1,49,273.46
1183,34,50,1,6.0,1,125,191.76
1184,34,81,4,3.0,1,10,45.14
1185,34,93,5,7.0,1,17,39.17
1186,35,10118,4,1.0,2,10,102.4
1187,35,44,6,2.0,1,55,370.69
1188,35,86,5,11.0,2,223,266.03
1189,35,20,6,15.0,3,19,344.59
1190,35,19,4,8.0,1,233,153.88
1191,35,6,2,3.0,3,4,342.42
1192,35,7,3,2.0,1,117,255.0
1193,35,107,5,14.0,2,28,87.15
1194,35,77,5,13.0,1,52,11.42
1195,35,104,6,6.0,1,31,194.87
1196,35,74,5,14.0,4,247,345.9
1197,35,98,1,6.0,2,17,89.1
1198,35,19,4,6.0,1,142,153.88
1199,35,32,5,2.0,1,203,360.05
1200,35,79,4,1.0,2,226,272.45
1201,35,1,1,2.0,2,181,382.97
1202,35,114,3,13.0,2,203,392.33
1203,35,89,2,11.0,2,70,228.5
1204,35,53,2,10.0,2,178,99.99
1205,35,24,6,2.0,1,161,204.05
1206,35,39,3,9.0,2,61,170.58
1207,35,68,1,14.0,1,195,31.95
1208,35,65,2,11.0,5,169,38.73
1209,35,7,2,3.0,1,176,255.0
1210,35,117,4,3.0,2,172,132.08
1211,35,7,6,4.0,3,112,255.0
1212,35,79,4,12.0,1,14,272.45
1213,35,23,2,8.0,3,132,204.06
1214,35,115,2,10.0,1,149,265.87
1215,35,26,6,6.0,1,59,196.47
1216,35,42,2,12.0,2,106,186.13
1217,35,49,2,10.0,3,125,217.79
1218,35,56,2,10.0,1,117,269.33
1219,35,48,2,4.0,1,162,77.58
1220,35,35,2,1.0,1,178,362.36
1221,35,36,2,8.0,2,118,112.83
1222,35,98,3,5.0,1,155,89.1
1223,35,102,6,15.0,1,44,332.57
1224,36,71,2,14.0,2,134,273.46
1225,36,28,5,8.0,2,72,195.42
1226,36,55,6,4.0,1,84,268.55
1227,36,29,5,15.0,1,147,264.58
1228,36,54,1,8.0,3,188,263.63
1229,36,5,4,8.0,2,208,282.42
1230,36,106,1,4.0,2,22,57.07
1231,36,2,6,4.0,2,34,144.87
1232,36,31,6,1.0,1,123,276.57
1233,36,21,6,10.0,2,192,307.9
1234,36,59,4,14.0,2,181,149.07
1235,36,102,3,12.0,1,163,332.57
1236,36,81,1,12.0,1,86,45.14
1237,36,38,4,12.0,2,243,323.38
1238,36,74,2,2.0,2,159,345.9
1239,36,95,1,15.0,3,173,245.29
1240,36,7,1,8.0,1,159,255.0
1241,36,47,2,12.0,1,18,279.24
1242,36,100,2,6.0,2,62,320.96
1243,36,84,4,13.0,2,149,288.33
1244,36,90,2,13.0,3,58,85.65
1245,36,115,3,7.0,1,71,265.87
1246,36,48,3,9.0,1,135,77.58
1247,37,106,5,8.0,2,159,57.07
1248,37,87,6,15.0,1,17,267.42
1249,37,114,4,7.0,1,230,392.33
1250,37,10060,1,5.0,1,29,393.57
1251,37,64,2,9.0,2,244,254.43
1252,37,38,4,9.0,2,239,323.38
1253,37,45,4,11.0,1,6,193.58
1254,37,9,1,4.0,1,214,254.72
1255,37,83,3,6.0,4,168,19.67
1256,37,42,4,12.0,2,136,186.13
1257,37,57,4,3.0,2,230,184.4
1258,37,22,3,6.0,2,249,182.58
1259,37,109,1,5.0,1,117,378.53
1260,37,80,2,5.0,4,47,351.06
1261,37,108,6,11.0,4,204,167.48
1262,37,31,1,6.0,1,148,276.57
1263,37,34,3,9.0,1,182,4.86
1264,37,41,3,8.0,1,139,77.7
1265,37,69,3,1.0,4,104,334.17
1266,37,99,2,15.0,4,82,21.99
1267,37,95,5,6.0,1,166,245.29
1268,37,61,3,13.0,2,147,327.21
1269,37,103,5,15.0,2,114,105.16
1270,37,15,6,1.0,1,36,100.16
1271,37,15,3,,2,159,100.16
1272,37,58,3,1.0,2,156,86.84
1273,37,75,5,15.0,2,197,45.02
1274,37,3,1,8.0,1,174,184.85
1275,37,12,5,8.0,2,82,322.41
1276,37,66,1,6.0,2,102,134.76
1277,37,110,4,6.0,1,4,4.35
1278,37,45,3,14.0,1,144,193.58
1279,37,94,4,7.0,1,206,323.01
1280,37,21,6,7.0,1,187,307.9
1281,37,18,5,3.0,3,54,65.67
1282,37,112,5,2.0,1,239,89.33
1283,37,97,4,7.0,4,164,99.11
1284,37,54,2,12.0,3,146,263.63
1285,37,18,2,7.0,2,75,65.67
1286,38,6,3,5.0,2,127,342.42
1287,38,60,2,,2,1,393.57
1288,38,39,6,8.0,1,32,170.58
1289,38,115,3,8.0,2,233,265.87
1290,38,32,1,5.0,2,127,360.05
1291,38,9,5,10.0,5,124,254.72
1292,38,112,3,8.0,2,250,89.33
1293,38,16,3,10.0,2,5,359.33
1294,38,21,5,6.0,2,119,307.9
1295,38,18,3,5.0,3,93,65.67
1296,38,117,3,5.0,1,136,132.08
1297,38,10,5,11.0,2,47,153.02
1298,38,77,2,14.0,2,81,11.42
1299,38,88,3,12.0,2,177,52.66
1300,38,69,5,3.0,1,4,334.17
1301,38,37,3,7.0,1,88,374.33
1302,38,21,1,9.0,3,57,307.9
1303,38,102,5,14.0,2,244,332.57
1304,38,69,6,13.0,2,206,334.17
1305,38,59,1,3.0,1,237,149.07
1306,38,45,3,3.0,1,210,193.58
1307,38,77,5,6.0,1,45,11.42
1308,38,4,6,4.0,2,33,118.68
1309,38,19,6,3.0,3,54,153.88
1310,38,11,4,13.0,1,29,274.48
1311,38,100,4,1.0,1,51,320.96
1312,38,102,6,1.0,1,121,332.57
1313,39,86,1,13.0,1,32,266.03
1314,39,27,5,3.0,3,172,25.05
1315,39,12,2,5.0,1,243,322.41
1316,39,46,2,13.0,2,187,2.86
1317,39,65,5,14.0,2,149,38.73
1318,39,68,2,5.0,2,44,31.95
1319,39,69,1,2.0,3,237,334.17
1320,39,65,6,12.0,1,151,38.73
1321,39,87,1,6.0,1,98,267.42
1322,39,66,2,13.0,1,81,134.76
1323,39,15,5,13.0,1,93,100.16
1324,39,72,6,6.0,2,127,389.59
1325,39,37,4,5.0,1,176,374.33
1326,39,57,2,5.0,4,219,184.4
1327,39,110,1,13.0,1,122,4.35
1328,39,48,2,,4,173,77.58
1329,39,14,4,11.0,2,174,354.1
1330,39,19,4,10.0,1,27,153.88
1331,39,115,2,4.0,2,87,265.87
1332,39,109,4,14.0,1,109,378.53
1333,39,36,6,10.0,2,70,112.83
1334,39,103,6,6.0,2,122,105.16
1335,39,10055,4,9.0,2,72,268.55
1336,39,59,1,8.0,1,128,149.07
1337,39,10096,2,,1,189,231.12
1338,39,9,4,3.0,1,98,254.72
1339,39,42,2,10.0,2,25,186.13
1340,39,85,5,13.0,2,120,173.66
1341,39,85,4,5.0,1,139,173.66
1342,39,111,5,13.0,1,9,299.51
1343,39,113,1,6.0,5,219,268.21
1344,39,59,1,,1,143,149.07
1345,39,100,3,3.0,2,126,320.96
1346,39,40,6,13.0,1,29,162.24
1347,39,63,6,9.0,2,147,114.14
1348,39,72,2,7.0,2,68,389.59
1349,39,49,5,13.0,2,73,217.79
1350,39,4,5,14.0,1,94,118.68
1351,39,95,5,,1,229,245.29
1352,40,49,1,6.0,2,106,217.79
1353,40,85,2,11.0,1,80,173.66
1354,40,117,6,5.0,2,30,132.08
1355,40,3,5,8.0,1,169,184.85
1356,40,73,5,5.0,3,6,352.8
1357,40,76,1,7.0,2,147,327.0
1358,40,74,1,2.0,1,177,345.9
1359,40,44,4,13.0,2,171,370.69
1360,40,79,3,7.0,1,52,272.45
1361,40,109,1,9.0,2,55,378.53
1362,40,7,3,7.0,1,206,255.0
1363,40,96,1,10.0,1,25,231.12
1364,40,35,1,9.0,2,122,362.36
1365,40,45,1,5.0,1,130,193.58
1366,40,56,6,4.0,2,107,269.33
1367,40,80,5,13.0,1,141,351.06
1368,40,3,6,14.0,1,48,184.85
1369,40,28,6,12.0,2,241,195.42
1370,40,120,6,10.0,2,219,18.02
1371,40,56,5,1.0,2,134,269.33
1372,40,60,2,12.0,1,176,393.57
1373,40,109,4,14.0,2,213,378.53
1374,40,82,2,5.0,3,211,393.73
1375,40,21,3,4.0,1,104,307.9
1376,40,20,2,,1,205,344.59
1377,40,60,4,7.0,2,109,393.57
1378,40,5,2,3.0,2,8,282.42
1379,40,103,3,3.0,1,165,105.16
1380,40,10118,6,1.0,3,15,102.4
1381,40,11,3,14.0,3,17,274.48
1382,40,53,3,15.0,3,24,99.99
1383,40,108,6,4.0,1,29,167.48
1384,40,65,1,14.0,2,149,38.73
1385,40,120,5,15.0,4,24,18.02
1386,40,16,3,10.0,1,189,359.33
1387,40,96,6,7.0,1,56,231.12
1388,40,23,2,8.0,1,105,204.06
1389,40,76,1,6.0,1,180,327.0
1390,40,41,5,11.0,4,64,77.7
1391,41,47,4,14.0,4,79,279.24
1392,41,10118,5,,1,190,102.4
1393,41,10096,1,13.0,2,172,231.12
1394,41,71,4,12.0,1,93,273.46
1395,41,88,1,4.0,3,220,52.66
1396,41,2,4,15.0,1,66,144.87
1397,41,120,2,14.0,1,228,18.02
1398,41,57,6,13.0,1,197,184.4
1399,41,102,1,2.0,2,211,332.57
1400,41,63,4,15.0,2,216,114.14
1401,41,55,1,12.0,1,67,268.55
1402,41,46,4,14.0,2,141,2.86
1403,41,59,6,,2,14,149.07
1404,41,24,6,11.0,2,35,204.05
1405,41,26,6,10.0,1,22,196.47
1406,41,32,5,13.0,1,213,360.05
1407,41,17,5,13.0,2,241,198.42
1408,41,62,6,3.0,1,176,107.26
1409,41,42,3,7.0,2,95,186.13
1410,41,113,4,15.0,1,147,268.21
1411,41,10055,1,11.0,1,157,268.55
1412,41,117,1,4.0,2,68,132.08
1413,41,22,1,7.0,2,154,182.58
1414,41,12,3,10.0,1,31,322.41
1415,41,68,4,15.0,1,117,31.95
1416,41,64,1,4.0,2,49,254.43
1417,41,105,3,8.0,4,98,115.72
1418,41,110,2,14.0,1,73,4.35
1419,41,25,4,13.0,2,38,381.49
1420,41,34,2,15.0,1,64,4.86
1421,41,88,6,1.0,1,121,52.66
1422,41,42,6,4.0,1,183,186.13
1423,41,55,6,2.0,1,25,268.55
1424,41,7,3,8.0,2,233,255.0
1425,41,78,6,10.0,1,182,386.82
1426,41,6,1,10.0,2,98,342.42
1427,41,51,6,15.0,1,144,384.39
1428,41,23,3,8.0,1,239,204.06
1429,41,60,2,12.0,1,136,393.57
1430,41,34,1,3.0,1,128,4.86
1431,41,107,3,15.0,3,111,87.15
1432,41,113,3,13.0,1,238,268.21
1433,41,41,4,6.0,1,189,77.7
1434,41,98,2,15.0,5,169,89.1
1435,41,57,1,1.0,2,59,184.4
1436,41,61,3,8.0,1,112,327.21
1437,41,115,4,6.0,1,182,265.87
1438,41,59,4,12.0,2,222,149.07
1439,41,45,1,5.0,1,47,193.58
1440,41,96,5,10.0,2,229,231.12
1441,41,28,5,1.0,2,135,195.42
1442,42,24,4,4.0,2,197,204.05
1443,42,13,3,,2,175,350.79
1444,42,16,4,15.0,5,244,359.33
1445,42,42,2,,1,118,186.13
1446,42,85,4,5.0,2,153,173.66
1447,42,43,1,8.0,2,84,40.97
1448,42,94,5,14.0,4,13,323.01
1449,42,37,3,12.0,2,19,374.33
1450,42,78,4,5.0,2,46,386.82
1451,42,99,4,14.0,1,54,21.99
1452,42,100,4,13.0,1,245,320.96
1453,42,16,3,7.0,2,189,359.33
1454,42,40,6,6.0,2,171,162.24
1455,42,48,5,8.0,1,227,77.58
1456,42,35,5,2.0,1,194,362.36
1457,42,48,5,11.0,1,110,77.58
1458,42,66,3,11.0,1,58,134.76
1459,42,92,2,9.0,2,162,69.54
1460,42,11,3,2.0,2,233,274.48
1461,42,39,2,11.0,2,232,170.58
1462,42,32,5,10.0,1,13,360.05
1463,42,118,1,9.0,2,109,102.4
1464,42,60,6,14.0,1,65,393.57
1465,42,75,1,1.0,1,30,45.02
1466,42,60,2,14.0,2,101,393.57
1467,42,54,6,10.0,1,186,263.63
1468,42,86,4,5.0,2,88,266.03
1469,42,112,2,2.0,4,192,89.33
1470,42,34,6,9.0,5,5,4.86
1471,42,15,1,8.0,1,118,100.16
1472,42,112,6,10.0,2,186,89.33
1473,43,47,6,12.0,4,173,279.24
1474,43,39,1,1.0,1,49,170.58
1475,43,3,6,14.0,1,7,184.85
1476,43,84,2,7.0,1,216,288.33
1477,43,102,5,5.0,2,198,332.57
1478,43,61,4,,2,43,327.21
1479,43,95,6,8.0,3,121,245.29
1480,43,58,5,5.0,1,146,86.84
1481,43,51,1,2.0,2,162,384.39
1482,43,56,4,12.0,2,149,269.33
1483,43,71,3,,2,103,273.46
1484,43,76,6,11.0,2,232,327.0
1485,43,63,2,9.0,2,5,114.14
1486,43,41,5,15.0,1,166,77.7
1487,43,61,1,11.0,1,89,327.21
1488,43,56,1,12.0,1,50,269.33
1489,43,57,2,10.0,2,233,184.4
1490,43,118,5,12.0,2,169,102.4
1491,43,114,3,7.0,2,246,392.33
1492,43,10096,6,6.0,1,204,231.12
1493,43,109,2,5.0,2,177,378.53
1494,43,86,4,4.0,2,41,266.03
1495,43,13,4,8.0,2,78,350.79
1496,44,72,1,6.0,1,226,389.59
1497,44,87,2,14.0,1,229,267.42
1498,44,104,1,2.0,2,159,194.87
1499,44,72,2,6.0,1,201,389.59
1500,44,6,5,3.0,1,219,342.42
1501,44,66,5,12.0,2,13,134.76
1502,44,57,4,13.0,3,29,184.4
1503,44,101,5,14.0,4,243,380.12
1504,44,72,1,3.0,1,162,389.59
1505,44,27,3,5.0,1,182,25.05
1506,44,65,4,2.0,1,40,38.73
1507,44,43,2,4.0,2,113,40.97
1508,44,99,1,13.0,4,122,21.99
1509,44,65,2,6.0,1,184,38.73
1510,44,47,6,3.0,2,193,279.24
1511,44,54,2,7.0,2,106,263.63
1512,44,115,4,9.0,3,204,265.87
1513,44,10096,1,13.0,2,3,231.12
1514,44,67,1,6.0,2,103,177.85
1515,44,22,4,13.0,5,10,182.58
1516,44,83,2,1.0,2,162,19.67
1517,44,103,6,5.0,5,108,105.16
1518,44,88,6,5.0,1,185,52.66
1519,44,117,3,,2,72,132.08
1520,44,79,2,8.0,3,165,272.45
1521,44,70,5,11.0,1,114,18.65
1522,44,114,6,4.0,2,226,392.33
1523,44,5,5,12.0,1,185,282.42
1524,44,17,5,5.0,2,55,198.42
1525,44,71,3,13.0,1,163,273.46
1526,44,4,5,4.0,1,214,118.68
1527,44,93,4,2.0,2,188,39.17
1528,44,48,3,6.0,1,32,77.58
1529,44,84,1,10.0,1,189,288.33
1530,44,44,2,10.0,1,145,370.69
1531,45,109,5,5.0,2,73,378.53
1532,45,105,6,3.0,2,183,115.72
1533,45,95,2,9.0,1,150,245.29
1534,45,100,3,3.0,1,183,320.96
1535,45,53,1,7.0,1,228,99.99
1536,45,28,4,11.0,1,135,195.42
1537,45,72,5,14.0,1,68,389.59
1538,45,82,4,12.0,2,239,393.73
1539,45,94,4,3.0,4,130,323.01
1540,45,92,4,12.0,1,132,69.54
1541,45,16,6,8.0,3,9,359.33
1542,45,10096,5,2.0,2,155,231.12
1543,45,15,1,5.0,3,11,100.16
1544,45,16,3,6.0,2,78,359.33
1545,45,4,2,10.0,1,108,118.68
1546,45,115,3,4.0,1,47,265.87
1547,45,63,1,6.0,2,18,114.14
1548,45,54,4,10.0,3,116,263.63
1549,45,101,4,12.0,3,214,380.12
1550,45,98,2,8.0,2,195,89.1
1551,45,58,2,6.0,1,23,86.84
1552,45,86,5,4.0,2,231,266.03
1553,45,70,1,15.0,1,114,18.65
1554,45,83,1,12.0,2,7,19.67
1555,45,102,6,11.0,2,32,332.57
1556,45,11,2,9.0,2,148,274.48
1557,45,10060,5,13.0,2,122,393.57
1558,45,3,1,9.0,2,47,184.85
1559,45,36,2,12.0,4,215,112.83
1560,45,57,1,10.0,3,83,184.4
1561,46,6,4,1.0,1,88,342.42
1562,46,54,1,6.0,1,98,263.63
1563,46,15,1,5.0,1,37,100.16
1564,46,99,1,7.0,1,174,21.99
1565,46,79,3,12.0,1,15,272.45
1566,46,13,3,15.0,1,83,350.79
1567,46,10096,1,4.0,1,193,231.12
1568,46,31,4,9.0,2,99,276.57
1569,46,35,1,9.0,4,105,362.36
1570,46,4,4,15.0,1,227,118.68
1571,46,71,5,4.0,1,196,273.46
1572,46,101,2,7.0,2,115,380.12
1573,46,82,5,3.0,1,96,393.73
1574,46,22,2,7.0,2,247,182.58
1575,46,58,1,,3,119,86.84
1576,46,80,3,3.0,4,1,351.06
1577,47,33,6,6.0,1,216,136.56
1578,47,75,5,3.0,2,190,45.02
1579,47,9,3,12.0,2,32,254.72
1580,47,93,5,15.0,2,111,39.17
1581,47,65,3,6.0,1,163,38.73
1582,47,97,6,4.0,1,170,99.11
1583,47,44,2,10.0,5,85,370.69
1584,47,89,2,1.0,1,156,228.5
1585,47,116,1,7.0,2,143,74.33
1586,47,91,4,9.0,3,21,177.83
1587,47,84,6,1.0,2,229,288.33
1588,47,86,4,6.0,2,249,266.03
1589,47,106,5,3.0,2,215,57.07
1590,47,90,1,6.0,2,240,85.65
1591,47,2,2,13.0,1,72,144.87
1592,47,91,3,14.0,2,158,177.83
1593,47,104,6,8.0,2,248,194.87
1594,47,36,4,12.0,1,156,112.83
1595,47,26,6,14.0,1,72,196.47
1596,47,64,2,11.0,2,190,254.43
1597,47,88,5,2.0,2,151,52.66
1598,47,9,2,10.0,1,220,254.72
1599,47,67,6,4.0,1,218,177.85
1600,47,89,6,5.0,2,175,228.5
1601,47,59,1,11.0,2,173,149.07
1602,47,7,3,7.0,4,71,255.0
1603,47,67,4,9.0,1,195,177.85
1604,47,93,2,15.0,1,108,39.17
1605,47,41,1,6.0,2,21,77.7
1606,47,104,1,4.0,3,177,194.87
1607,47,10,2,6.0,1,80,153.02
1608,47,81,1,,1,111,45.14
1609,47,76,6,14.0,2,65,327.0
1610,47,61,2,14.0,1,14,327.21
1611,47,67,2,13.0,2,154,177.85
1612,47,98,1,10.0,2,32,89.1
1613,47,8,1,15.0,1,218,268.73
1614,47,101,2,13.0,2,114,380.12
1615,47,79,6,2.0,1,174,272.45
1616,47,7,3,7.0,1,25,255.0
1617,47,53,2,13.0,2,169,99.99
1618,47,59,4,7.0,2,226,149.07
1619,47,13,3,11.0,2,201,350.79
1620,47,67,3,2.0,1,27,177.85
1621,47,92,1,14.0,1,50,69.54
1622,47,17,6,6.0,3,108,198.42
1623,47,80,4,3.0,2,205,351.06
1624,47,17,3,9.0,1,246,198.42
1625,47,46,3,9.0,2,199,2.86
1626,47,61,3,5.0,1,95,327.21
1627,47,67,5,3.0,4,15,177.85
1628,48,105,5,7.0,1,89,115.72
1629,48,26,6,13.0,1,18,196.47
1630,48,86,4,8.0,1,154,266.03
1631,48,110,5,6.0,2,158,4.35
1632,48,43,2,15.0,1,203,40.97
1633,48,64,2,11.0,3,58,254.43
1634,48,60,5,8.0,2,189,393.57
1635,48,105,3,7.0,2,53,115.72
1636,48,106,1,2.0,1,92,57.07
1637,48,15,2,4.0,1,162,100.16
1638,48,98,3,1.0,2,51,89.1
1639,48,23,2,12.0,1,45,204.06
1640,48,71,2,1.0,1,46,273.46
1641,48,117,1,,2,174,132.08
1642,48,84,1,4.0,1,79,288.33
1643,48,48,3,9.0,2,205,77.58
1644,48,113,4,2.0,5,31,268.21
1645,48,119,2,4.0,1,137,399.96
1646,48,48,3,11.0,1,63,77.58
1647,48,98,5,14.0,3,138,89.1
1648,48,20,3,11.0,1,204,344.59
1649,48,17,5,15.0,1,126,198.42
1650,48,11,4,10.0,1,17,274.48
1651,48,50,6,6.0,1,128,191.76
1652,48,23,3,9.0,2,178,204.06
1653,48,10060,4,10.0,2,103,393.57
1654,48,102,5,4.0,2,57,332.57
1655,48,58,2,5.0,3,109,86.84
1656,48,74,2,6.0,3,66,345.9
1657,48,18,1,9.0,2,91,65.67
1658,48,6,4,6.0,1,110,342.42
1659,48,56,4,8.0,2,82,269.33
1660,48,4,2,5.0,1,166,118.68
1661,48,116,1,9.0,1,132,74.33
1662,48,11,3,2.0,2,31,274.48
1663,48,5,5,4.0,1,173,282.42
1664,48,39,6,11.0,1,217,170.58
1665,48,91,5,14.0,1,193,177.83
1666,48,70,3,,2,77,18.65
1667,48,45,4,14.0,1,149,193.58
1668,48,2,4,13.0,2,244,144.87
1669,49,96,2,9.0,1,151,231.12
1670,49,97,4,8.0,2,88,99.11
1671,49,41,2,12.0,2,107,77.7
1672,49,58,5,,1,36,86.84
1673,49,17,3,1.0,2,128,198.42
1674,49,107,3,7.0,2,109,87.15
1675,49,52,6,6.0,2,151,29.05
1676,49,101,1,3.0,1,244,380.12
1677,49,73,6,15.0,5,156,352.8
1678,49,51,4,7.0,2,17,384.39
1679,49,25,4,10.0,2,247,381.49
1680,49,115,3,2.0,2,173,265.87
1681,49,5,6,1.0,2,48,282.42
1682,49,117,4,4.0,1,75,132.08
1683,49,9,4,9.0,2,3,254.72
1684,49,111,4,2.0,1,34,299.51
1685,49,62,6,15.0,2,222,107.26
1686,49,112,2,14.0,1,182,89.33
1687,49,21,5,5.0,2,151,307.9
1688,49,92,6,4.0,1,2,69.54
1689,49,58,1,10.0,5,207,86.84
1690,49,43,5,8.0,1,119,40.97
1691,49,95,1,15.0,2,236,245.29
1692,49,90,6,7.0,2,157,85.65
1693,49,109,2,3.0,2,231,378.53
1694,49,56,4,11.0,2,47,269.33
1695,49,13,4,1.0,2,62,350.79
1696,49,21,3,9.0,3,75,307.9
1697,49,9,6,15.0,2,56,254.72
1698,49,53,5,6.0,3,20,99.99
1699,49,65,3,3.0,2,65,38.73
1700,49,6,4,,1,164,342.42
1701,49,96,4,12.0,2,103,231.12
1702,49,51,1,,3,30,384.39
1703,49,18,3,8.0,2,125,65.67
1704,49,11,5,12.0,2,244,274.48
1705,49,61,3,3.0,1,215,327.21
1706,49,13,2,9.0,1,190,350.79
1707,49,10,6,11.0,1,70,153.02
1708,50,46,2,1.0,1,229,2.86
1709,50,28,4,14.0,2,163,195.42
1710,50,83,6,15.0,2,27,19.67
1711,50,40,4,1.0,1,13,162.24
1712,50,99,2,6.0,2,233,21.99
1713,50,12,1,1.0,1,87,322.41
1714,50,88,6,15.0,2,25,52.66
1715,50,107,6,3.0,2,12,87.15
1716,50,14,3,11.0,1,49,354.1
1717,50,120,5,7.0,2,31,18.02
1718,50,14,3,1.0,1,103,354.1
1719,50,2,4,4.0,2,17,144.87
1720,50,36,6,1.0,2,18,112.83
1721,50,53,3,8.0,3,27,99.99
1722,50,102,5,2.0,2,154,332.57
1723,50,81,6,15.0,1,249,45.14
1724,50,18,3,13.0,2,227,65.67
1725,50,109,6,6.0,2,5,378.53
1726,50,75,4,11.0,2,190,45.02
1727,50,76,6,4.0,1,6,327.0
1728,50,115,1,12.0,2,110,265.87
1729,50,80,1,6.0,2,128,351.06
1730,50,20,4,1.0,1,61,344.59
1731,50,77,4,6.0,3,35,11.42
1732,50,83,1,7.0,1,166,19.67
1733,50,97,1,12.0,2,85,99.11
1734,50,27,5,15.0,1,171,25.05
1735,50,103,6,4.0,5,156,105.16
1736,50,67,3,11.0,3,2,177.85
1737,50,63,1,1.0,1,163,114.14
1738,50,10096,2,3.0,5,152,231.12
1739,50,102,2,2.0,2,110,332.57
1740,50,40,2,4.0,2,109,162.24
1741,50,32,3,8.0,1,248,360.05
1742,50,35,4,6.0,2,102,362.36
1743,50,61,4,10.0,1,189,327.21
1744,50,20,4,,1,98,344.59
1745,50,11,3,3.0,1,142,274.48
1746,50,33,4,8.0,2,73,136.56
1747,50,78,4,3.0,1,184,386.82
1748,50,20,2,,2,221,344.59
1749,51,119,4,12.0,2,96,399.96
1750,51,40,6,2.0,1,105,162.24
1751,51,118,1,10.0,3,42,102.4
1752,51,56,3,13.0,1,185,269.33
1753,51,91,4,6.0,1,179,177.83
1754,51,50,4,4.0,1,123,191.76
1755,51,105,3,11.0,1,8,115.72
1756,51,83,2,8.0,2,242,19.67
1757,51,33,2,11.0,2,216,136.56
1758,51,15,1,15.0,1,99,100.16
1759,51,76,1,4.0,1,225,327.0
1760,51,107,4,5.0,1,129,87.15
1761,51,85,4,12.0,4,106,173.66
1762,51,119,6,2.0,2,163,399.96
1763,51,103,3,5.0,2,192,105.16
1764,51,96,4,1.0,1,44,231.12
1765,51,1,1,12.0,2,107,382.97
1766,51,84,3,3.0,2,46,288.33
1767,51,91,2,3.0,1,129,177.83
1768,51,58,5,3.0,4,52,86.84
1769,51,24,2,15.0,1,224,204.05
1770,51,81,5,11.0,1,43,45.14
1771,52,11,4,2.0,1,88,274.48
1772,52,31,4,13.0,1,26,276.57
1773,52,35,1,13.0,1,11,362.36
1774,52,67,1,9.0,1,247,177.85
1775,52,120,4,6.0,2,155,18.02
1776,52,48,6,6.0,1,210,77.58
1777,52,47,6,10.0,1,15,279.24
1778,52,112,3,1.0,4,117,89.33
1779,52,52,6,15.0,3,36,29.05
1780,52,16,5,12.0,1,193,359.33
1781,52,48,4,11.0,2,223,77.58
1782,52,53,6,11.0,2,246,99.99
1783,52,42,1,14.0,4,12,186.13
1784,52,95,3,4.0,4,156,245.29
1785,52,95,5,6.0,2,110,245.29
1786,52,10096,4,14.0,4,180,231.12
1787,52,94,4,4.0,3,183,323.01
1788,52,67,5,12.0,1,130,177.85
1789,52,64,1,11.0,1,141,254.43
1790,52,60,2,2.0,5,124,393.57
1791,52,31,2,13.0,2,242,276.57
1792,52,12,1,12.0,2,8,322.41
1793,52,119,3,13.0,1,72,399.96
1794,52,33,6,15.0,1,172,136.56
1795,52,18,5,8.0,1,24,65.67
1796,52,43,2,13.0,2,237,40.97
1797,52,83,3,12.0,2,191,19.67
1798,52,49,6,9.0,2,248,217.79
1799,52,104,2,2.0,3,75,194.87
1800,52,12,3,15.0,1,49,322.41
1801,52,15,5,14.0,2,81,100.16
1802,52,74,6,,4,16,345.9
1803,52,25,4,6.0,2,198,381.49
1804,52,87,2,10.0,1,152,267.42
1805,53,59,3,5.0,2,215,149.07
1806,53,88,4,5.0,1,38,52.66
1807,53,109,6,,2,82,378.53
1808,53,89,1,14.0,1,181,228.5
1809,53,81,2,12.0,2,248,45.14
1810,53,104,3,12.0,1,54,194.87
1811,53,120,2,1.0,2,237,18.02
1812,53,23,4,5.0,3,209,204.06
1813,53,109,2,9.0,2,101,378.53
1814,53,87,4,13.0,1,101,267.42
1815,53,68,6,12.0,1,237,31.95
1816,53,110,5,3.0,1,83,4.35
1817,53,75,1,12.0,2,78,45.02
1818,53,21,5,12.0,2,124,307.9
1819,53,19,2,12.0,1,51,153.88
1820,53,2,3,10.0,2,27,144.87
1821,53,110,2,7.0,2,174,4.35
1822,53,119,1,8.0,2,46,399.96
1823,53,16,5,10.0,4,112,359.33
1824,53,81,6,1.0,4,31,45.14
1825,53,63,3,3.0,1,168,114.14
1826,53,100,6,11.0,2,169,320.96
1827,53,60,6,11.0,1,168,393.57
1828,53,2,1,2.0,1,126,144.87
1829,53,117,5,10.0,2,147,132.08
1830,53,62,3,2.0,5,204,107.26
1831,53,50,4,12.0,2,112,191.76
1832,53,17,1,12.0,1,233,198.42
1833,53,69,2,12.0,3,6,334.17
1834,53,105,5,9.0,1,126,115.72
1835,53,108,5,14.0,1,203,167.48
1836,53,97,2,15.0,2,31,99.11
1837,53,77,6,9.0,1,115,11.42
1838,53,16,1,4.0,2,168,359.33
1839,53,72,3,1.0,1,22,389.59
1840,53,65,3,9.0,4,44,38.73
1841,54,10096,6,,1,77,231.12
1842,54,10055,5,5.0,1,169,268.55
1843,54,18,5,6.0,2,134,65.67
1844,54,46,5,4.0,3,177,2.86
1845,54,105,1,4.0,1,37,115.72
1846,54,107,2,10.0,1,142,87.15
1847,54,46,3,10.0,1,109,2.86
1848,54,33,3,15.0,1,42,136.56
1849,54,11,3,12.0,1,37,274.48
1850,54,10,6,11.0,2,179,153.02
1851,54,92,3,11.0,2,211,69.54
1852,54,21,4,6.0,2,202,307.9
1853,54,4,5,5.0,1,32,118.68
1854,54,88,5,6.0,2,164,52.66
1855,54,117,3,3.0,1,223,132.08
1856,54,36,1,4.0,2,97,112.83
1857,54,101,1,12.0,4,225,380.12
1858,54,106,4,6.0,1,180,57.07
1859,54,37,5,2.0,2,230,374.33
1860,54,41,4,13.0,1,190,77.7
1861,54,101,5,15.0,2,218,380.12
1862,54,76,2,11.0,1,132,327.0
1863,54,85,2,10.0,2,189,173.66
1864,54,118,6,6.0,1,182,102.4
1865,54,87,5,8.0,2,47,267.42
1866,54,46,4,5.0,1,244,2.86
1867,54,10096,6,14.0,1,59,231.12
1868,54,110,1,7.0,1,198,4.35
1869,54,12,6,12.0,1,62,322.41
1870,54,22,5,12.0,4,74,182.58
1871,54,64,1,7.0,2,174,254.43
1872,54,94,2,9.0,2,176,323.01
1873,54,114,5,7.0,5,4,392.33
1874,54,117,6,,2,109,132.08
1875,54,96,3,12.0,2,170,231.12
1876,54,106,5,1.0,4,156,57.07
1877,54,22,6,13.0,1,135,182.58
1878,54,23,1,3.0,3,132,204.06
1879,54,7,4,3.0,1,96,255.0
1880,54,44,6,9.0,4,218,370.69
1881,54,16,3,5.0,2,68,359.33
1882,54,95,6,4.0,1,237,245.29
1883,55,106,1,15.0,2,159,57.07
1884,55,8,3,,2,118,268.73
1885,55,46,1,,1,228,2.86
1886,55,52,3,,2,111,29.05
1887,55,11,5,3.0,2,106,274.48
1888,55,63,1,11.0,1,65,114.14
1889,55,51,3,7.0,1,229,384.39
1890,55,104,3,8.0,1,169,194.87
1891,55,21,2,7.0,2,2,307.9
1892,55,112,6,4.0,1,73,89.33
1893,55,51,4,15.0,1,9,384.39
1894,55,26,4,5.0,1,31,196.47
1895,55,71,4,12.0,1,33,273.46
1896,55,98,4,15.0,1,190,89.1
1897,55,50,2,2.0,2,203,191.76
1898,55,20,3,13.0,1,176,344.59
1899,55,87,3,10.0,1,189,267.42
1900,55,62,3,2.0,1,195,107.26
1901,55,80,2,3.0,1,64,351.06
1902,55,15,3,4.0,1,171,100.16
1903,55,26,4,13.0,2,27,196.47
1904,55,65,5,14.0,2,152,38.73
1905,55,20,2,7.0,2,10,344.59
1906,55,25,2,10.0,1,52,381.49
1907,55,7,4,5.0,1,180,255.0
1908,55,30,2,8.0,2,16,349.23
1909,55,83,1,5.0,2,94,19.67
1910,55,45,6,6.0,1,230,193.58
1911,56,6,1,12.0,1,83,342.42
1912,56,61,3,2.0,1,111,327.21
1913,56,10055,4,5.0,1,29,268.55
1914,56,2,6,14.0,1,34,144.87
1915,56,95,3,10.0,1,136,245.29
1916,56,31,6,10.0,2,99,276.57
1917,56,14,2,10.0,1,31,354.1
1918,56,10118,6,4.0,1,181,102.4
1919,56,13,1,10.0,1,88,350.79
1920,56,61,2,3.0,1,12,327.21
1921,56,54,5,15.0,1,225,263.63
1922,56,109,5,15.0,2,94,378.53
1923,56,92,1,2.0,1,124,69.54
1924,56,120,5,3.0,1,154,18.02
1925,56,10118,2,10.0,1,16,102.4
1926,56,89,2,7.0,2,127,228.5
1927,56,112,5,3.0,2,113,89.33
1928,56,50,5,7.0,2,156,191.76
1929,56,24,1,4.0,1,152,204.05
1930,56,113,5,12.0,2,185,268.21
1931,56,39,2,5.0,2,142,170.58
1932,56,29,1,5.0,1,11,264.58
1933,56,10096,3,5.0,2,224,231.12
1934,56,83,2,4.0,2,137,19.67
1935,56,84,3,6.0,1,84,288.33
1936,56,91,5,3.0,1,105,177.83
1937,56,38,3,11.0,3,209,323.38
1938,56,46,2,5.0,1,46,2.86
1939,56,3,5,14.0,1,200,184.85
1940,56,75,1,12.0,4,98,45.02
1941,56,33,6,9.0,4,53,136.56
1942,56,29,3,10.0,2,162,264.58
1943,56,97,4,4.0,2,187,99.11
1944,56,48,2,2.0,2,127,77.58
1945,56,24,2,8.0,1,242,204.05
1946,56,83,3,,2,42,19.67
1947,56,105,4,4.0,3,18,115.72
1948,56,55,2,11.0,1,249,268.55
1949,56,93,5,13.0,1,207,39.17
1950,56,13,4,2.0,1,212,350.79
1951,56,107,6,3.0,1,64,87.15
1952,56,35,2,10.0,2,4,362.36
1953,56,2,1,14.0,2,87,144.87
1954,56,11,2,13.0,3,145,274.48
1955,56,105,2,8.0,3,40,115.72
1956,56,70,6,9.0,1,32,18.65
1957,56,6,1,2.0,1,131,342.42
1958,56,54,2,,3,58,263.63
1959,56,55,4,11.0,1,74,268.55
1960,56,113,6,15.0,1,184,268.21
1961,56,15,4,2.0,2,58,100.16
1962,56,10060,3,10.0,1,86,393.57
1963,57,115,1,3.0,3,110,265.87
1964,57,77,2,3.0,2,229,11.42
1965,57,39,5,6.0,2,225,170.58
1966,57,118,4,15.0,1,68,102.4
1967,57,92,1,14.0,2,239,69.54
1968,57,100,6,3.0,4,100,320.96
1969,57,102,4,2.0,1,148,332.57
1970,57,94,3,6.0,1,33,323.01
1971,57,50,3,7.0,1,124,191.76
1972,57,53,5,6.0,2,36,99.99
1973,57,84,2,9.0,2,128,288.33
1974,57,64,5,4.0,2,99,254.43
1975,57,92,4,13.0,1,178,69.54
1976,57,29,6,6.0,2,1,264.58
1977,57,109,1,8.0,1,246,378.53
1978,57,15,1,6.0,1,218,100.16
1979,57,100,2,3.0,2,214,320.96
1980,57,120,4,14.0,3,58,18.02
1981,57,18,1,12.0,1,37,65.67
1982,57,4,6,6.0,1,14,118.68
1983,57,85,5,14.0,2,153,173.66
1984,57,4,2,2.0,3,63,118.68
1985,57,73,4,3.0,1,121,352.8
1986,57,96,5,5.0,2,121,231.12
1987,57,44,4,12.0,1,4,370.69
1988,57,20,1,1.0,1,155,344.59
1989,57,65,2,,2,214,38.73
1990,57,10055,4,14.0,1,67,268.55
1991,57,65,3,7.0,3,239,38.73
1992,57,12,5,3.0,1,191,322.41
1993,57,80,1,3.0,1,211,351.06
1994,57,72,5,14.0,2,178,389.59
1995,57,41,6,14.0,2,98,77.7
1996,57,103,3,4.0,1,70,105.16
1997,57,10,3,14.0,1,86,153.02
1998,57,37,2,2.0,1,55,374.33
1999,57,97,3,4.0,2,164,99.11
2000,57,31,3,10.0,3,145,276.57
2001,57,102,4,6.0,1,24,332.57
2002,57,2,3,7.0,4,129,144.87
2003,57,97,4,3.0,1,180,99.11
2004,57,43,4,9.0,2,26,40.97
2005,57,100,2,,2,204,320.96
2006,57,76,1,3.0,1,175,327.0
2007,57,114,6,12.0,2,60,392.33
2008,57,104,6,13.0,3,184,194.87
2009,57,10118,5,12.0,1,156,102.4
2010,57,120,3,3.0,2,87,18.02
2011,58,80,4,12.0,1,199,351.06
2012,58,31,2,10.0,2,20,276.57
2013,58,73,6,2.0,4,207,352.8
2014,58,99,3,13.0,1,201,21.99
2015,58,64,1,3.0,3,240,254.43
2016,58,9,3,6.0,1,23,254.72
2017,58,91,4,8.0,1,66,177.83
2018,58,57,6,2.0,2,249,184.4
2019,58,6,3,7.0,2,105,342.42
2020,58,118,6,6.0,3,132,102.4
2021,58,10055,3,11.0,2,106,268.55
2022,58,34,6,11.0,2,15,4.86
2023,58,32,6,1.0,2,40,360.05
2024,58,38,4,7.0,3,219,323.38
2025,58,50,4,6.0,1,120,191.76
2026,58,69,4,3.0,2,188,334.17
2027,58,10060,4,4.0,1,103,393.57
2028,58,41,3,8.0,1,55,77.7
2029,58,61,1,1.0,2,140,327.21
2030,58,61,2,6.0,1,146,327.21
2031,58,77,4,13.0,1,93,11.42
2032,58,61,2,14.0,2,6,327.21
2033,58,88,4,11.0,4,46,52.66
2034,58,9,3,5.0,1,224,254.72
2035,58,112,4,11.0,2,229,89.33
2036,58,107,1,15.0,1,110,87.15
2037,58,97,3,6.0,1,242,99.11
2038,58,61,5,3.0,1,248,327.21
2039,58,46,6,14.0,2,3,2.86
2040,58,115,5,12.0,2,171,265.87
2041,58,19,3,14.0,2,241,153.88
2042,58,106,6,1.0,2,39,57.07
2043,58,120,2,6.0,3,30,18.02
2044,58,87,4,12.0,2,1,267.42
2045,58,10096,2,11.0,5,249,231.12
2046,58,5,2,4.0,2,108,282.42
2047,58,100,2,4.0,2,90,320.96
2048,58,25,6,1.0,1,95,381.49
2049,58,3,3,9.0,2,210,184.85
2050,58,90,4,8.0,3,106,85.65
2051,58,46,5,13.0,1,86,2.86
2052,58,23,4,3.0,1,142,204.06
2053,58,70,4,14.0,2,169,18.65
2054,58,56,6,10.0,2,241,269.33
2055,58,110,1,13.0,3,215,4.35
2056,58,84,1,7.0,1,27,288.33
2057,58,97,5,2.0,2,163,99.11
2058,59,38,4,13.0,1,117,323.38
2059,59,15,2,2.0,2,90,100.16
2060,59,117,4,14.0,4,166,132.08
2061,59,95,4,,2,96,245.29
2062,59,65,3,11.0,2,68,38.73
2063,59,116,4,1.0,1,231,74.33
2064,59,5,1,,3,203,282.42
2065,59,105,5,10.0,1,82,115.72
2066,59,10060,5,4.0,1,143,393.57
2067,59,25,5,14.0,4,14,381.49
2068,59,74,4,11.0,2,100,345.9
2069,59,23,4,9.0,4,41,204.06
2070,59,13,6,9.0,1,31,350.79
2071,59,101,4,11.0,2,235,380.12
2072,59,71,2,4.0,1,24,273.46
2073,59,56,1,10.0,1,40,269.33
2074,59,91,5,2.0,1,147,177.83
2075,59,96,6,8.0,1,163,231.12
2076,59,46,2,15.0,2,57,2.86
2077,59,69,2,13.0,1,202,334.17
2078,59,34,6,2.0,1,240,4.86
2079,59,3,6,14.0,1,27,184.85
2080,59,119,5,3.0,1,73,399.96
2081,59,24,1,14.0,1,93,204.05
2082,59,27,4,13.0,3,6,25.05
2083,60,63,6,11.0,1,108,114.14
2084,60,41,6,13.0,1,42,77.7
2085,60,2,2,11.0,1,156,144.87
2086,60,16,3,8.0,3,158,359.33
2087,60,1,2,5.0,2,238,382.97
2088,60,78,1,9.0,1,132,386.82
2089,60,28,3,4.0,2,8,195.42
2090,60,29,1,3.0,1,69,264.58
2091,60,26,1,9.0,1,167,196.47
2092,60,96,4,7.0,1,237,231.12
2093,60,23,2,15.0,1,184,204.06
2094,60,51,1,13.0,1,151,384.39
2095,60,102,2,8.0,1,111,332.57
2096,60,55,5,14.0,3,82,268.55
2097,60,78,4,10.0,2,91,386.82
2098,60,81,1,15.0,1,9,45.14
2099,60,33,5,10.0,4,212,136.56
2100,60,10055,5,1.0,3,30,268.55
2101,60,42,4,6.0,1,63,186.13
2102,60,85,3,13.0,1,81,173.66
2103,60,41,6,,1,85,77.7
2104,60,73,3,9.0,1,17,352.8
2105,60,78,2,2.0,1,144,386.82
2106,60,78,6,15.0,1,166,386.82
2107,60,97,4,6.0,1,51,99.11
2108,60,103,4,5.0,1,108,105.16
2109,60,58,2,10.0,1,99,86.84
2110,60,3,3,,1,201,184.85
2111,60,1,4,14.0,3,248,382.97
2112,60,115,5,1.0,1,87,265.87
2113,60,9,4,13.0,2,107,254.72
2114,60,36,3,7.0,2,21,112.83
2115,60,41,4,7.0,2,77,77.7
2116,60,59,4,15.0,2,32,149.07
2117,60,10096,5,4.0,2,13,231.12
2118,60,18,1,14.0,2,177,65.67
2119,60,29,2,12.0,2,231,264.58
2120,60,105,5,15.0,2,177,115.72
2121,61,15,1,2.0,2,68,100.16
2122,61,79,4,3.0,1,237,272.45
2123,61,59,1,14.0,1,38,149.07
2124,61,114,4,11.0,2,32,392.33
2125,61,31,5,8.0,2,250,276.57
2126,61,99,6,2.0,1,68,21.99
2127,61,92,1,14.0,2,224,69.54
2128,61,83,6,12.0,1,20,19.67
2129,61,64,1,11.0,1,56,254.43
2130,61,50,2,6.0,2,54,191.76
2131,61,98,5,6.0,2,195,89.1
2132,61,91,4,14.0,4,130,177.83
2133,61,17,2,7.0,1,250,198.42
2134,61,80,5,7.0,2,49,351.06
2135,61,55,2,14.0,1,148,268.55
2136,61,19,4,12.0,2,29,153.88
2137,61,115,4,1.0,1,122,265.87
2138,61,58,3,15.0,2,141,86.84
2139,61,56,2,9.0,1,111,269.33
2140,61,7,4,2.0,2,13,255.0
2141,61,94,4,4.0,2,104,323.01
2142,61,36,5,9.0,1,111,112.83
2143,61,7,6,2.0,1,57,255.0
2144,61,115,1,4.0,1,17,265.87
2145,61,36,2,12.0,2,184,112.83
2146,61,51,1,14.0,1,226,384.39
2147,61,64,2,4.0,2,89,254.43
2148,61,91,5,1.0,2,25,177.83
2149,61,117,6,12.0,1,79,132.08
2150,61,89,2,11.0,3,18,228.5
2151,61,43,4,1.0,1,171,40.97
2152,61,43,1,5.0,2,226,40.97
2153,61,87,1,8.0,1,150,267.42
2154,61,112,2,1.0,1,210,89.33
2155,61,88,3,9.0,1,129,52.66
2156,61,19,1,13.0,1,189,153.88
2157,61,63,6,9.0,1,66,114.14
2158,61,33,3,14.0,2,91,136.56
2159,61,43,5,14.0,1,222,40.97
2160,62,77,4,11.0,3,133,11.42
2161,62,3,2,14.0,2,57,184.85
2162,62,19,3,4.0,2,148,153.88
2163,62,56,3,2.0,2,50,269.33
2164,62,49,6,5.0,3,225,217.79
2165,62,70,4,15.0,2,135,18.65
2166,62,117,6,6.0,1,101,132.08
2167,62,10096,3,1.0,2,149,231.12
2168,62,44,5,13.0,2,117,370.69
2169,62,102,3,1.0,2,128,332.57
2170,62,19,4,9.0,3,248,153.88
2171,62,72,6,8.0,1,74,389.59
2172,62,38,1,4.0,1,73,323.38
2173,62,16,1,1.0,2,111,359.33
2174,62,107,1,3.0,1,90,87.15
2175,62,101,5,13.0,3,144,380.12
2176,62,12,6,12.0,1,51,322.41
2177,62,118,1,1.0,1,122,102.4
2178,62,32,6,7.0,4,103,360.05
2179,62,13,3,10.0,4,80,350.79
2180,62,56,6,13.0,1,149,269.33
2181,62,99,2,7.0,1,142,21.99
2182,62,40,1,15.0,1,161,162.24
2183,62,24,4,14.0,2,112,204.05
2184,62,68,4,9.0,1,240,31.95
2185,62,46,4,8.0,2,108,2.86
2186,62,60,1,1.0,4,246,393.57
2187,62,12,2,5.0,2,202,322.41
2188,62,66,3,9.0,1,231,134.76
2189,62,38,1,7.0,2,33,323.38
2190,63,112,5,1.0,2,22,89.33
2191,63,107,6,10.0,1,25,87.15
2192,63,73,4,14.0,2,16,352.8
2193,63,75,6,12.0,1,14,45.02
2194,63,67,2,8.0,2,35,177.85
2195,63,87,6,5.0,1,161,267.42
2196,63,120,1,10.0,1,177,18.02
2197,63,9,1,15.0,1,31,254.72
2198,63,32,2,1.0,2,214,360.05
2199,63,51,1,5.0,2,104,384.39
2200,63,24,2,9.0,2,67,204.05
2201,63,88,4,10.0,2,32,52.66
2202,63,82,1,14.0,1,191,393.73
2203,63,22,5,9.0,2,52,182.58
2204,63,38,3,10.0,2,127,323.38
2205,63,36,4,13.0,1,28,112.83
2206,63,105,4,5.0,2,118,115.72
2207,63,50,1,1.0,1,166,191.76
2208,63,85,5,15.0,2,233,173.66
2209,63,18,4,8.0,1,71,65.67
2210,63,21,3,14.0,1,129,307.9
2211,63,116,6,9.0,1,17,74.33
2212,63,20,3,10.0,1,87,344.59
2213,63,110,2,13.0,2,169,4.35
2214,63,51,1,11.0,1,124,384.39
2215,63,61,5,10.0,1,182,327.21
2216,63,100,6,3.0,3,179,320.96
2217,63,10060,5,10.0,1,213,393.57
2218,63,6,1,3.0,1,60,342.42
2219,63,14,4,8.0,1,83,354.1
2220,63,99,6,2.0,2,231,21.99
2221,63,94,4,7.0,3,237,323.01
2222,63,79,3,14.0,1,192,272.45
2223,63,98,3,14.0,1,8,89.1
2224,64,42,1,7.0,3,35,186.13
2225,64,74,5,5.0,5,126,345.9
2226,64,37,2,3.0,1,112,374.33
2227,64,104,2,1.0,2,162,194.87
2228,64,13,2,,4,36,350.79
2229,64,47,4,14.0,3,19,279.24
2230,64,88,6,12.0,1,165,52.66
2231,64,25,2,8.0,2,129,381.49
2232,64,80,5,13.0,1,18,351.06
2233,64,81,4,10.0,1,21,45.14
2234,64,67,3,8.0,1,60,177.85
2235,64,70,3,,1,211,18.65
2236,64,119,3,6.0,4,18,399.96
2237,64,21,3,10.0,3,62,307.9
2238,64,120,5,7.0,3,159,18.02
2239,64,90,1,15.0,1,235,85.65
2240,64,84,1,,5,108,288.33
2241,64,43,1,9.0,1,210,40.97
2242,64,119,6,1.0,2,61,399.96
2243,64,104,5,12.0,2,214,194.87
2244,64,5,3,7.0,2,154,282.42
2245,64,119,1,8.0,2,243,399.96
2246,64,93,1,8.0,1,130,39.17
2247,64,45,4,13.0,1,218,193.58
2248,64,30,1,1.0,3,199,349.23
2249,64,26,5,7.0,2,175,196.47
2250,64,3,5,7.0,2,197,184.85
2251,64,17,4,9.0,1,36,198.42
2252,64,16,5,6.0,1,91,359.33
2253,64,56,1,2.0,1,151,269.33
2254,64,53,6,13.0,1,204,99.99
2255,64,6,1,4.0,2,209,342.42
2256,64,8,2,5.0,1,12,268.73
2257,64,78,6,5.0,1,34,386.82
2258,64,62,6,2.0,2,20,107.26
2259,65,95,3,14.0,2,57,245.29
2260,65,39,3,5.0,1,223,170.58
2261,65,68,3,9.0,2,129,31.95
2262,65,45,4,10.0,1,125,193.58
2263,65,27,2,9.0,1,60,25.05
2264,65,71,2,12.0,1,209,273.46
2265,65,5,2,11.0,2,196,282.42
2266,65,15,1,1.0,2,70,100.16
2267,65,50,3,2.0,1,16,191.76
2268,65,79,4,14.0,1,98,272.45
2269,65,6,2,3.0,1,169,342.42
2270,65,7,6,9.0,1,196,255.0
2271,65,4,5,6.0,1,237,118.68
2272,65,34,5,1.0,2,88,4.86
2273,65,80,4,13.0,2,187,351.06
2274,65,97,1,9.0,3,100,99.11
2275,65,120,6,9.0,4,119,18.02
2276,65,93,5,5.0,1,42,39.17
2277,65,60,6,4.0,4,34,393.57
2278,65,36,6,2.0,3,64,112.83
2279,65,38,3,1.0,2,158,323.38
2280,65,35,6,11.0,1,208,362.36
2281,65,2,1,11.0,2,83,144.87
2282,65,109,2,1.0,2,113,378.53
2283,65,5,3,14.0,1,143,282.42
2284,65,8,5,5.0,1,230,268.73
2285,65,41,1,5.0,2,197,77.7
2286,65,34,4,11.0,2,45,4.86
2287,65,80,6,2.0,1,168,351.06
2288,65,88,5,10.0,1,82,52.66
2289,65,92,2,12.0,1,67,69.54
2290,65,3,6,14.0,4,91,184.85
2291,65,6,5,2.0,2,20,342.42
2292,65,15,5,4.0,2,84,100.16
2293,66,107,6,11.0,2,110,87.15
2294,66,19,1,13.0,3,93,153.88
2295,66,53,6,5.0,1,160,99.99
2296,66,48,1,3.0,1,234,77.58
2297,66,14,5,6.0,2,131,354.1
2298,66,95,5,12.0,2,89,245.29
2299,66,49,5,,4,186,217.79
2300,66,98,6,2.0,1,246,89.1
2301,66,29,5,10.0,4,162,264.58
2302,66,54,5,14.0,2,225,263.63
2303,66,7,5,9.0,2,134,255.0
2304,66,35,2,5.0,1,234,362.36
2305,66,32,3,6.0,1,192,360.05
2306,66,89,2,15.0,4,105,228.5
2307,66,46,5,15.0,1,93,2.86
2308,66,78,2,7.0,2,59,386.82
2309,66,106,2,4.0,2,199,57.07
2310,66,87,5,10.0,3,67,267.42
2311,66,44,3,7.0,2,108,370.69
2312,66,19,5,15.0,2,198,153.88
2313,66,24,4,,1,31,204.05
2314,66,98,5,8.0,1,191,89.1
2315,66,112,1,1.0,1,177,89.33
2316,66,10,2,9.0,1,236,153.02
2317,66,55,3,12.0,1,143,268.55
2318,66,38,1,14.0,1,230,323.38
2319,66,78,5,12.0,1,12,386.82
2320,66,118,3,15.0,1,105,102.4
2321,66,95,4,8.0,2,180,245.29
2322,66,24,6,15.0,1,210,204.05
2323,66,11,2,10.0,4,152,274.48
2324,66,84,4,8.0,1,46,288.33
2325,66,76,3,2.0,2,60,327.0
2326,66,44,1,15.0,1,135,370.69
2327,66,109,4,7.0,2,82,378.53
2328,66,10060,2,12.0,2,226,393.57
2329,66,27,4,10.0,5,226,25.05
2330,66,13,3,2.0,2,74,350.79
2331,66,57,2,5.0,1,241,184.4
2332,66,78,1,11.0,3,72,386.82
2333,66,27,5,13.0,1,44,25.05
2334,66,116,1,9.0,1,138,74.33
2335,66,1,4,1.0,2,95,382.97
2336,66,10096,5,8.0,1,134,231.12
2337,66,59,3,12.0,1,181,149.07
2338,67,64,3,3.0,3,72,254.43
2339,67,15,3,12.0,2,204,100.16
2340,67,10,3,6.0,1,71,153.02
2341,67,95,5,2.0,2,181,245.29
2342,67,115,1,15.0,2,181,265.87
2343,67,41,2,11.0,2,215,77.7
2344,67,5,6,4.0,3,36,282.42
2345,67,112,2,5.0,2,121,89.33
2346,67,105,2,5.0,1,34,115.72
2347,67,113,1,14.0,1,186,268.21
2348,67,1,4,9.0,2,157,382.97
2349,67,23,1,5.0,1,158,204.06
2350,67,75,2,8.0,1,136,45.02
2351,67,24,3,15.0,2,75,204.05
2352,67,63,6,6.0,2,140,114.14
2353,67,13,2,15.0,2,230,350.79
2354,67,37,4,6.0,2,64,374.33
2355,67,15,2,6.0,2,170,100.16
2356,67,90,4,13.0,1,226,85.65
2357,67,104,4,11.0,2,61,194.87
2358,67,35,5,14.0,1,201,362.36
2359,67,72,3,6.0,1,106,389.59
2360,67,57,4,15.0,1,14,184.4
2361,67,94,2,14.0,1,12,323.01
2362,67,53,2,3.0,1,138,99.99
2363,67,81,1,10.0,1,157,45.14
2364,67,78,5,,1,185,386.82
2365,67,49,1,6.0,1,234,217.79
2366,67,99,5,1.0,1,133,21.99
2367,67,69,2,14.0,1,138,334.17
2368,67,92,2,3.0,1,234,69.54
2369,67,53,2,4.0,1,241,99.99
2370,67,109,1,9.0,1,27,378.53
2371,67,102,4,5.0,2,78,332.57
2372,67,81,6,5.0,1,192,45.14
2373,67,101,4,3.0,1,210,380.12
2374,67,35,1,9.0,2,185,362.36
2375,67,94,4,,2,191,323.01
2376,68,78,2,10.0,2,203,386.82
2377,68,107,5,13.0,1,83,87.15
2378,68,96,1,8.0,1,52,231.12
2379,68,84,5,5.0,1,110,288.33
2380,68,10118,4,8.0,1,73,102.4
2381,68,69,5,1.0,3,128,334.17
2382,68,10055,3,12.0,2,28,268.55
2383,68,74,1,4.0,2,115,345.9
2384,68,73,1,6.0,1,37,352.8
2385,68,11,1,4.0,2,222,274.48
2386,68,76,2,7.0,4,158,327.0
2387,68,67,6,13.0,2,60,177.85
2388,68,64,3,12.0,1,87,254.43
2389,68,5,3,10.0,2,105,282.42
2390,68,35,6,9.0,3,204,362.36
2391,68,64,3,4.0,2,83,254.43
2392,68,62,5,12.0,2,188,107.26
2393,68,14,4,7.0,1,33,354.1
2394,68,21,5,3.0,2,51,307.9
2395,68,15,1,8.0,1,44,100.16
2396,68,68,4,14.0,2,141,31.95
2397,68,2,3,5.0,1,185,144.87
2398,68,87,3,10.0,3,228,267.42
2399,68,84,2,9.0,1,176,288.33
2400,68,79,6,10.0,1,65,272.45
2401,68,27,3,12.0,2,219,25.05
2402,68,22,5,8.0,3,3,182.58
2403,68,23,2,1.0,1,80,204.06
2404,68,26,6,8.0,2,85,196.47
2405,68,80,4,2.0,1,90,351.06
2406,68,114,2,1.0,2,238,392.33
2407,68,37,4,5.0,1,95,374.33
2408,68,52,3,11.0,2,169,29.05
2409,69,28,3,10.0,1,27,195.42
2410,69,67,5,7.0,1,85,177.85
2411,69,110,5,13.0,2,189,4.35
2412,69,86,4,1.0,3,201,266.03
2413,69,28,1,10.0,1,38,195.42
2414,69,61,1,15.0,1,249,327.21
2415,69,66,4,8.0,1,84,134.76
2416,69,98,1,7.0,1,97,89.1
2417,69,91,4,14.0,2,134,177.83
2418,69,11,5,3.0,1,243,274.48
2419,69,36,6,7.0,2,144,112.83
2420,69,89,3,9.0,1,231,228.5
2421,69,45,2,,1,94,193.58
2422,69,99,6,7.0,3,55,21.99
2423,69,113,2,3.0,2,239,268.21
2424,69,2,2,9.0,2,50,144.87
2425,69,40,3,6.0,1,235,162.24
2426,69,118,1,1.0,1,166,102.4
2427,69,62,4,12.0,1,181,107.26
2428,69,81,1,14.0,1,8,45.14
2429,69,119,4,11.0,3,117,399.96
2430,69,61,6,13.0,2,140,327.21
2431,69,5,3,,2,229,282.42
2432,69,91,6,14.0,2,34,177.83
2433,69,107,1,11.0,1,182,87.15
2434,69,13,5,14.0,1,50,350.79
2435,69,95,1,11.0,2,218,245.29
2436,69,115,6,10.0,3,185,265.87
2437,69,67,1,7.0,4,107,177.85
2438,69,86,1,14.0,2,195,266.03
2439,69,94,3,8.0,2,12,323.01
2440,69,26,6,3.0,1,163,196.47
2441,69,108,1,9.0,2,90,167.48
2442,69,60,5,2.0,1,145,393.57
2443,69,12,1,3.0,4,187,322.41
2444,69,41,5,1.0,1,197,77.7
2445,69,2,2,8.0,1,21,144.87
2446,69,10096,2,11.0,3,165,231.12
2447,70,111,2,12.0,4,34,299.51
2448,70,49,6,5.0,1,36,217.79
2449,70,53,2,5.0,2,227,99.99
2450,70,38,3,5.0,1,24,323.38
2451,70,75,3,11.0,2,134,45.02
2452,70,81,6,1.0,1,244,45.14
2453,70,50,2,4.0,2,180,191.76
2454,70,83,6,4.0,1,88,19.67
2455,70,65,5,13.0,2,69,38.73
2456,70,99,2,8.0,1,67,21.99
2457,70,15,5,3.0,1,122,100.16
2458,70,76,3,7.0,1,169,327.0
2459,70,5,3,11.0,2,92,282.42
2460,70,2,2,6.0,3,87,144.87
2461,70,13,2,5.0,2,42,350.79
2462,70,24,1,10.0,2,117,204.05
2463,70,89,4,8.0,2,214,228.5
2464,70,93,3,8.0,1,174,39.17
2465,70,6,2,15.0,1,238,342.42
2466,70,54,4,10.0,2,103,263.63
2467,70,21,5,5.0,2,227,307.9
2468,70,90,5,10.0,2,193,85.65
2469,70,85,3,1.0,1,249,173.66
2470,70,102,2,8.0,1,102,332.57
2471,70,1,6,15.0,1,45,382.97
2472,70,11,2,4.0,1,112,274.48
2473,70,32,2,14.0,1,199,360.05
2474,70,62,2,8.0,1,141,107.26
2475,70,90,2,11.0,2,97,85.65
2476,70,91,2,2.0,2,100,177.83
2477,70,98,2,6.0,1,230,89.1
2478,70,87,6,10.0,1,101,267.42
2479,70,45,4,10.0,2,7,193.58
2480,70,78,2,6.0,1,93,386.82
2481,70,106,1,13.0,1,102,57.07
2482,70,83,2,4.0,3,12,19.67
2483,70,56,1,11.0,1,47,269.33
2484,70,37,3,14.0,1,124,374.33
2485,70,10060,4,7.0,1,175,393.57
2486,70,14,4,6.0,2,176,354.1
2487,70,84,4,1.0,2,42,288.33
2488,70,74,5,8.0,1,3,345.9
2489,70,10060,6,13.0,2,14,393.57
2490,70,34,6,10.0,1,207,4.86
2491,70,58,5,8.0,2,183,86.84
2492,71,101,2,9.0,1,195,380.12
2493,71,87,1,6.0,1,243,267.42
2494,71,76,3,14.0,4,158,327.0
2495,71,59,4,5.0,2,11,149.07
2496,71,63,4,15.0,1,154,114.14
2497,71,33,4,5.0,2,197,136.56
2498,71,70,3,6.0,2,107,18.65
2499,71,42,3,10.0,1,29,186.13
2500,71,5,5,4.0,1,45,282.42
2501,71,13,2,11.0,1,127,350.79
2502,71,36,3,12.0,1,159,112.83
2503,71,106,6,10.0,1,118,57.07
2504,71,42,3,,1,156,186.13
2505,71,82,1,12.0,4,21,393.73
2506,71,82,6,7.0,1,6,393.73
2507,71,96,3,12.0,1,227,231.12
2508,71,117,4,13.0,1,50,132.08
2509,71,39,5,14.0,2,204,170.58
2510,71,103,1,8.0,1,56,105.16
2511,71,56,3,13.0,2,48,269.33
2512,71,86,1,15.0,1,47,266.03
2513,71,35,1,1.0,2,201,362.36
2514,71,17,3,10.0,1,203,198.42
2515,71,41,1,1.0,4,182,77.7
2516,71,9,5,12.0,1,156,254.72
2517,71,76,4,6.0,2,139,327.0
2518,71,120,5,,1,88,18.02
2519,71,106,4,14.0,1,191,57.07
2520,71,69,6,7.0,2,66,334.17
2521,72,85,5,11.0,1,125,173.66
2522,72,45,1,9.0,2,95,193.58
2523,72,97,3,8.0,1,8,99.11
2524,72,75,2,10.0,1,111,45.02
2525,72,98,1,5.0,1,143,89.1
2526,72,31,4,3.0,2,97,276.57
2527,72,109,1,4.0,2,55,378.53
2528,72,74,3,3.0,5,197,345.9
2529,72,95,4,6.0,2,193,245.29
2530,72,116,5,13.0,1,93,74.33
2531,72,86,6,13.0,2,163,266.03
2532,72,69,5,14.0,1,104,334.17
2533,72,60,3,8.0,2,41,393.57
2534,72,23,4,9.0,3,213,204.06
2535,72,60,6,15.0,1,26,393.57
2536,72,84,4,7.0,1,49,288.33
2537,72,80,2,10.0,2,129,351.06
2538,72,77,5,1.0,5,84,11.42
2539,72,22,5,11.0,2,24,182.58
2540,72,3,6,13.0,4,168,184.85
2541,72,66,2,3.0,1,118,134.76
2542,72,112,2,15.0,1,183,89.33
2543,72,42,2,15.0,3,8,186.13
2544,72,60,4,10.0,1,114,393.57
2545,72,102,2,9.0,5,165,332.57
2546,72,78,3,15.0,1,41,386.82
2547,72,93,1,,1,9,39.17
2548,72,53,5,14.0,2,99,99.99
2549,72,54,3,9.0,1,31,263.63
2550,72,78,6,12.0,2,7,386.82
2551,72,106,6,13.0,1,102,57.07
2552,72,93,1,12.0,2,238,39.17
2553,72,84,4,2.0,2,27,288.33
2554,72,34,5,2.0,1,185,4.86
2555,72,53,6,15.0,1,63,99.99
2556,72,27,3,11.0,2,178,25.05
2557,72,116,6,4.0,1,194,74.33
2558,72,38,6,13.0,1,116,323.38
2559,72,73,3,13.0,2,36,352.8
2560,72,37,1,6.0,1,145,374.33
2561,72,38,3,3.0,1,146,323.38
2562,72,61,6,5.0,2,40,327.21
2563,72,89,2,5.0,2,220,228.5
2564,73,28,5,10.0,1,4,195.42
2565,73,93,5,9.0,1,104,39.17
2566,73,116,2,11.0,2,40,74.33
2567,73,65,3,7.0,2,222,38.73
2568,73,83,2,8.0,3,45,19.67
2569,73,49,1,2.0,2,88,217.79
2570,73,27,2,10.0,1,200,25.05
2571,73,16,6,8.0,2,118,359.33
2572,73,82,1,14.0,2,210,393.73
2573,73,68,2,6.0,2,171,31.95
2574,73,81,1,9.0,1,18,45.14
2575,73,10118,5,9.0,1,224,102.4
2576,73,103,1,9.0,1,64,105.16
2577,73,103,6,15.0,1,167,105.16
2578,73,30,6,3.0,3,11,349.23
2579,73,35,5,12.0,4,49,362.36
2580,73,118,1,3.0,2,134,102.4
2581,73,27,2,13.0,1,149,25.05
2582,73,13,5,1.0,2,82,350.79
2583,73,10,2,8.0,2,22,153.02
2584,73,13,5,10.0,2,125,350.79
2585,73,2,5,15.0,1,29,144.87
2586,73,57,6,13.0,2,163,184.4
2587,73,59,1,7.0,2,154,149.07
2588,73,81,2,8.0,1,132,45.14
2589,73,83,3,9.0,1,64,19.67
2590,74,87,5,11.0,1,113,267.42
2591,74,97,2,6.0,1,229,99.11
2592,74,61,4,2.0,4,195,327.21
2593,74,39,1,8.0,1,88,170.58
2594,74,69,2,2.0,2,196,334.17
2595,74,40,5,13.0,1,136,162.24
2596,74,88,3,4.0,2,147,52.66
2597,74,42,2,7.0,2,202,186.13
2598,74,21,5,6.0,1,245,307.9
2599,74,61,6,7.0,2,200,327.21
2600,74,30,3,14.0,2,214,349.23
2601,74,19,3,6.0,1,213,153.88
2602,74,58,3,7.0,2,196,86.84
2603,74,98,4,7.0,1,91,89.1
2604,74,18,4,1.0,2,210,65.67
2605,74,27,6,5.0,2,214,25.05
2606,74,42,4,6.0,1,143,186.13
2607,74,26,2,8.0,2,220,196.47
2608,74,10,2,12.0,1,123,153.02
2609,74,76,4,1.0,4,200,327.0
2610,74,89,6,5.0,2,156,228.5
2611,74,8,1,6.0,2,71,268.73
2612,74,57,3,3.0,2,226,184.4
2613,74,42,6,3.0,2,224,186.13
2614,74,39,5,2.0,1,113,170.58
2615,74,74,5,5.0,1,143,345.9
2616,74,38,6,,2,198,323.38
2617,74,112,6,6.0,2,246,89.33
2618,74,116,4,4.0,3,48,74.33
2619,74,30,4,4.0,1,174,349.23
2620,74,34,3,15.0,4,6,4.86
2621,74,83,4,13.0,1,125,19.67
2622,74,107,5,9.0,2,96,87.15
2623,74,56,1,14.0,1,205,269.33
2624,74,69,4,6.0,1,163,334.17
2625,74,10,5,9.0,1,200,153.02
2626,74,21,5,2.0,1,147,307.9
2627,74,79,6,13.0,3,19,272.45
2628,74,56,3,15.0,2,226,269.33
2629,74,20,6,3.0,5,166,344.59
2630,74,59,5,12.0,2,210,149.07
2631,74,114,1,5.0,4,2,392.33
2632,75,42,4,14.0,1,58,186.13
2633,75,99,3,11.0,2,171,21.99
2634,75,106,5,15.0,1,226,57.07
2635,75,74,2,3.0,2,53,345.9
2636,75,13,1,14.0,1,11,350.79
2637,75,70,3,6.0,2,223,18.65
2638,75,30,6,5.0,1,42,349.23
2639,75,35,2,4.0,1,198,362.36
2640,75,18,4,7.0,1,7,65.67
2641,75,96,6,1.0,1,115,231.12
2642,75,26,2,10.0,1,209,196.47
2643,75,23,5,12.0,1,133,204.06
2644,75,97,2,8.0,1,190,99.11
2645,75,96,3,4.0,2,24,231.12
2646,75,47,4,2.0,2,242,279.24
2647,75,1,4,7.0,2,247,382.97
2648,75,46,3,14.0,3,17,2.86
2649,75,109,6,12.0,1,22,378.53
2650,75,104,4,1.0,2,244,194.87
2651,75,94,6,1.0,4,37,323.01
2652,75,23,5,,2,133,204.06
2653,75,89,4,1.0,1,153,228.5
2654,75,111,6,6.0,2,159,299.51
2655,75,21,4,15.0,1,133,307.9
2656,75,95,6,15.0,4,237,245.29
2657,75,21,1,5.0,1,104,307.9
2658,75,117,3,1.0,2,201,132.08
2659,75,4,4,,1,224,118.68
2660,75,53,1,13.0,1,154,99.99
2661,76,22,2,6.0,2,230,182.58
2662,76,54,1,8.0,1,119,263.63
2663,76,110,5,14.0,5,155,4.35
2664,76,1,3,15.0,2,232,382.97
2665,76,42,6,10.0,1,172,186.13
2666,76,62,4,14.0,2,147,107.26
2667,76,29,5,3.0,1,58,264.58
2668,76,96,1,5.0,2,228,231.12
2669,76,32,2,12.0,2,169,360.05
2670,76,91,4,9.0,1,133,177.83
2671,76,114,3,3.0,2,84,392.33
2672,76,85,2,15.0,1,218,173.66
2673,76,116,4,13.0,1,51,74.33
2674,76,2,2,14.0,4,204,144.87
2675,76,51,3,,1,124,384.39
2676,76,45,2,14.0,2,249,193.58
2677,76,58,2,5.0,2,140,86.84
2678,76,96,3,9.0,1,237,231.12
2679,76,115,2,13.0,1,224,265.87
2680,76,71,4,11.0,2,220,273.46
2681,76,67,3,6.0,1,110,177.85
2682,76,10118,5,4.0,2,250,102.4
2683,76,15,1,5.0,2,33,100.16
2684,76,40,4,2.0,3,248,162.24
2685,76,65,2,15.0,3,131,38.73
2686,76,108,6,1.0,1,51,167.48
2687,76,46,5,3.0,2,145,2.86
2688,76,68,1,6.0,3,139,31.95
2689,76,10055,5,3.0,1,26,268.55
2690,77,29,6,10.0,3,109,264.58
2691,77,36,1,7.0,3,76,112.83
2692,77,67,4,8.0,1,83,177.85
2693,77,10096,3,,1,65,231.12
2694,77,86,3,12.0,2,157,266.03
2695,77,9,1,3.0,2,37,254.72
2696,77,21,2,3.0,2,166,307.9
2697,77,76,2,6.0,1,19,327.0
2698,77,10055,3,7.0,1,32,268.55
2699,77,75,6,8.0,2,37,45.02
2700,77,98,3,,2,31,89.1
2701,77,68,1,10.0,2,121,31.95
2702,77,57,3,9.0,1,191,184.4
2703,77,20,1,13.0,2,234,344.59
2704,77,113,3,1.0,2,98,268.21
2705,77,33,1,7.0,2,150,136.56
2706,77,91,6,8.0,1,195,177.83
2707,77,67,1,12.0,1,155,177.85
2708,77,111,3,14.0,4,171,299.51
2709,77,90,4,11.0,2,27,85.65
2710,77,36,6,15.0,3,65,112.83
2711,77,43,4,5.0,2,92,40.97
2712,77,13,6,4.0,1,150,350.79
2713,77,76,4,2.0,2,200,327.0
2714,77,63,5,10.0,2,97,114.14
2715,77,112,6,10.0,2,28,89.33
2716,77,102,6,10.0,2,25,332.57
2717,77,98,2,11.0,1,182,89.1
2718,77,54,4,1.0,3,89,263.63
2719,77,57,4,9.0,2,10,184.4
2720,78,105,6,7.0,4,172,115.72
2721,78,28,5,11.0,3,243,195.42
2722,78,38,4,12.0,1,117,323.38
2723,78,33,3,6.0,2,91,136.56
2724,78,32,3,1.0,4,84,360.05
2725,78,82,3,3.0,2,54,393.73
2726,78,111,5,12.0,2,103,299.51
2727,78,100,2,14.0,2,23,320.96
2728,78,79,5,14.0,1,248,272.45
2729,78,107,3,12.0,1,24,87.15
2730,78,41,5,3.0,2,194,77.7
2731,78,34,6,6.0,1,207,4.86
2732,78,47,2,6.0,1,5,279.24
2733,78,75,3,12.0,1,165,45.02
2734,78,97,5,7.0,2,159,99.11
2735,78,26,1,10.0,2,235,196.47
2736,78,52,3,6.0,3,137,29.05
2737,78,18,4,12.0,1,209,65.67
2738,78,103,3,2.0,3,83,105.16
2739,78,57,1,3.0,5,171,184.4
2740,78,4,4,12.0,5,57,118.68
2741,78,29,4,4.0,1,38,264.58
2742,78,32,1,8.0,1,215,360.05
2743,78,72,5,4.0,1,106,389.59
2744,79,74,4,12.0,1,204,345.9
2745,79,103,3,6.0,5,231,105.16
2746,79,31,3,2.0,3,246,276.57
2747,79,42,6,9.0,2,149,186.13
2748,79,118,5,9.0,1,81,102.4
2749,79,106,5,6.0,1,184,57.07
2750,79,71,2,10.0,2,215,273.46
2751,79,80,4,7.0,1,17,351.06
2752,79,22,1,9.0,4,167,182.58
2753,79,45,4,3.0,1,17,193.58
2754,79,9,6,5.0,2,243,254.72
2755,79,4,6,7.0,3,181,118.68
2756,79,18,4,8.0,2,80,65.67
2757,79,87,3,10.0,2,205,267.42
2758,79,10055,4,9.0,3,175,268.55
2759,79,111,1,1.0,2,183,299.51
2760,79,76,1,2.0,2,158,327.0
2761,79,53,6,4.0,1,64,99.99
2762,79,100,2,1.0,4,167,320.96
2763,79,94,1,2.0,3,243,323.01
2764,79,90,6,7.0,1,98,85.65
2765,79,18,3,5.0,2,91,65.67
2766,79,56,3,3.0,1,67,269.33
2767,79,30,3,11.0,1,21,349.23
2768,79,97,1,1.0,1,226,99.11
2769,79,72,1,2.0,2,44,389.59
2770,79,68,1,,1,99,31.95
2771,79,103,5,14.0,1,18,105.16
2772,79,25,6,3.0,4,138,381.49
2773,79,45,1,15.0,1,40,193.58
2774,79,74,2,12.0,2,217,345.9
2775,79,23,5,14.0,3,114,204.06
2776,79,5,5,13.0,1,241,282.42
2777,79,120,3,2.0,1,90,18.02
2778,79,76,5,2.0,2,128,327.0
2779,79,20,5,8.0,1,238,344.59
2780,79,107,4,2.0,2,172,87.15
2781,79,44,2,4.0,2,246,370.69
2782,80,25,4,1.0,2,235,381.49
2783,80,62,6,14.0,5,152,107.26
2784,80,67,1,6.0,1,234,177.85
2785,80,74,6,7.0,2,194,345.9
2786,80,26,3,8.0,2,196,196.47
2787,80,10096,6,7.0,1,97,231.12
2788,80,4,4,9.0,1,124,118.68
2789,80,40,4,13.0,2,74,162.24
2790,80,90,1,1.0,2,49,85.65
2791,80,40,5,10.0,4,139,162.24
2792,80,41,6,1.0,1,13,77.7
2793,80,50,2,9.0,4,14,191.76
2794,80,88,4,9.0,2,218,52.66
2795,80,48,6,15.0,1,55,77.58
2796,80,10055,2,12.0,1,82,268.55
2797,80,27,4,11.0,1,157,25.05
2798,80,119,4,12.0,1,30,399.96
2799,80,1,2,15.0,3,213,382.97
2800,80,23,4,6.0,1,235,204.06
2801,80,6,2,4.0,2,160,342.42
2802,80,113,4,12.0,2,222,268.21
2803,80,40,2,11.0,3,189,162.24
2804,80,53,6,,3,211,99.99
2805,80,36,2,8.0,1,65,112.83
2806,80,81,6,12.0,2,197,45.14
2807,80,85,6,11.0,1,30,173.66
2808,80,116,4,9.0,1,84,74.33
2809,80,95,3,12.0,1,239,245.29
2810,80,37,5,14.0,2,146,374.33
2811,80,98,1,15.0,1,227,89.1
2812,80,12,5,4.0,1,33,322.41
2813,80,5,4,2.0,2,59,282.42
2814,80,50,2,12.0,1,207,191.76
2815,80,56,5,12.0,1,37,269.33
2816,80,99,1,9.0,1,197,21.99
2817,80,99,2,1.0,4,146,21.99
2818,80,20,3,5.0,1,236,344.59
2819,80,60,2,1.0,1,101,393.57
2820,80,10055,3,4.0,1,48,268.55
2821,80,43,6,1.0,2,224,40.97
2822,80,108,2,5.0,1,143,167.48
2823,80,71,3,11.0,1,17,273.46
2824,80,69,1,3.0,1,186,334.17
2825,81,14,6,7.0,1,1,354.1
2826,81,105,4,2.0,2,220,115.72
2827,81,81,1,2.0,1,6,45.14
2828,81,117,4,11.0,2,99,132.08
2829,81,79,4,12.0,1,61,272.45
2830,81,79,3,11.0,2,117,272.45
2831,81,116,2,15.0,2,93,74.33
2832,81,37,6,7.0,1,66,374.33
2833,81,48,6,,3,207,77.58
2834,81,6,4,15.0,1,139,342.42
2835,81,52,2,6.0,3,54,29.05
2836,81,54,4,8.0,4,114,263.63
2837,81,60,3,11.0,4,103,393.57
2838,81,68,2,12.0,1,49,31.95
2839,81,10055,6,10.0,2,94,268.55
2840,81,71,4,5.0,3,55,273.46
2841,81,61,1,8.0,1,77,327.21
2842,81,10060,5,4.0,3,56,393.57
2843,81,114,2,15.0,1,133,392.33
2844,81,10096,4,,1,53,231.12
2845,81,86,2,12.0,1,175,266.03
2846,81,20,6,13.0,2,206,344.59
2847,81,53,3,14.0,1,190,99.99
2848,81,120,4,15.0,1,196,18.02
2849,81,95,6,11.0,2,25,245.29
2850,81,11,1,,2,221,274.48
2851,81,43,1,15.0,3,92,40.97
2852,81,20,2,2.0,1,93,344.59
2853,81,41,5,8.0,2,122,77.7
2854,81,23,3,13.0,1,144,204.06
2855,81,113,2,2.0,1,137,268.21
2856,81,53,2,11.0,3,121,99.99
2857,81,36,6,4.0,2,250,112.83
2858,81,10055,2,2.0,1,194,268.55
2859,81,113,4,8.0,1,44,268.21
2860,81,76,6,6.0,2,239,327.0
2861,81,74,2,1.0,1,249,345.9
2862,81,86,5,6.0,2,22,266.03
2863,81,9,2,5.0,3,174,254.72
2864,81,20,1,13.0,1,246,344.59
2865,81,10118,6,12.0,2,203,102.4
2866,81,11,3,13.0,4,127,274.48
2867,82,115,5,3.0,1,94,265.87
2868,82,25,5,9.0,3,232,381.49
2869,82,63,3,1.0,3,167,114.14
2870,82,40,3,7.0,1,87,162.24
2871,82,96,6,2.0,1,86,231.12
2872,82,17,5,,2,147,198.42
2873,82,49,2,7.0,1,100,217.79
2874,82,87,3,6.0,1,94,267.42
2875,82,110,4,6.0,2,34,4.35
2876,82,93,3,8.0,4,73,39.17
2877,82,117,4,2.0,1,207,132.08
2878,82,41,5,1.0,2,208,77.7
2879,82,98,1,3.0,1,96,89.1
2880,82,74,2,14.0,1,20,345.9
2881,82,2,6,14.0,1,233,144.87
2882,82,20,5,14.0,2,249,344.59
2883,82,112,3,2.0,2,157,89.33
2884,82,91,2,12.0,1,238,177.83
2885,82,12,6,1.0,1,111,322.41
2886,82,30,2,2.0,2,100,349.23
2887,82,68,2,4.0,1,182,31.95
2888,82,78,6,5.0,5,188,386.82
2889,82,111,1,9.0,2,2,299.51
2890,82,26,3,9.0,1,148,196.47
2891,82,90,1,2.0,4,49,85.65
2892,82,42,2,11.0,1,215,186.13
2893,82,77,4,5.0,2,56,11.42
2894,82,106,3,9.0,1,2,57.07
2895,82,10118,6,13.0,2,42,102.4
2896,82,9,4,12.0,1,16,254.72
2897,82,105,4,13.0,2,231,115.72
2898,83,12,3,15.0,2,235,322.41
2899,83,88,5,2.0,1,146,52.66
2900,83,108,3,12.0,1,208,167.48
2901,83,64,3,6.0,2,140,254.43
2902,83,25,2,1.0,5,177,381.49
2903,83,60,4,13.0,1,217,393.57
2904,83,52,4,8.0,4,116,29.05
2905,83,95,4,1.0,1,224,245.29
2906,83,41,4,11.0,1,39,77.7
2907,83,2,4,11.0,1,232,144.87
2908,83,76,2,1.0,1,101,327.0
2909,83,35,3,8.0,2,101,362.36
2910,83,107,5,4.0,1,125,87.15
2911,83,64,4,14.0,2,41,254.43
2912,83,86,1,2.0,2,18,266.03
2913,83,91,4,3.0,4,61,177.83
2914,83,64,2,1.0,2,245,254.43
2915,83,21,3,11.0,1,159,307.9
2916,83,16,5,5.0,1,88,359.33
2917,83,104,6,6.0,2,145,194.87
2918,83,9,1,7.0,4,64,254.72
2919,83,42,6,14.0,1,232,186.13
2920,83,118,4,9.0,1,88,102.4
2921,83,43,6,3.0,2,248,40.97
2922,83,81,5,4.0,1,182,45.14
2923,83,31,2,8.0,2,228,276.57
2924,83,66,1,3.0,1,160,134.76
2925,83,68,4,15.0,1,229,31.95
2926,83,94,3,7.0,4,200,323.01
2927,83,99,3,6.0,1,218,21.99
2928,83,61,2,1.0,2,84,327.21
2929,83,80,4,13.0,1,70,351.06
2930,83,63,3,9.0,4,52,114.14
2931,83,83,2,10.0,2,155,19.67
2932,84,94,1,4.0,1,135,323.01
2933,84,37,2,7.0,2,180,374.33
2934,84,2,3,3.0,2,76,144.87
2935,84,84,6,2.0,1,95,288.33
2936,84,117,2,7.0,2,143,132.08
2937,84,57,3,5.0,1,117,184.4
2938,84,91,5,3.0,1,151,177.83
2939,84,10060,1,14.0,1,84,393.57
2940,84,48,2,12.0,2,97,77.58
2941,84,81,4,7.0,2,46,45.14
2942,84,108,1,6.0,1,145,167.48
2943,84,6,5,12.0,2,183,342.42
2944,84,9,1,2.0,1,134,254.72
2945,84,92,2,6.0,1,249,69.54
2946,84,11,4,2.0,1,127,274.48
2947,84,8,5,13.0,1,102,268.73
2948,84,71,1,8.0,2,41,273.46
2949,84,117,3,1.0,1,166,132.08
2950,84,4,1,12.0,2,58,118.68
2951,84,6,2,3.0,2,245,342.42
2952,84,65,3,13.0,3,163,38.73
2953,84,3,5,8.0,2,7,184.85
2954,84,90,4,1.0,2,52,85.65
2955,84,27,2,1.0,2,90,25.05
2956,84,75,3,14.0,2,43,45.02
2957,84,20,5,,1,161,344.59
2958,84,37,3,9.0,2,100,374.33
2959,84,26,5,4.0,1,84,196.47
2960,84,51,1,8.0,3,8,384.39
2961,84,10118,6,13.0,1,104,102.4
2962,84,15,1,2.0,1,191,100.16
2963,84,27,2,12.0,4,192,25.05
2964,84,89,6,10.0,1,210,228.5
2965,85,30,5,14.0,2,65,349.23
2966,85,4,3,,1,213,118.68
2967,85,43,2,12.0,1,100,40.97
2968,85,59,4,3.0,2,236,149.07
2969,85,72,5,11.0,2,220,389.59
2970,85,10,5,1.0,4,219,153.02
2971,85,7,1,15.0,1,1,255.0
2972,85,49,6,3.0,1,25,217.79
2973,85,28,6,7.0,1,190,195.42
2974,85,10,3,1.0,3,77,153.02
2975,85,116,1,5.0,2,117,74.33
2976,85,114,2,11.0,4,191,392.33
2977,85,102,1,15.0,4,122,332.57
2978,85,15,1,8.0,1,223,100.16
2979,85,89,5,1.0,3,180,228.5
2980,85,9,6,4.0,2,17,254.72
2981,85,49,1,,1,111,217.79
2982,85,53,2,10.0,2,230,99.99
2983,85,9,3,12.0,1,123,254.72
2984,85,35,1,14.0,1,49,362.36
2985,85,58,1,1.0,1,224,86.84
2986,85,110,4,12.0,2,126,4.35
2987,85,92,6,6.0,2,23,69.54
2988,85,59,4,6.0,2,169,149.07
2989,85,93,5,6.0,3,189,39.17
2990,85,53,2,6.0,2,120,99.99
2991,85,99,3,11.0,5,193,21.99
2992,85,87,5,7.0,3,23,267.42
2993,85,114,2,6.0,2,166,392.33
2994,85,97,5,3.0,2,228,99.11
2995,85,65,6,6.0,1,139,38.73
2996,85,96,2,10.0,2,36,231.12
2997,86,102,2,7.0,4,21,332.57
2998,86,113,1,9.0,2,11,268.21
2999,86,74,1,9.0,2,171,345.9
3000,86,95,2,13.0,4,86,245.29
3001,86,42,6,6.0,2,141,186.13
3002,86,67,6,4.0,4,148,177.85
3003,86,53,6,2.0,1,58,99.99
3004,86,59,2,15.0,2,193,149.07
3005,86,1,5,8.0,1,37,382.97
3006,86,89,3,7.0,3,78,228.5
3007,86,70,6,14.0,2,49,18.65
3008,86,4,3,3.0,1,212,118.68
3009,86,10,1,2.0,2,109,153.02
3010,86,85,4,,4,153,173.66
3011,86,50,3,7.0,1,159,191.76
3012,86,62,6,1.0,2,174,107.26
3013,86,5,4,1.0,2,66,282.42
3014,86,111,4,13.0,2,26,299.51
3015,86,76,5,11.0,1,126,327.0
3016,86,49,1,13.0,5,232,217.79
3017,86,33,5,4.0,1,186,136.56
3018,86,81,1,12.0,2,87,45.14
3019,86,61,1,9.0,1,199,327.21
3020,86,58,2,2.0,2,3,86.84
3021,86,76,6,15.0,2,130,327.0
3022,86,65,2,12.0,1,145,38.73
3023,86,119,5,1.0,1,65,399.96
3024,86,90,5,15.0,2,116,85.65
3025,86,21,1,6.0,1,110,307.9
3026,86,20,1,8.0,1,64,344.59
3027,86,100,6,15.0,1,46,320.96
3028,86,6,3,6.0,2,222,342.42
3029,86,109,4,8.0,2,207,378.53
3030,86,117,1,3.0,2,34,132.08
3031,86,10055,5,8.0,2,128,268.55
3032,86,90,4,,1,135,85.65
3033,86,48,6,7.0,3,122,77.58
3034,86,56,5,2.0,1,17,269.33
3035,86,113,6,7.0,1,130,268.21
3036,86,117,2,3.0,3,23,132.08
3037,86,86,2,9.0,2,96,266.03
3038,86,62,1,11.0,2,48,107.26
3039,86,15,5,,2,52,100.16
3040,87,2,3,13.0,2,4,144.87
3041,87,86,3,1.0,1,78,266.03
3042,87,18,3,14.0,3,123,65.67
3043,87,25,6,8.0,2,55,381.49
3044,87,50,5,9.0,1,220,191.76
3045,87,19,6,9.0,2,38,153.88
3046,87,9,4,2.0,3,145,254.72
3047,87,81,4,6.0,1,241,45.14
3048,87,34,4,7.0,1,11,4.86
3049,87,100,4,,3,172,320.96
3050,87,48,4,14.0,2,222,77.58
3051,87,117,2,13.0,1,131,132.08
3052,87,83,6,10.0,3,134,19.67
3053,87,99,1,1.0,1,107,21.99
3054,87,11,6,3.0,1,198,274.48
3055,87,48,3,8.0,2,167,77.58
3056,87,118,3,9.0,2,155,102.4
3057,87,40,4,7.0,1,194,162.24
3058,87,89,5,15.0,3,175,228.5
3059,87,85,5,6.0,2,24,173.66
3060,87,44,5,11.0,2,17,370.69
3061,87,35,3,10.0,1,132,362.36
3062,87,119,3,10.0,1,49,399.96
3063,87,40,2,9.0,1,174,162.24
3064,87,34,5,11.0,1,49,4.86
3065,87,114,2,12.0,2,76,392.33
3066,87,88,3,9.0,1,83,52.66
3067,87,60,5,2.0,1,186,393.57
3068,87,38,6,10.0,2,203,323.38
3069,87,44,2,13.0,2,128,370.69
3070,87,51,4,15.0,1,146,384.39
3071,87,44,2,2.0,2,65,370.69
3072,87,49,5,1.0,1,18,217.79
3073,87,120,3,8.0,1,240,18.02
3074,87,75,3,7.0,5,51,45.02
3075,87,55,6,10.0,1,28,268.55
3076,87,50,3,3.0,2,32,191.76
3077,88,103,1,2.0,1,72,105.16
3078,88,69,3,2.0,1,237,334.17
3079,88,55,2,,2,170,268.55
3080,88,2,1,10.0,2,185,144.87
3081,88,56,2,10.0,1,155,269.33
3082,88,35,5,4.0,2,39,362.36
3083,88,75,3,3.0,1,207,45.02
3084,88,50,2,1.0,4,245,191.76
3085,88,74,6,5.0,1,208,345.9
3086,88,13,2,4.0,2,62,350.79
3087,88,22,2,5.0,2,28,182.58
3088,88,86,3,14.0,1,154,266.03
3089,88,58,2,14.0,2,21,86.84
3090,88,57,4,15.0,1,99,184.4
3091,88,97,4,,3,196,99.11
3092,88,113,6,13.0,1,225,268.21
3093,88,42,1,10.0,2,100,186.13
3094,88,78,2,12.0,2,20,386.82
3095,88,90,6,13.0,2,104,85.65
3096,88,41,3,4.0,1,184,77.7
3097,88,30,4,8.0,1,246,349.23
3098,88,120,5,12.0,1,17,18.02
3099,88,103,1,6.0,2,93,105.16
3100,88,63,4,15.0,1,109,114.14
3101,88,33,3,6.0,1,234,136.56
3102,88,62,2,14.0,5,150,107.26
3103,88,77,5,14.0,2,10,11.42
3104,88,47,1,2.0,4,182,279.24
3105,88,12,5,1.0,3,65,322.41
3106,88,120,3,5.0,1,37,18.02
3107,88,36,2,5.0,3,43,112.83
3108,88,30,1,10.0,2,168,349.23
3109,88,112,6,9.0,2,121,89.33
3110,88,115,2,13.0,4,247,265.87
3111,88,92,1,2.0,1,69,69.54
3112,88,23,5,8.0,2,142,204.06
3113,88,93,2,15.0,2,48,39.17
3114,88,2,3,13.0,1,70,144.87
3115,89,8,4,1.0,2,121,268.73
3116,89,17,2,14.0,1,95,198.42
3117,89,36,4,3.0,2,182,112.83
3118,89,32,2,13.0,1,11,360.05
3119,89,49,2,,1,118,217.79
3120,89,63,6,9.0,2,139,114.14
3121,89,114,5,11.0,2,242,392.33
3122,89,101,5,14.0,2,192,380.12
3123,89,33,5,3.0,1,129,136.56
3124,89,17,1,10.0,3,95,198.42
3125,89,15,5,7.0,2,97,100.16
3126,89,4,3,13.0,1,5,118.68
3127,89,100,6,8.0,1,222,320.96
3128,89,98,6,13.0,2,78,89.1
3129,89,19,1,15.0,1,113,153.88
3130,89,52,4,6.0,1,226,29.05
3131,89,17,4,4.0,1,243,198.42
3132,89,82,1,1.0,1,90,393.73
3133,89,50,6,2.0,2,154,191.76
3134,89,106,5,1.0,1,240,57.07
3135,89,109,4,6.0,5,50,378.53
3136,89,65,2,,1,26,38.73
3137,89,92,5,1.0,1,131,69.54
3138,89,67,3,,1,104,177.85
3139,89,79,4,6.0,1,73,272.45
3140,89,103,5,15.0,1,113,105.16
3141,89,56,5,,2,200,269.33
3142,89,96,5,3.0,2,239,231.12
3143,89,43,6,12.0,2,185,40.97
3144,89,19,2,4.0,2,24,153.88
3145,89,36,4,1.0,2,78,112.83
3146,89,18,2,4.0,1,107,65.67
3147,89,114,2,10.0,2,66,392.33
3148,90,27,1,3.0,5,220,25.05
3149,90,94,4,4.0,1,120,323.01
3150,90,22,6,2.0,3,172,182.58
3151,90,116,3,6.0,2,218,74.33
3152,90,10060,3,9.0,2,228,393.57
3153,90,95,3,6.0,3,135,245.29
3154,90,88,6,11.0,1,72,52.66
3155,90,100,2,1.0,2,112,320.96
3156,90,43,5,12.0,2,104,40.97
3157,90,76,3,5.0,1,28,327.0
3158,90,72,2,4.0,2,226,389.59
3159,90,60,2,12.0,4,139,393.57
3160,90,53,6,10.0,2,85,99.99
3161,90,32,2,15.0,1,170,360.05
3162,90,41,1,14.0,1,111,77.7
3163,90,61,1,6.0,1,31,327.21
3164,90,63,4,7.0,1,151,114.14
3165,90,56,2,10.0,1,206,269.33
3166,90,21,5,7.0,1,219,307.9
3167,90,11,1,1.0,1,39,274.48
3168,90,64,1,13.0,2,207,254.43
3169,90,20,1,,2,46,344.59
3170,90,38,3,15.0,1,212,323.38
3171,90,86,5,3.0,2,229,266.03
3172,90,13,1,2.0,1,11,350.79
3173,90,106,2,15.0,2,101,57.07
3174,90,63,1,5.0,2,158,114.14
3175,90,10,5,2.0,2,119,153.02
3176,90,34,2,12.0,2,132,4.86
3177,90,78,2,1.0,1,101,386.82
3178,90,86,2,13.0,3,116,266.03
3179,90,66,3,12.0,1,209,134.76
3180,90,104,2,14.0,1,80,194.87
3181,90,27,2,12.0,2,40,25.05
3182,91,19,1,3.0,3,39,153.88
3183,91,37,3,10.0,2,62,374.33
3184,91,56,4,11.0,2,172,269.33
3185,91,71,6,15.0,4,182,273.46
3186,91,61,6,,1,41,327.21
3187,91,45,1,14.0,1,219,193.58
3188,91,50,2,8.0,2,169,191.76
3189,91,101,6,8.0,4,35,380.12
3190,91,96,6,6.0,2,246,231.12
3191,91,73,6,14.0,3,201,352.8
3192,91,33,4,15.0,1,86,136.56
3193,91,114,2,10.0,1,127,392.33
3194,91,117,2,7.0,4,10,132.08
3195,91,81,3,13.0,2,158,45.14
3196,91,1,1,14.0,1,249,382.97
3197,91,28,2,11.0,2,220,195.42
3198,91,65,3,15.0,2,136,38.73
3199,91,79,5,13.0,5,244,272.45
3200,91,6,4,10.0,2,141,342.42
3201,91,97,4,6.0,1,5,99.11
3202,91,81,1,15.0,1,107,45.14
3203,91,118,5,15.0,3,81,102.4
3204,91,29,4,15.0,2,167,264.58
3205,91,105,2,10.0,3,66,115.72
3206,91,1,5,4.0,1,244,382.97
3207,91,31,4,,2,13,276.57
3208,91,103,3,15.0,4,140,105.16
3209,91,3,5,12.0,4,204,184.85
3210,91,101,3,11.0,2,14,380.12
3211,91,75,2,9.0,2,74,45.02
3212,91,110,2,7.0,2,144,4.35
3213,91,23,5,1.0,2,176,204.06
3214,91,43,6,8.0,1,6,40.97
3215,91,120,6,3.0,1,169,18.02
3216,91,33,4,7.0,1,53,136.56
3217,91,47,1,5.0,2,80,279.24
3218,91,89,5,2.0,5,40,228.5
3219,92,110,1,2.0,3,200,4.35
3220,92,98,3,2.0,2,196,89.1
3221,92,16,5,13.0,2,137,359.33
3222,92,16,4,5.0,2,202,359.33
3223,92,101,1,7.0,1,207,380.12
3224,92,10096,3,15.0,1,234,231.12
3225,92,102,1,3.0,2,38,332.57
3226,92,67,6,8.0,1,237,177.85
3227,92,45,1,7.0,2,203,193.58
3228,92,14,5,7.0,2,55,354.1
3229,92,80,6,10.0,1,192,351.06
3230,92,96,2,15.0,2,234,231.12
3231,92,72,4,11.0,2,95,389.59
3232,92,6,1,1.0,1,147,342.42
3233,92,86,3,7.0,1,192,266.03
3234,92,41,4,14.0,2,25,77.7
3235,92,72,1,8.0,2,127,389.59
3236,92,71,6,2.0,2,160,273.46
3237,92,101,6,5.0,2,138,380.12
3238,92,38,1,1.0,2,241,323.38
3239,92,10118,2,14.0,1,98,102.4
3240,92,36,3,2.0,5,250,112.83
3241,92,10,4,5.0,2,105,153.02
3242,92,37,3,2.0,1,223,374.33
3243,92,68,5,2.0,1,93,31.95
3244,92,34,3,2.0,1,47,4.86
3245,92,75,1,5.0,2,80,45.02
3246,92,71,5,2.0,2,208,273.46
3247,92,120,5,9.0,2,77,18.02
3248,92,85,3,7.0,3,193,173.66
3249,92,40,4,6.0,4,69,162.24
3250,92,18,1,10.0,2,2,65.67
3251,92,62,1,6.0,1,104,107.26
3252,92,34,2,9.0,2,230,4.86
3253,92,11,3,11.0,2,236,274.48
3254,93,3,4,12.0,2,33,184.85
3255,93,10060,6,7.0,1,2,393.57
3256,93,113,3,12.0,2,199,268.21
3257,93,64,5,7.0,2,55,254.43
3258,93,50,2,5.0,2,89,191.76
3259,93,76,4,5.0,1,69,327.0
3260,93,110,1,5.0,1,166,4.35
3261,93,1,1,4.0,2,192,382.97
3262,93,17,5,11.0,1,149,198.42
3263,93,86,2,1.0,1,60,266.03
3264,93,96,1,11.0,5,102,231.12
3265,93,28,3,10.0,1,1,195.42
3266,93,92,1,1.0,2,106,69.54
3267,93,27,4,12.0,1,166,25.05
3268,93,112,3,7.0,2,97,89.33
3269,93,88,3,4.0,2,220,52.66
3270,93,27,4,14.0,2,171,25.05
3271,93,85,2,5.0,3,112,173.66
3272,93,1,4,1.0,1,201,382.97
3273,93,8,6,5.0,3,53,268.73
3274,94,113,3,5.0,1,46,268.21
3275,94,2,4,9.0,1,17,144.87
3276,94,45,3,8.0,2,52,193.58
3277,94,36,4,5.0,2,42,112.83
3278,94,57,2,,2,61,184.4
3279,94,50,2,9.0,2,131,191.76
3280,94,19,1,6.0,2,134,153.88
3281,94,13,3,9.0,1,205,350.79
3282,94,52,1,15.0,1,28,29.05
3283,94,37,3,13.0,1,246,374.33
3284,94,72,5,15.0,2,136,389.59
3285,94,81,4,1.0,3,39,45.14
3286,94,42,6,7.0,4,146,186.13
3287,94,62,2,12.0,1,79,107.26
3288,94,55,3,5.0,2,151,268.55
3289,94,52,6,10.0,1,145,29.05
3290,94,13,4,4.0,2,228,350.79
3291,94,6,3,13.0,1,62,342.42
3292,94,64,2,9.0,2,5,254.43
3293,94,14,5,4.0,2,106,354.1
3294,94,27,4,12.0,3,19,25.05
3295,94,71,4,4.0,1,189,273.46
3296,94,48,1,,1,3,77.58
3297,94,53,1,11.0,3,151,99.99
3298,94,115,2,15.0,3,61,265.87
3299,94,12,3,9.0,2,192,322.41
3300,94,98,2,12.0,2,71,89.1
3301,94,85,6,15.0,2,216,173.66
3302,95,114,3,9.0,2,150,392.33
3303,95,74,3,,1,179,345.9
3304,95,46,4,3.0,1,7,2.86
3305,95,81,5,,2,71,45.14
3306,95,106,2,1.0,1,188,57.07
3307,95,106,2,5.0,1,118,57.07
3308,95,58,2,1.0,1,31,86.84
3309,95,93,2,13.0,2,226,39.17
3310,95,107,6,12.0,2,17,87.15
3311,95,21,4,3.0,2,96,307.9
3312,96,23,6,7.0,1,28,204.06
3313,96,21,2,7.0,1,28,307.9
3314,96,90,2,9.0,1,183,85.65
3315,96,87,5,15.0,2,152,267.42
3316,96,118,5,15.0,3,116,102.4
3317,96,77,5,4.0,1,245,11.42
3318,96,23,5,8.0,1,72,204.06
3319,96,78,2,13.0,1,198,386.82
3320,96,26,4,13.0,2,138,196.47
3321,96,12,5,12.0,2,33,322.41
3322,96,30,6,14.0,3,29,349.23
3323,96,51,6,12.0,2,210,384.39
3324,96,67,2,4.0,1,205,177.85
3325,96,117,1,10.0,1,140,132.08
3326,96,31,5,6.0,3,135,276.57
3327,96,34,3,3.0,2,212,4.86
3328,96,55,4,4.0,1,36,268.55
3329,96,29,6,9.0,2,38,264.58
3330,96,10,4,9.0,2,21,153.02
3331,96,42,4,5.0,2,217,186.13
3332,96,5,1,13.0,1,171,282.42
3333,96,111,6,,2,83,299.51
3334,96,96,6,2.0,1,177,231.12
3335,96,10055,1,15.0,1,138,268.55
3336,96,8,6,10.0,2,7,268.73
3337,96,46,3,2.0,2,204,2.86
3338,96,83,3,5.0,3,41,19.67
3339,96,105,2,10.0,1,139,115.72
3340,96,63,5,2.0,2,39,114.14
3341,96,98,3,13.0,1,11,89.1
3342,96,61,1,8.0,1,7,327.21
3343,96,7,1,15.0,1,63,255.0
3344,96,82,3,12.0,1,133,393.73
3345,96,20,4,2.0,1,61,344.59
3346,96,103,3,6.0,1,95,105.16
3347,96,47,3,13.0,2,148,279.24
3348,97,81,4,4.0,2,62,45.14
3349,97,110,5,10.0,1,91,4.35
3350,97,3,5,14.0,2,237,184.85
3351,97,17,1,13.0,2,13,198.42
3352,97,111,4,9.0,3,32,299.51
3353,97,118,5,5.0,3,161,102.4
3354,97,10118,6,8.0,2,128,102.4
3355,97,32,5,12.0,3,196,360.05
3356,97,83,1,4.0,1,40,19.67
3357,97,19,6,11.0,2,76,153.88
3358,97,67,5,11.0,2,188,177.85
3359,97,39,2,,1,226,170.58
3360,97,92,2,12.0,1,217,69.54
3361,97,28,1,13.0,2,65,195.42
3362,97,112,1,5.0,1,243,89.33
3363,97,50,2,13.0,5,96,191.76
3364,97,111,1,13.0,2,59,299.51
3365,97,48,3,3.0,2,76,77.58
3366,97,111,6,,1,22,299.51
3367,97,40,4,14.0,2,75,162.24
3368,97,10060,5,15.0,2,6,393.57
3369,97,94,1,9.0,2,179,323.01
3370,97,23,3,3.0,2,120,204.06
3371,97,90,1,6.0,2,10,85.65
3372,97,82,1,5.0,1,62,393.73
3373,97,28,2,14.0,1,91,195.42
3374,97,68,3,15.0,1,182,31.95
3375,97,94,2,13.0,1,27,323.01
3376,97,92,5,8.0,1,185,69.54
3377,97,16,5,4.0,3,62,359.33
3378,97,81,6,4.0,2,35,45.14
3379,97,42,2,,1,105,186.13
3380,97,93,1,15.0,3,193,39.17
3381,98,65,4,6.0,2,100,38.73
3382,98,10060,5,13.0,1,142,393.57
3383,98,68,1,,2,48,31.95
3384,98,4,1,6.0,1,200,118.68
3385,98,71,2,9.0,1,237,273.46
3386,98,89,4,11.0,1,180,228.5
3387,98,94,3,10.0,2,31,323.01
3388,98,117,4,15.0,4,159,132.08
3389,98,51,3,6.0,2,35,384.39
3390,98,10,3,13.0,3,32,153.02
3391,98,82,5,9.0,3,75,393.73
3392,98,51,5,14.0,1,7,384.39
3393,98,97,4,14.0,2,186,99.11
3394,98,28,5,3.0,1,19,195.42
3395,98,36,3,2.0,1,24,112.83
3396,98,5,6,12.0,1,76,282.42
3397,98,69,4,1.0,1,213,334.17
3398,98,3,3,15.0,1,102,184.85
3399,98,10118,6,12.0,1,25,102.4
3400,98,17,4,1.0,1,241,198.42
3401,98,25,1,4.0,1,93,381.49
3402,98,114,5,14.0,1,196,392.33
3403,98,20,6,6.0,1,241,344.59
3404,98,13,2,5.0,2,230,350.79
3405,98,7,4,3.0,1,112,255.0
3406,98,63,6,7.0,2,196,114.14
3407,98,116,2,9.0,2,213,74.33
3408,98,96,1,5.0,1,230,231.12
3409,98,102,5,13.0,2,50,332.57
3410,98,31,4,15.0,1,141,276.57
3411,98,68,2,4.0,2,60,31.95
3412,98,79,6,2.0,2,171,272.45
3413,98,89,6,,1,211,228.5
3414,98,48,5,2.0,1,206,77.58
3415,98,74,2,12.0,1,116,345.9
3416,98,75,2,10.0,5,181,45.02
3417,99,80,5,14.0,1,200,351.06
3418,99,107,5,13.0,2,154,87.15
3419,99,87,6,14.0,2,117,267.42
3420,99,67,3,13.0,1,94,177.85
3421,99,82,5,6.0,2,145,393.73
3422,99,3,5,10.0,1,159,184.85
3423,99,110,2,15.0,2,49,4.35
3424,99,108,2,3.0,1,199,167.48
3425,99,52,5,1.0,4,105,29.05
3426,99,3,5,7.0,2,164,184.85
3427,99,98,4,1.0,1,165,89.1
3428,99,96,2,12.0,1,59,231.12
3429,99,29,3,10.0,2,233,264.58
3430,99,32,5,15.0,1,144,360.05
3431,99,108,3,15.0,2,89,167.48
3432,99,114,6,3.0,4,231,392.33
3433,99,79,4,9.0,2,206,272.45
3434,100,19,4,6.0,2,140,153.88
3435,100,56,6,13.0,2,141,269.33
3436,100,49,3,2.0,1,237,217.79
3437,100,2,5,7.0,2,26,144.87
3438,100,88,2,13.0,2,136,52.66
3439,100,44,1,4.0,1,199,370.69
3440,100,70,2,13.0,1,198,18.65
3441,100,66,3,1.0,1,219,134.76
3442,100,10060,2,4.0,1,1,393.57
3443,100,110,5,7.0,1,233,4.35
3444,100,9,1,13.0,3,100,254.72
3445,100,10,1,14.0,2,157,153.02
3446,100,106,1,2.0,1,97,57.07
3447,100,79,6,5.0,2,162,272.45
3448,100,110,6,8.0,2,105,4.35
3449,100,111,6,14.0,2,150,299.51
3450,100,83,4,1.0,4,187,19.67
3451,100,82,3,15.0,1,127,393.73
3452,100,77,3,1.0,1,183,11.42
3453,100,114,2,13.0,4,221,392.33
3454,100,17,5,1.0,1,143,198.42
3455,100,96,4,14.0,2,122,231.12
3456,100,119,1,10.0,3,180,399.96
3457,100,9,3,,4,240,254.72
3458,100,69,3,4.0,2,51,334.17
3459,100,30,1,15.0,1,81,349.23
3460,101,118,4,9.0,1,238,102.4
3461,101,2,2,15.0,1,233,144.87
3462,101,14,1,1.0,1,98,354.1
3463,101,97,4,9.0,1,172,99.11
3464,101,60,4,6.0,1,97,393.57
3465,101,28,4,11.0,1,140,195.42
3466,101,34,5,3.0,1,222,4.86
3467,101,7,2,5.0,2,131,255.0
3468,101,105,1,5.0,1,14,115.72
3469,101,27,6,2.0,1,102,25.05
3470,101,14,2,12.0,2,203,354.1
3471,101,66,2,2.0,2,4,134.76
3472,101,82,1,15.0,2,211,393.73
3473,101,106,2,4.0,2,67,57.07
3474,101,54,2,6.0,2,189,263.63
3475,101,101,6,8.0,2,60,380.12
3476,101,111,2,9.0,2,63,299.51
3477,101,109,5,11.0,3,82,378.53
3478,101,44,2,8.0,1,246,370.69
3479,101,64,6,12.0,2,163,254.43
3480,101,88,1,12.0,1,16,52.66
3481,101,10096,4,7.0,1,133,231.12
3482,101,19,1,1.0,2,97,153.88
3483,102,11,6,3.0,2,58,274.48
3484,102,42,6,7.0,2,174,186.13
3485,102,47,1,9.0,3,115,279.24
3486,102,88,3,3.0,4,188,52.66
3487,102,84,2,10.0,1,36,288.33
3488,102,51,4,1.0,1,143,384.39
3489,102,99,6,7.0,2,160,21.99
3490,102,37,5,3.0,2,33,374.33
3491,102,5,3,10.0,3,178,282.42
3492,102,85,5,12.0,2,154,173.66
3493,102,33,5,11.0,2,34,136.56
3494,102,78,3,10.0,1,132,386.82
3495,102,9,6,6.0,2,116,254.72
3496,102,65,4,13.0,2,234,38.73
3497,102,84,4,15.0,1,46,288.33
3498,102,70,4,8.0,1,51,18.65
3499,102,85,2,,2,158,173.66
3500,102,49,1,2.0,2,185,217.79
3501,102,60,4,8.0,2,99,393.57
3502,102,110,5,7.0,2,130,4.35
3503,102,109,2,3.0,2,82,378.53
3504,102,26,4,1.0,2,203,196.47
3505,102,41,6,7.0,2,165,77.7
3506,102,81,2,12.0,1,69,45.14
3507,102,85,3,7.0,3,98,173.66
3508,102,43,6,1.0,2,8,40.97
3509,102,22,3,3.0,2,200,182.58
3510,102,110,3,3.0,2,240,4.35
3511,102,59,5,3.0,2,91,149.07
3512,102,79,3,4.0,2,163,272.45
3513,102,88,5,14.0,4,69,52.66
3514,102,107,2,4.0,2,140,87.15
3515,102,119,5,6.0,4,104,399.96
3516,102,11,6,6.0,1,48,274.48
3517,102,44,6,8.0,2,46,370.69
3518,102,44,4,10.0,3,44,370.69
3519,102,76,2,4.0,1,88,327.0
3520,102,101,6,4.0,2,221,380.12
3521,102,65,1,7.0,5,95,38.73
3522,102,10055,6,5.0,1,245,268.55
3523,102,109,5,10.0,1,83,378.53
3524,102,99,6,5.0,2,58,21.99
3525,102,40,6,15.0,1,173,162.24
3526,102,106,5,14.0,3,29,57.07
3527,102,77,4,4.0,3,134,11.42
3528,102,43,5,13.0,2,10,40.97
3529,102,47,2,2.0,1,84,279.24
3530,102,14,3,4.0,1,28,354.1
3531,102,23,3,4.0,1,210,204.06
3532,103,13,2,8.0,4,218,350.79
3533,103,3,5,14.0,1,39,184.85
3534,103,83,1,13.0,2,203,19.67
3535,103,100,3,7.0,1,158,320.96
3536,103,16,6,8.0,2,144,359.33
3537,103,94,2,1.0,1,70,323.01
3538,103,31,5,14.0,1,197,276.57
3539,103,21,2,9.0,1,208,307.9
3540,103,100,4,6.0,3,222,320.96
3541,103,65,4,8.0,2,138,38.73
3542,103,39,2,12.0,1,87,170.58
3543,103,95,6,11.0,2,87,245.29
3544,103,55,3,6.0,2,202,268.55
3545,103,79,3,3.0,2,78,272.45
3546,103,117,1,13.0,4,178,132.08
3547,103,43,1,14.0,1,2,40.97
3548,103,6,2,6.0,3,164,342.42
3549,103,83,2,4.0,1,34,19.67
3550,103,106,1,14.0,2,82,57.07
3551,103,1,3,1.0,1,134,382.97
3552,103,82,4,3.0,1,175,393.73
3553,103,39,3,9.0,1,158,170.58
3554,103,76,5,8.0,1,37,327.0
3555,104,109,6,4.0,2,109,378.53
3556,104,82,4,5.0,1,165,393.73
3557,104,96,1,14.0,1,132,231.12
3558,104,91,2,5.0,5,54,177.83
3559,104,9,5,14.0,4,45,254.72
3560,104,104,1,4.0,2,215,194.87
3561,104,26,5,14.0,1,166,196.47
3562,104,40,5,7.0,1,190,162.24
3563,104,12,5,5.0,1,126,322.41
3564,104,92,5,1.0,1,137,69.54
3565,104,61,4,2.0,1,171,327.21
3566,104,101,2,8.0,2,119,380.12
3567,104,96,3,5.0,1,124,231.12
3568,104,20,5,6.0,1,37,344.59
3569,104,66,6,7.0,2,231,134.76
3570,104,31,6,1.0,2,141,276.57
3571,104,92,4,11.0,3,121,69.54
3572,104,59,6,8.0,1,202,149.07
3573,104,28,5,3.0,2,245,195.42
3574,104,4,3,3.0,2,148,118.68
3575,104,117,5,7.0,4,226,132.08
3576,104,13,6,6.0,1,169,350.79
3577,104,10,6,9.0,3,141,153.02
3578,104,115,2,6.0,1,180,265.87
3579,104,102,5,9.0,4,53,332.57
3580,104,10096,3,2.0,1,126,231.12
3581,104,60,6,8.0,2,57,393.57
3582,104,51,3,1.0,1,147,384.39
3583,104,111,3,13.0,1,128,299.51
3584,104,93,1,8.0,2,155,39.17
3585,104,111,5,3.0,2,147,299.51
3586,104,9,2,4.0,1,171,254.72
3587,104,60,5,12.0,3,29,393.57
3588,104,91,3,9.0,1,243,177.83
3589,104,32,2,13.0,3,173,360.05
3590,104,13,2,7.0,2,187,350.79
3591,104,111,1,3.0,2,10,299.51
3592,104,34,5,13.0,3,241,4.86
3593,104,60,5,14.0,2,146,393.57
3594,104,88,2,12.0,1,181,52.66
3595,104,86,5,4.0,3,164,266.03
3596,105,119,1,5.0,2,78,399.96
3597,105,50,6,10.0,1,219,191.76
3598,105,42,1,6.0,2,214,186.13
3599,105,10060,2,10.0,3,231,393.57
3600,105,12,1,11.0,3,148,322.41
3601,105,119,6,12.0,1,90,399.96
3602,105,12,3,5.0,2,168,322.41
3603,105,66,2,14.0,3,51,134.76
3604,105,74,4,2.0,3,54,345.9
3605,105,64,1,2.0,2,38,254.43
3606,105,82,2,2.0,1,54,393.73
3607,105,111,6,8.0,1,105,299.51
3608,105,85,2,10.0,2,198,173.66
3609,105,12,1,7.0,2,27,322.41
3610,105,24,1,12.0,1,9,204.05
3611,105,93,3,15.0,1,136,39.17
3612,105,120,2,10.0,2,192,18.02
3613,106,5,3,7.0,2,98,282.42
3614,106,69,1,8.0,1,167,334.17
3615,106,104,3,2.0,3,39,194.87
3616,106,37,2,5.0,2,6,374.33
3617,106,88,4,3.0,2,237,52.66
3618,106,2,5,3.0,1,39,144.87
3619,106,49,2,,2,211,217.79
3620,106,90,3,6.0,2,185,85.65
3621,106,102,1,12.0,1,168,332.57
3622,106,120,2,10.0,1,153,18.02
3623,106,100,6,14.0,1,5,320.96
3624,106,30,4,5.0,2,49,349.23
3625,106,46,5,6.0,1,100,2.86
3626,106,119,2,1.0,1,67,399.96
3627,106,114,6,1.0,4,37,392.33
3628,106,120,1,6.0,5,158,18.02
3629,106,30,5,1.0,1,43,349.23
3630,106,8,4,2.0,2,111,268.73
3631,106,76,1,3.0,1,33,327.0
3632,106,68,6,2.0,3,88,31.95
3633,106,10055,2,11.0,1,162,268.55
3634,106,29,6,5.0,2,9,264.58
3635,106,16,1,15.0,1,232,359.33
3636,106,64,5,11.0,1,116,254.43
3637,106,115,3,6.0,1,114,265.87
3638,106,100,3,7.0,2,216,320.96
3639,106,32,3,2.0,1,36,360.05
3640,106,33,4,2.0,2,12,136.56
3641,106,99,1,9.0,2,32,21.99
3642,106,4,6,9.0,1,59,118.68
3643,106,52,3,2.0,1,126,29.05
3644,107,67,1,11.0,2,94,177.85
3645,107,19,5,,1,185,153.88
3646,107,44,6,2.0,1,51,370.69
3647,107,53,4,1.0,2,119,99.99
3648,107,43,1,14.0,2,223,40.97
3649,107,68,3,4.0,1,206,31.95
3650,107,15,6,1.0,1,145,100.16
3651,107,45,5,11.0,1,91,193.58
3652,107,91,4,8.0,1,8,177.83
3653,107,72,1,11.0,1,206,389.59
3654,107,26,5,14.0,3,208,196.47
3655,107,57,3,15.0,3,101,184.4
3656,107,20,1,2.0,1,135,344.59
3657,107,18,6,1.0,1,9,65.67
3658,107,35,4,2.0,1,80,362.36
3659,107,81,5,,4,18,45.14
3660,107,7,4,11.0,2,120,255.0
3661,107,33,1,,1,168,136.56
3662,107,31,5,9.0,1,18,276.57
3663,107,73,6,11.0,2,179,352.8
3664,107,1,3,12.0,1,17,382.97
3665,107,23,1,10.0,1,129,204.06
3666,107,76,3,10.0,1,211,327.0
3667,107,117,4,9.0,2,127,132.08
3668,107,83,1,10.0,2,113,19.67
3669,107,105,4,9.0,2,192,115.72
3670,107,53,4,3.0,1,56,99.99
3671,107,10055,1,10.0,2,69,268.55
3672,107,107,2,7.0,1,47,87.15
3673,107,89,5,10.0,1,75,228.5
3674,107,117,1,8.0,2,207,132.08
3675,107,92,3,7.0,1,218,69.54
3676,107,85,2,,5,120,173.66
3677,107,59,5,2.0,1,23,149.07
3678,107,108,2,11.0,1,8,167.48
3679,107,85,6,14.0,2,239,173.66
3680,107,70,1,11.0,3,180,18.65
3681,107,74,5,15.0,2,200,345.9
3682,107,116,2,2.0,2,250,74.33
3683,107,3,6,9.0,1,161,184.85
3684,108,38,6,14.0,2,211,323.38
3685,108,70,4,5.0,3,137,18.65
3686,108,98,1,15.0,1,227,89.1
3687,108,66,6,10.0,1,113,134.76
3688,108,48,4,9.0,4,45,77.58
3689,108,4,3,7.0,1,122,118.68
3690,108,86,1,3.0,1,216,266.03
3691,108,73,1,7.0,1,24,352.8
3692,108,86,1,9.0,2,229,266.03
3693,108,105,5,3.0,2,154,115.72
3694,108,72,5,12.0,2,193,389.59
3695,108,10096,6,8.0,1,171,231.12
3696,108,35,1,4.0,2,183,362.36
3697,108,116,1,7.0,1,29,74.33
3698,108,6,4,11.0,1,64,342.42
3699,108,37,6,12.0,1,142,374.33
3700,108,43,6,2.0,2,200,40.97
3701,108,75,6,7.0,4,47,45.02
3702,108,6,5,12.0,1,164,342.42
3703,108,79,4,4.0,1,185,272.45
3704,108,79,4,,1,116,272.45
3705,108,20,1,3.0,2,144,344.59
3706,108,50,2,15.0,1,92,191.76
3707,108,32,6,9.0,2,140,360.05
3708,108,65,5,13.0,1,57,38.73
3709,108,52,5,4.0,1,158,29.05
3710,108,56,2,7.0,1,123,269.33
3711,108,97,5,10.0,1,18,99.11
3712,108,80,1,2.0,1,55,351.06
3713,108,15,5,12.0,5,64,100.16
3714,108,97,5,3.0,1,211,99.11
3715,108,92,4,4.0,3,122,69.54
3716,108,115,1,4.0,2,12,265.87
3717,108,42,5,7.0,3,86,186.13
3718,108,90,1,6.0,2,233,85.65
3719,108,97,3,5.0,4,32,99.11
3720,108,55,3,14.0,2,50,268.55
3721,108,36,1,7.0,2,103,112.83
3722,108,61,6,15.0,2,239,327.21
3723,108,99,5,5.0,2,153,21.99
3724,108,97,5,9.0,2,139,99.11
3725,108,94,1,8.0,4,214,323.01
3726,108,13,3,5.0,2,106,350.79
3727,109,108,3,15.0,2,101,167.48
3728,109,10055,3,10.0,2,170,268.55
3729,109,104,2,10.0,2,102,194.87
3730,109,71,4,9.0,2,98,273.46
3731,109,89,1,10.0,2,67,228.5
3732,109,103,6,2.0,4,158,105.16
3733,109,77,6,14.0,1,176,11.42
3734,109,47,2,7.0,2,228,279.24
3735,110,45,1,2.0,2,109,193.58
3736,110,8,2,9.0,2,193,268.73
3737,110,104,4,6.0,2,64,194.87
3738,110,91,6,9.0,1,149,177.83
3739,110,48,5,8.0,1,2,77.58
3740,110,77,6,5.0,1,207,11.42
3741,110,68,5,1.0,1,76,31.95
3742,110,49,6,13.0,3,232,217.79
3743,110,72,5,8.0,2,106,389.59
3744,110,102,4,1.0,1,210,332.57
3745,110,40,3,6.0,2,126,162.24
3746,110,44,5,10.0,2,116,370.69
3747,110,40,3,4.0,2,201,162.24
3748,110,78,1,4.0,2,220,386.82
3749,110,34,4,13.0,2,34,4.86
3750,110,24,4,5.0,3,14,204.05
3751,110,81,3,6.0,1,59,45.14
3752,110,2,6,7.0,3,42,144.87
3753,110,16,2,3.0,3,247,359.33
3754,110,58,4,8.0,2,178,86.84
3755,110,40,4,6.0,2,157,162.24
3756,110,4,1,5.0,1,182,118.68
3757,110,12,3,14.0,5,129,322.41
3758,110,33,5,11.0,2,100,136.56
3759,110,1,5,,5,122,382.97
3760,110,51,4,9.0,2,33,384.39
3761,110,11,2,15.0,1,242,274.48
3762,110,120,1,5.0,1,115,18.02
3763,110,92,4,14.0,1,43,69.54
3764,110,55,1,2.0,2,236,268.55
3765,110,27,5,12.0,1,195,25.05
3766,110,44,2,12.0,3,151,370.69
3767,111,60,5,14.0,2,163,393.57
3768,111,34,5,3.0,1,32,4.86
3769,111,89,2,15.0,2,65,228.5
3770,111,97,3,11.0,1,242,99.11
3771,111,40,6,11.0,1,120,162.24
3772,111,19,2,2.0,1,29,153.88
3773,111,25,2,8.0,1,74,381.49
3774,111,79,6,8.0,2,175,272.45
3775,111,94,1,15.0,4,199,323.01
3776,111,27,2,11.0,1,165,25.05
3777,111,22,4,4.0,2,223,182.58
3778,111,69,4,14.0,2,19,334.17
3779,111,46,6,,3,139,2.86
3780,111,109,1,7.0,1,247,378.53
3781,111,6,3,11.0,1,50,342.42
3782,111,78,2,9.0,1,129,386.82
3783,111,35,5,6.0,2,218,362.36
3784,111,40,1,,1,236,162.24
3785,111,101,6,9.0,3,18,380.12
3786,111,51,4,5.0,2,132,384.39
3787,111,108,4,3.0,3,72,167.48
3788,111,118,6,5.0,1,68,102.4
3789,111,106,5,9.0,1,226,57.07
3790,111,9,4,4.0,1,116,254.72
3791,111,71,1,,2,176,273.46
3792,111,117,6,4.0,2,165,132.08
3793,111,19,5,9.0,2,132,153.88
3794,111,112,5,13.0,2,160,89.33
3795,111,55,5,13.0,2,40,268.55
3796,111,98,6,5.0,3,81,89.1
3797,111,90,2,2.0,2,71,85.65
3798,111,88,2,4.0,2,10,52.66
3799,112,111,6,9.0,2,192,299.51
3800,112,91,3,3.0,4,232,177.83
3801,112,72,6,8.0,1,42,389.59
3802,112,31,5,3.0,2,250,276.57
3803,112,83,6,1.0,1,101,19.67
3804,112,21,5,3.0,3,133,307.9
3805,112,119,1,9.0,3,237,399.96
3806,112,19,1,2.0,1,4,153.88
3807,112,23,1,,1,178,204.06
3808,112,60,4,1.0,2,233,393.57
3809,112,108,6,14.0,1,143,167.48
3810,112,87,4,2.0,3,3,267.42
3811,112,105,3,7.0,2,204,115.72
3812,112,8,6,9.0,1,75,268.73
3813,112,84,2,2.0,3,151,288.33
3814,112,7,4,13.0,2,193,255.0
3815,112,71,6,6.0,2,80,273.46
3816,112,76,3,13.0,1,26,327.0
3817,112,26,6,1.0,1,118,196.47
3818,113,48,3,12.0,1,151,77.58
3819,113,107,1,15.0,1,177,87.15
3820,113,56,6,5.0,1,24,269.33
3821,113,116,6,6.0,1,77,74.33
3822,113,91,1,15.0,3,242,177.83
3823,113,37,1,9.0,1,83,374.33
3824,113,79,5,10.0,1,121,272.45
3825,113,79,1,9.0,1,195,272.45
3826,113,54,5,9.0,1,37,263.63
3827,113,93,5,7.0,1,41,39.17
3828,113,59,1,9.0,1,111,149.07
3829,113,67,6,8.0,2,136,177.85
3830,113,85,6,10.0,5,19,173.66
3831,113,48,5,6.0,1,117,77.58
3832,113,73,4,1.0,2,178,352.8
3833,113,17,1,3.0,2,111,198.42
3834,113,98,3,11.0,3,134,89.1
3835,113,107,2,5.0,2,21,87.15
3836,113,1,5,3.0,2,241,382.97
3837,113,60,3,6.0,1,249,393.57
3838,113,59,4,12.0,4,24,149.07
3839,113,18,4,10.0,2,48,65.67
3840,113,13,5,14.0,2,166,350.79
3841,113,36,1,10.0,2,104,112.83
3842,113,56,3,3.0,4,155,269.33
3843,113,43,5,8.0,4,14,40.97
3844,113,113,3,6.0,2,69,268.21
3845,113,14,5,5.0,3,96,354.1
3846,113,107,1,13.0,2,130,87.15
3847,113,109,5,14.0,1,223,378.53
3848,113,107,1,1.0,1,241,87.15
3849,113,9,6,15.0,2,181,254.72
3850,113,53,3,8.0,3,44,99.99
3851,113,18,3,8.0,1,46,65.67
3852,113,118,5,15.0,2,185,102.4
3853,113,36,1,8.0,3,134,112.83
3854,113,117,5,12.0,2,68,132.08
3855,113,31,1,7.0,2,19,276.57
3856,113,120,5,13.0,1,198,18.02
3857,114,62,1,6.0,1,242,107.26
3858,114,90,1,10.0,2,96,85.65
3859,114,79,2,15.0,4,207,272.45
3860,114,105,6,3.0,1,110,115.72
3861,114,113,1,4.0,1,243,268.21
3862,114,102,4,10.0,2,35,332.57
3863,114,5,4,7.0,1,152,282.42
3864,114,2,1,5.0,1,232,144.87
3865,114,84,1,10.0,2,202,288.33
3866,114,92,3,4.0,1,208,69.54
3867,114,103,5,7.0,2,152,105.16
3868,114,28,4,10.0,2,66,195.42
3869,114,61,1,12.0,1,23,327.21
3870,114,102,6,3.0,4,122,332.57
3871,114,40,5,15.0,1,198,162.24
3872,114,10,1,1.0,2,40,153.02
3873,114,72,6,4.0,1,176,389.59
3874,114,60,3,15.0,1,201,393.57
3875,114,47,4,13.0,2,226,279.24
3876,114,44,2,1.0,2,104,370.69
3877,114,70,4,,3,110,18.65
3878,114,76,5,12.0,1,65,327.0
3879,114,120,5,9.0,3,78,18.02
3880,114,41,2,13.0,4,233,77.7
3881,114,109,3,3.0,2,139,378.53
3882,114,43,1,8.0,1,238,40.97
3883,114,7,4,10.0,1,86,255.0
3884,115,27,5,14.0,1,3,25.05
3885,115,70,3,6.0,2,28,18.65
3886,115,81,6,1.0,1,171,45.14
3887,115,14,2,2.0,5,26,354.1
3888,115,65,4,11.0,2,5,38.73
3889,115,104,3,8.0,1,175,194.87
3890,115,88,6,11.0,1,7,52.66
3891,115,80,3,6.0,1,210,351.06
3892,115,35,6,11.0,3,46,362.36
3893,115,115,1,3.0,5,113,265.87
3894,115,101,5,1.0,3,3,380.12
3895,115,54,6,2.0,1,82,263.63
3896,115,28,6,15.0,1,225,195.42
3897,115,103,6,10.0,1,67,105.16
3898,115,114,5,8.0,1,73,392.33
3899,115,107,4,8.0,1,181,87.15
3900,115,17,4,1.0,1,239,198.42
3901,115,96,5,11.0,1,8,231.12
3902,115,86,1,7.0,3,74,266.03
3903,115,80,2,13.0,4,185,351.06
3904,115,89,5,5.0,1,90,228.5
3905,115,5,2,9.0,1,157,282.42
3906,115,98,3,9.0,2,77,89.1
3907,115,117,1,11.0,2,87,132.08
3908,115,79,2,6.0,3,89,272.45
3909,115,32,3,6.0,2,38,360.05
3910,115,50,1,,1,105,191.76
3911,115,73,5,,4,5,352.8
3912,115,55,5,9.0,1,100,268.55
3913,115,62,3,12.0,2,230,107.26
3914,116,62,5,11.0,1,33,107.26
3915,116,10060,2,10.0,2,218,393.57
3916,116,75,6,6.0,1,221,45.02
3917,116,1,4,7.0,1,195,382.97
3918,116,21,3,4.0,2,42,307.9
3919,116,107,1,4.0,2,98,87.15
3920,116,17,4,2.0,1,118,198.42
3921,116,24,5,3.0,2,170,204.05
3922,116,90,2,4.0,4,79,85.65
3923,116,13,1,,1,202,350.79
3924,116,6,6,7.0,1,215,342.42
3925,116,46,2,,2,196,2.86
3926,116,72,4,4.0,4,4,389.59
3927,116,116,1,7.0,1,114,74.33
3928,116,18,5,5.0,1,230,65.67
3929,116,10060,4,15.0,2,145,393.57
3930,116,70,4,10.0,2,221,18.65
3931,116,22,5,13.0,1,109,182.58
3932,116,51,1,14.0,1,62,384.39
3933,116,103,2,15.0,1,178,105.16
3934,116,48,3,2.0,1,66,77.58
3935,116,60,1,3.0,2,1,393.57
3936,116,15,1,14.0,3,42,100.16
3937,116,97,5,,1,49,99.11
3938,116,10060,2,13.0,1,156,393.57
3939,116,22,1,15.0,2,135,182.58
3940,116,67,5,12.0,2,2,177.85
3941,116,73,1,13.0,2,29,352.8
3942,116,28,5,9.0,2,141,195.42
3943,116,76,3,8.0,1,177,327.0
3944,116,22,6,7.0,4,143,182.58
3945,116,91,1,13.0,2,87,177.83
3946,116,62,5,12.0,3,155,107.26
3947,116,9,5,10.0,3,242,254.72
3948,116,117,5,3.0,1,206,132.08
3949,116,43,3,11.0,2,25,40.97
3950,116,18,2,8.0,5,42,65.67
3951,116,23,5,5.0,1,138,204.06
3952,116,119,2,3.0,1,16,399.96
3953,116,36,3,5.0,1,168,112.83
3954,116,17,6,12.0,1,29,198.42
3955,117,74,5,12.0,4,3,345.9
3956,117,95,6,3.0,2,10,245.29
3957,117,7,3,12.0,2,39,255.0
3958,117,17,2,8.0,1,92,198.42
3959,117,17,6,4.0,3,96,198.42
3960,117,6,2,7.0,2,86,342.42
3961,117,53,3,1.0,3,175,99.99
3962,117,8,3,10.0,5,60,268.73
3963,117,57,4,7.0,4,232,184.4
3964,117,79,5,13.0,2,19,272.45
3965,117,84,2,2.0,2,107,288.33
3966,117,105,6,2.0,2,121,115.72
3967,117,111,5,3.0,1,150,299.51
3968,117,68,2,13.0,2,8,31.95
3969,117,108,6,5.0,1,18,167.48
3970,117,51,2,2.0,2,206,384.39
3971,117,10096,1,1.0,3,129,231.12
3972,117,52,5,14.0,1,107,29.05
3973,117,117,4,13.0,2,225,132.08
3974,117,50,2,15.0,3,40,191.76
3975,117,66,4,1.0,1,78,134.76
3976,117,100,3,1.0,2,113,320.96
3977,117,51,2,10.0,4,198,384.39
3978,117,29,5,1.0,1,78,264.58
3979,117,49,2,3.0,2,217,217.79
3980,117,18,4,2.0,1,23,65.67
3981,117,19,3,7.0,1,171,153.88
3982,117,107,6,11.0,1,143,87.15
3983,117,35,6,11.0,2,132,362.36
3984,117,82,1,8.0,3,243,393.73
3985,117,10055,6,12.0,5,160,268.55
3986,117,19,6,5.0,4,233,153.88
3987,117,11,6,11.0,2,98,274.48
3988,117,26,5,4.0,1,228,196.47
3989,117,10118,3,3.0,1,228,102.4
3990,117,8,3,4.0,1,63,268.73
3991,117,26,1,4.0,1,20,196.47
3992,117,107,3,9.0,1,128,87.15
3993,117,48,6,14.0,1,120,77.58
3994,117,50,6,5.0,2,128,191.76
3995,117,59,4,15.0,1,185,149.07
3996,117,35,6,15.0,2,235,362.36
3997,117,10055,2,4.0,2,112,268.55
3998,117,61,3,15.0,1,187,327.21
3999,117,65,4,2.0,2,111,38.73
4000,117,36,2,6.0,1,74,112.83
4001,117,69,6,10.0,1,86,334.17
4002,117,120,5,5.0,3,131,18.02
4003,117,44,2,10.0,1,37,370.69
4004,117,10096,3,7.0,1,78,231.12
4005,117,24,1,4.0,2,4,204.05
4006,117,36,2,13.0,2,184,112.83
4007,117,16,3,2.0,2,239,359.33
4008,117,7,6,11.0,2,140,255.0
4009,118,32,2,14.0,2,30,360.05
4010,118,41,3,13.0,1,15,77.7
4011,118,53,2,8.0,2,58,99.99
4012,118,117,6,1.0,1,137,132.08
4013,118,94,1,9.0,2,211,323.01
4014,118,22,2,2.0,1,95,182.58
4015,118,58,1,9.0,2,72,86.84
4016,118,27,3,11.0,1,72,25.05
4017,118,23,4,9.0,2,205,204.06
4018,118,35,6,11.0,2,128,362.36
4019,118,64,2,3.0,1,223,254.43
4020,118,105,6,,2,136,115.72
4021,118,44,6,4.0,1,232,370.69
4022,118,58,2,7.0,1,175,86.84
4023,118,25,2,2.0,1,72,381.49
4024,118,83,1,11.0,3,180,19.67
4025,118,20,4,2.0,1,7,344.59
4026,118,48,3,11.0,3,12,77.58
4027,118,118,2,11.0,1,46,102.4
4028,118,9,3,8.0,2,170,254.72
4029,118,25,1,10.0,2,78,381.49
4030,118,74,6,13.0,1,236,345.9
4031,118,51,5,12.0,1,23,384.39
4032,118,22,1,4.0,2,97,182.58
4033,118,45,6,13.0,2,101,193.58
4034,118,93,1,3.0,1,148,39.17
4035,118,110,4,6.0,2,33,4.35
4036,118,10118,5,15.0,2,221,102.4
4037,118,28,2,3.0,2,164,195.42
4038,118,105,4,10.0,2,49,115.72
4039,118,78,5,5.0,3,94,386.82
4040,118,89,6,13.0,3,213,228.5
4041,118,46,2,7.0,1,110,2.86
4042,118,45,1,2.0,1,233,193.58
4043,118,59,1,7.0,1,156,149.07
4044,118,10060,1,13.0,2,41,393.57
4045,118,26,4,,2,4,196.47
4046,118,20,4,11.0,2,217,344.59
4047,118,71,2,9.0,4,174,273.46
4048,118,10118,2,14.0,2,127,102.4
4049,118,108,6,12.0,2,196,167.48
4050,118,111,3,8.0,1,52,299.51
4051,118,97,3,4.0,1,249,99.11
4052,119,19,2,9.0,5,5,153.88
4053,119,97,5,3.0,2,89,99.11
4054,119,86,6,12.0,2,209,266.03
4055,119,88,6,3.0,2,188,52.66
4056,119,52,1,14.0,4,228,29.05
4057,119,44,2,1.0,2,231,370.69
4058,119,107,6,8.0,1,222,87.15
4059,119,9,6,1.0,2,70,254.72
4060,119,102,4,14.0,1,61,332.57
4061,119,86,3,9.0,1,244,266.03
4062,119,16,6,3.0,1,4,359.33
4063,119,10,2,3.0,3,103,153.02
4064,119,66,3,4.0,2,147,134.76
4065,119,61,6,2.0,2,81,327.21
4066,119,102,4,6.0,2,65,332.57
4067,119,103,2,11.0,2,18,105.16
4068,119,55,6,2.0,1,145,268.55
4069,119,87,3,5.0,2,5,267.42
4070,119,86,1,7.0,2,152,266.03
4071,119,76,3,8.0,5,92,327.0
4072,119,8,4,13.0,2,36,268.73
4073,119,22,4,11.0,1,4,182.58
4074,119,111,6,3.0,1,187,299.51
4075,119,20,3,4.0,2,147,344.59
4076,119,92,4,10.0,1,104,69.54
4077,119,73,6,1.0,2,145,352.8
4078,119,61,2,7.0,4,126,327.21
4079,119,30,1,13.0,3,48,349.23
4080,119,84,4,1.0,1,118,288.33
4081,119,90,5,9.0,4,160,85.65
4082,119,70,4,14.0,2,164,18.65
4083,119,10096,6,15.0,4,235,231.12
4084,119,40,2,2.0,2,162,162.24
4085,119,43,3,9.0,2,173,40.97
4086,119,75,6,4.0,2,32,45.02
4087,119,21,1,6.0,1,216,307.9
4088,119,45,4,5.0,1,73,193.58
4089,119,59,3,12.0,2,13,149.07
4090,119,54,5,5.0,1,80,263.63
4091,119,98,4,5.0,2,147,89.1
4092,119,58,3,2.0,1,108,86.84
4093,119,50,3,1.0,2,66,191.76
4094,119,5,1,6.0,3,81,282.42
4095,119,61,2,,2,190,327.21
4096,119,35,5,3.0,1,247,362.36
4097,119,11,1,10.0,2,167,274.48
4098,119,73,6,6.0,1,53,352.8
4099,119,48,5,1.0,1,46,77.58
4100,119,15,2,8.0,1,106,100.16
4101,119,55,3,2.0,2,219,268.55
4102,119,38,5,9.0,1,216,323.38
4103,119,43,5,15.0,2,73,40.97
4104,119,56,2,6.0,1,193,269.33
4105,119,116,3,5.0,1,182,74.33
4106,119,10,3,7.0,1,146,153.02
4107,119,76,2,4.0,3,214,327.0
4108,119,110,3,8.0,2,73,4.35
4109,120,113,3,5.0,1,5,268.21
4110,120,87,6,3.0,2,38,267.42
4111,120,76,3,3.0,1,155,327.0
4112,120,93,2,11.0,2,210,39.17
4113,120,99,5,15.0,2,70,21.99
4114,120,21,1,15.0,1,195,307.9
4115,120,17,1,2.0,2,221,198.42
4116,120,6,4,15.0,2,219,342.42
4117,120,25,3,13.0,2,106,381.49
4118,120,61,5,13.0,1,33,327.21
4119,120,2,1,10.0,1,111,144.87
4120,120,49,1,10.0,2,58,217.79
4121,120,106,1,12.0,2,224,57.07
4122,120,18,1,14.0,1,119,65.67
4123,120,51,3,10.0,1,101,384.39
4124,120,75,3,14.0,1,121,45.02
4125,120,72,4,2.0,4,237,389.59
4126,120,28,1,6.0,2,142,195.42
4127,120,34,6,7.0,1,57,4.86
4128,120,29,5,1.0,1,227,264.58
4129,120,114,2,7.0,1,41,392.33
4130,120,95,2,,4,64,245.29
4131,120,59,3,7.0,1,54,149.07
4132,120,3,3,8.0,2,183,184.85
4133,120,65,6,13.0,2,169,38.73
4134,120,106,5,1.0,1,142,57.07
4135,120,10055,6,12.0,2,230,268.55
4136,120,111,3,10.0,1,246,299.51
4137,120,114,6,11.0,1,249,392.33
4138,121,34,2,5.0,1,54,4.86
4139,121,8,2,13.0,2,203,268.73
4140,121,10055,1,14.0,2,144,268.55
4141,121,36,4,3.0,2,115,112.83
4142,121,94,2,3.0,2,134,323.01
4143,121,80,2,,5,5,351.06
4144,121,52,5,4.0,1,53,29.05
4145,121,30,1,5.0,3,105,349.23
4146,121,9,6,11.0,2,231,254.72
4147,121,59,3,1.0,1,113,149.07
4148,121,19,4,6.0,3,193,153.88
4149,121,32,6,5.0,2,165,360.05
4150,121,8,1,3.0,1,234,268.73
4151,121,75,5,14.0,1,125,45.02
4152,121,4,2,15.0,1,244,118.68
4153,121,6,2,8.0,2,18,342.42
4154,121,103,5,13.0,4,235,105.16
4155,121,12,4,3.0,2,170,322.41
4156,122,38,1,1.0,2,113,323.38
4157,122,93,4,5.0,2,170,39.17
4158,122,60,6,2.0,3,213,393.57
4159,122,83,6,6.0,3,212,19.67
4160,122,14,5,10.0,1,240,354.1
4161,122,119,3,6.0,3,164,399.96
4162,122,69,4,11.0,2,121,334.17
4163,122,44,5,2.0,2,47,370.69
4164,122,77,1,10.0,1,201,11.42
4165,122,50,4,5.0,2,183,191.76
4166,122,65,6,4.0,1,125,38.73
4167,122,25,4,2.0,1,204,381.49
4168,122,17,1,1.0,1,31,198.42
4169,122,10118,5,12.0,2,89,102.4
4170,122,71,4,12.0,5,158,273.46
4171,122,118,1,1.0,1,221,102.4
4172,122,38,6,,2,162,323.38
4173,122,77,2,10.0,4,249,11.42
4174,122,33,6,10.0,2,82,136.56
4175,122,115,1,3.0,2,45,265.87
4176,122,64,4,4.0,1,57,254.43
4177,122,24,2,,2,220,204.05
4178,122,19,1,7.0,1,174,153.88
4179,122,104,3,11.0,1,98,194.87
4180,122,25,2,1.0,2,178,381.49
4181,122,26,2,5.0,2,78,196.47
4182,122,116,1,14.0,1,133,74.33
4183,122,77,5,1.0,2,70,11.42
4184,122,103,2,,2,96,105.16
4185,122,49,5,2.0,2,157,217.79
4186,122,41,2,8.0,2,128,77.7
4187,122,90,2,11.0,1,169,85.65
4188,122,10055,5,7.0,1,60,268.55
4189,122,58,4,13.0,1,44,86.84
4190,122,46,5,7.0,1,21,2.86
4191,122,45,5,13.0,3,155,193.58
4192,123,119,2,5.0,2,30,399.96
4193,123,119,4,3.0,1,152,399.96
4194,123,97,6,7.0,1,60,99.11
4195,123,60,6,3.0,1,166,393.57
4196,123,106,5,11.0,1,196,57.07
4197,123,6,4,6.0,4,170,342.42
4198,123,66,1,9.0,1,87,134.76
4199,123,27,6,11.0,1,138,25.05
4200,123,6,1,9.0,2,219,342.42
4201,123,91,2,11.0,3,22,177.83
4202,123,20,1,3.0,1,201,344.59
4203,123,96,3,15.0,1,227,231.12
4204,123,48,5,7.0,1,140,77.58
4205,123,64,4,1.0,1,27,254.43
4206,123,15,5,9.0,2,138,100.16
4207,123,40,3,14.0,1,215,162.24
4208,123,6,4,15.0,2,129,342.42
4209,123,64,4,8.0,3,63,254.43
4210,123,67,3,7.0,2,164,177.85
4211,123,10055,4,13.0,1,191,268.55
4212,123,56,6,5.0,1,169,269.33
4213,123,79,2,7.0,1,208,272.45
4214,123,10,2,5.0,1,177,153.02
4215,123,37,2,9.0,1,56,374.33
4216,123,15,3,9.0,2,235,100.16
4217,123,99,6,2.0,3,121,21.99
4218,123,58,2,7.0,3,151,86.84
4219,123,79,3,9.0,2,25,272.45
4220,123,66,6,12.0,2,141,134.76
4221,123,29,4,1.0,1,189,264.58
4222,123,22,6,,2,2,182.58
4223,123,26,6,6.0,1,50,196.47
4224,123,25,1,,2,162,381.49
4225,123,104,2,15.0,1,136,194.87
4226,123,71,6,,3,91,273.46
4227,123,21,4,10.0,2,44,307.9
4228,123,73,5,8.0,2,102,352.8
4229,123,56,2,13.0,2,112,269.33
4230,123,110,2,9.0,4,228,4.35
4231,123,112,5,7.0,1,173,89.33
4232,123,10060,2,8.0,2,105,393.57
4233,123,11,5,2.0,3,227,274.48
4234,124,70,4,8.0,2,27,18.65
4235,124,71,3,2.0,1,1,273.46
4236,124,25,2,13.0,4,41,381.49
4237,124,29,6,2.0,1,173,264.58
4238,124,66,6,6.0,2,230,134.76
4239,124,95,5,2.0,1,136,245.29
4240,124,91,6,1.0,2,104,177.83
4241,124,62,4,11.0,4,12,107.26
4242,124,81,6,10.0,1,43,45.14
4243,124,116,5,14.0,1,168,74.33
4244,124,32,1,8.0,2,156,360.05
4245,124,53,1,9.0,1,178,99.99
4246,124,76,4,9.0,1,165,327.0
4247,124,89,3,8.0,1,46,228.5
4248,124,3,6,3.0,2,180,184.85
4249,124,48,6,7.0,1,137,77.58
4250,124,22,5,10.0,1,213,182.58
4251,124,42,4,10.0,1,130,186.13
4252,124,115,2,4.0,2,155,265.87
4253,124,56,6,13.0,1,114,269.33
4254,124,114,2,10.0,2,6,392.33
4255,124,81,4,10.0,1,106,45.14
4256,124,39,1,10.0,1,159,170.58
4257,124,3,5,,1,201,184.85
4258,124,40,6,5.0,2,144,162.24
4259,124,80,5,5.0,1,20,351.06
4260,124,25,5,14.0,4,78,381.49
4261,124,60,2,8.0,1,133,393.57
4262,124,44,2,10.0,4,138,370.69
4263,124,14,4,10.0,2,137,354.1
4264,124,38,3,,1,155,323.38
4265,124,82,5,15.0,1,3,393.73
4266,124,22,1,1.0,1,42,182.58
4267,124,10118,4,,1,103,102.4
4268,124,78,1,,1,140,386.82
4269,124,69,3,2.0,1,198,334.17
4270,124,72,5,4.0,1,224,389.59
4271,124,6,3,11.0,2,209,342.42
4272,124,31,5,8.0,2,68,276.57
4273,124,96,1,7.0,2,222,231.12
4274,124,20,4,15.0,1,4,344.59
4275,124,28,1,12.0,1,100,195.42
4276,124,52,1,14.0,2,200,29.05
4277,125,10118,3,2.0,1,143,102.4
4278,125,73,2,9.0,1,171,352.8
4279,125,38,4,1.0,2,129,323.38
4280,125,117,6,11.0,2,31,132.08
4281,125,21,4,13.0,2,9,307.9
4282,125,81,2,15.0,1,177,45.14
4283,125,30,3,5.0,1,244,349.23
4284,125,17,5,1.0,4,101,198.42
4285,125,86,3,9.0,2,232,266.03
4286,125,105,3,1.0,3,97,115.72
4287,125,100,2,15.0,1,89,320.96
4288,125,56,4,15.0,2,109,269.33
4289,125,24,2,1.0,2,85,204.05
4290,125,120,6,5.0,1,113,18.02
4291,125,34,4,15.0,2,100,4.86
4292,125,37,6,6.0,1,153,374.33
4293,125,56,3,14.0,1,211,269.33
4294,125,69,2,8.0,2,213,334.17
4295,125,18,3,6.0,1,56,65.67
4296,125,90,5,12.0,1,64,85.65
4297,125,85,2,15.0,1,223,173.66
4298,125,92,4,13.0,1,164,69.54
4299,125,60,4,13.0,1,70,393.57
4300,125,70,6,6.0,2,143,18.65
4301,125,87,3,3.0,1,47,267.42
4302,126,40,2,6.0,2,36,162.24
4303,126,41,1,9.0,2,84,77.7
4304,126,79,1,1.0,2,87,272.45
4305,126,68,6,5.0,3,154,31.95
4306,126,58,4,8.0,1,59,86.84
4307,126,82,2,3.0,2,77,393.73
4308,126,68,6,12.0,1,76,31.95
4309,126,102,4,10.0,1,77,332.57
4310,126,74,4,5.0,2,217,345.9
4311,126,27,1,8.0,3,131,25.05
4312,126,29,2,4.0,2,108,264.58
4313,126,101,1,4.0,1,212,380.12
4314,126,118,5,7.0,2,240,102.4
4315,126,61,5,3.0,1,208,327.21
4316,126,9,3,8.0,3,140,254.72
4317,126,2,3,7.0,2,48,144.87
4318,126,9,3,8.0,1,178,254.72
4319,126,42,6,6.0,1,187,186.13
4320,126,104,5,9.0,1,145,194.87
4321,126,46,4,4.0,3,75,2.86
4322,126,49,4,8.0,1,114,217.79
4323,126,120,2,7.0,2,151,18.02
4324,126,40,2,7.0,4,35,162.24
4325,126,74,3,11.0,2,204,345.9
4326,126,116,3,10.0,1,148,74.33
4327,126,4,6,,2,13,118.68
4328,126,71,3,10.0,2,5,273.46
4329,126,30,6,3.0,2,25,349.23
4330,127,67,3,3.0,1,167,177.85
4331,127,36,6,13.0,1,133,112.83
4332,127,97,6,8.0,1,150,99.11
4333,127,22,5,6.0,1,211,182.58
4334,127,63,3,10.0,2,90,114.14
4335,127,17,5,14.0,2,152,198.42
4336,127,19,1,10.0,1,119,153.88
4337,127,78,6,14.0,2,162,386.82
4338,127,105,2,9.0,2,49,115.72
4339,127,117,4,8.0,2,4,132.08
4340,127,97,5,15.0,3,248,99.11
4341,127,43,1,13.0,1,238,40.97
4342,127,64,2,7.0,1,134,254.43
4343,127,24,6,1.0,1,54,204.05
4344,127,44,4,2.0,2,199,370.69
4345,127,32,5,8.0,1,214,360.05
4346,127,36,3,15.0,2,211,112.83
4347,127,102,5,14.0,1,248,332.57
4348,127,74,6,14.0,2,27,345.9
4349,127,74,1,3.0,1,144,345.9
4350,127,119,4,4.0,3,211,399.96
4351,127,12,6,6.0,2,191,322.41
4352,127,97,1,8.0,2,247,99.11
4353,127,99,6,3.0,2,173,21.99
4354,127,96,6,10.0,1,62,231.12
4355,127,11,1,14.0,2,137,274.48
4356,127,74,4,11.0,1,222,345.9
4357,127,16,2,1.0,1,147,359.33
4358,127,68,3,13.0,1,26,31.95
4359,127,92,1,6.0,3,16,69.54
4360,127,39,2,4.0,3,103,170.58
4361,127,44,6,9.0,1,128,370.69
4362,128,97,4,8.0,1,21,99.11
4363,128,45,5,7.0,1,146,193.58
4364,128,46,2,1.0,1,181,2.86
4365,128,43,5,14.0,1,193,40.97
4366,128,56,1,5.0,2,116,269.33
4367,128,12,6,7.0,2,211,322.41
4368,128,75,4,6.0,1,89,45.02
4369,128,15,1,4.0,2,101,100.16
4370,128,79,1,14.0,4,131,272.45
4371,128,61,4,1.0,3,219,327.21
4372,128,77,4,11.0,1,97,11.42
4373,128,44,2,9.0,1,22,370.69
4374,128,33,3,12.0,1,175,136.56
4375,128,5,1,12.0,1,119,282.42
4376,128,42,6,6.0,4,138,186.13
4377,128,82,3,5.0,3,11,393.73
4378,128,10118,1,,4,172,102.4
4379,128,1,2,4.0,2,3,382.97
4380,128,63,4,3.0,1,240,114.14
4381,128,112,1,5.0,3,174,89.33
4382,128,15,5,4.0,1,152,100.16
4383,128,28,1,10.0,1,205,195.42
4384,128,64,4,13.0,1,221,254.43
4385,128,111,5,12.0,3,236,299.51
4386,128,23,2,13.0,1,220,204.06
4387,129,35,3,6.0,2,29,362.36
4388,129,31,3,15.0,3,117,276.57
4389,129,63,1,15.0,1,51,114.14
4390,129,10118,4,9.0,1,31,102.4
4391,129,97,4,14.0,2,70,99.11
4392,129,99,1,4.0,2,152,21.99
4393,129,67,1,4.0,2,141,177.85
4394,129,84,6,9.0,2,57,288.33
4395,129,28,4,8.0,2,116,195.42
4396,129,33,1,1.0,1,155,136.56
4397,129,117,1,6.0,1,50,132.08
4398,129,82,4,3.0,2,140,393.73
4399,129,18,3,3.0,1,249,65.67
4400,129,34,1,3.0,1,221,4.86
4401,129,115,1,12.0,3,168,265.87
4402,129,60,2,,1,195,393.57
4403,129,3,1,8.0,1,177,184.85
4404,129,91,3,4.0,2,41,177.83
4405,129,100,2,11.0,1,20,320.96
4406,129,62,6,2.0,1,245,107.26
4407,129,19,2,9.0,2,244,153.88
4408,129,76,6,8.0,2,39,327.0
4409,129,33,5,3.0,2,46,136.56
4410,129,64,3,3.0,1,75,254.43
4411,129,107,6,4.0,1,45,87.15
4412,129,14,5,1.0,1,10,354.1
4413,129,49,5,12.0,1,98,217.79
4414,129,61,1,7.0,1,115,327.21
4415,129,22,1,3.0,2,200,182.58
4416,129,77,3,4.0,1,101,11.42
4417,129,54,6,10.0,3,93,263.63
4418,129,10060,5,1.0,1,87,393.57
4419,129,78,3,,2,25,386.82
4420,130,18,3,10.0,2,248,65.67
4421,130,103,4,8.0,1,23,105.16
4422,130,100,1,3.0,1,42,320.96
4423,130,27,5,10.0,1,11,25.05
4424,130,61,1,8.0,2,37,327.21
4425,130,4,3,15.0,1,182,118.68
4426,130,96,4,8.0,2,29,231.12
4427,130,71,1,1.0,2,117,273.46
4428,130,32,4,3.0,1,212,360.05
4429,130,39,3,15.0,1,232,170.58
4430,130,47,2,7.0,1,4,279.24
4431,130,24,2,5.0,1,194,204.05
4432,130,10060,6,11.0,1,187,393.57
4433,130,35,3,8.0,1,205,362.36
4434,130,114,2,1.0,2,54,392.33
4435,130,54,6,6.0,2,25,263.63
4436,130,17,4,11.0,1,120,198.42
4437,130,39,6,11.0,2,35,170.58
4438,130,45,6,9.0,1,90,193.58
4439,130,5,2,10.0,1,171,282.42
4440,130,10060,5,14.0,1,24,393.57
4441,130,56,5,13.0,1,180,269.33
4442,130,78,5,5.0,1,123,386.82
4443,130,102,5,3.0,2,55,332.57
4444,130,8,1,5.0,2,80,268.73
4445,130,4,5,8.0,2,211,118.68
4446,130,12,5,1.0,2,126,322.41
4447,130,109,5,7.0,1,77,378.53
4448,130,52,5,13.0,1,136,29.05
4449,130,99,2,12.0,4,161,21.99
4450,130,26,3,5.0,1,139,196.47
4451,130,56,3,1.0,1,130,269.33
4452,130,29,5,7.0,1,82,264.58
4453,130,24,2,1.0,1,44,204.05
4454,130,22,2,8.0,1,176,182.58
4455,130,19,1,6.0,4,1,153.88
4456,130,98,2,,3,6,89.1
4457,130,67,4,5.0,1,191,177.85
4458,130,52,4,2.0,2,157,29.05
4459,130,67,5,13.0,1,146,177.85
4460,130,16,3,13.0,5,1,359.33
4461,130,10060,1,13.0,1,190,393.57
4462,130,106,2,8.0,2,52,57.07
4463,130,95,5,13.0,4,148,245.29
4464,130,95,6,7.0,2,3,245.29
4465,131,108,1,14.0,1,233,167.48
4466,131,62,3,1.0,2,13,107.26
4467,131,77,5,11.0,1,57,11.42
4468,131,16,1,4.0,1,244,359.33
4469,131,119,1,2.0,1,82,399.96
4470,131,78,5,12.0,1,67,386.82
4471,131,19,5,5.0,1,39,153.88
4472,131,25,6,14.0,4,171,381.49
4473,131,47,2,4.0,1,72,279.24
4474,131,4,4,10.0,1,156,118.68
4475,131,37,5,5.0,2,221,374.33
4476,131,57,2,2.0,1,15,184.4
4477,131,35,6,13.0,2,36,362.36
4478,131,70,1,3.0,2,236,18.65
4479,131,29,5,15.0,1,197,264.58
4480,131,1,2,7.0,1,37,382.97
4481,131,45,5,8.0,1,68,193.58
4482,131,116,2,13.0,2,234,74.33
4483,131,25,4,15.0,1,57,381.49
4484,131,59,1,,1,23,149.07
4485,131,13,5,9.0,1,180,350.79
4486,131,71,1,2.0,1,161,273.46
4487,132,81,3,1.0,1,74,45.14
4488,132,115,4,1.0,2,16,265.87
4489,132,23,2,7.0,2,105,204.06
4490,132,11,2,9.0,1,37,274.48
4491,132,4,1,12.0,2,233,118.68
4492,132,116,2,15.0,1,161,74.33
4493,132,45,1,11.0,1,232,193.58
4494,132,69,6,8.0,1,189,334.17
4495,132,97,3,14.0,1,198,99.11
4496,132,117,3,12.0,3,12,132.08
4497,132,40,6,3.0,4,113,162.24
4498,132,29,6,14.0,1,248,264.58
4499,132,80,1,1.0,1,94,351.06
4500,132,96,6,12.0,2,80,231.12
4501,132,20,3,9.0,2,247,344.59
4502,132,63,4,3.0,1,241,114.14
4503,132,13,6,14.0,1,118,350.79
4504,132,24,4,1.0,2,131,204.05
4505,132,54,6,15.0,1,90,263.63
4506,132,101,4,14.0,4,34,380.12
4507,132,10,5,15.0,1,105,153.02
4508,132,57,5,5.0,3,203,184.4
4509,132,61,4,11.0,2,41,327.21
4510,132,82,2,1.0,2,106,393.73
4511,132,14,5,10.0,4,124,354.1
4512,132,19,2,14.0,5,70,153.88
4513,132,40,1,7.0,2,225,162.24
4514,132,49,5,2.0,2,39,217.79
4515,132,102,6,5.0,1,155,332.57
4516,132,46,2,10.0,2,202,2.86
4517,132,52,6,13.0,1,73,29.05
4518,133,86,6,13.0,1,51,266.03
4519,133,11,5,4.0,2,1,274.48
4520,133,55,2,6.0,3,174,268.55
4521,133,37,5,9.0,2,207,374.33
4522,133,9,5,10.0,1,206,254.72
4523,133,3,4,14.0,1,199,184.85
4524,133,109,1,1.0,1,47,378.53
4525,133,105,3,11.0,1,192,115.72
4526,133,103,6,14.0,1,8,105.16
4527,133,52,1,12.0,1,244,29.05
4528,133,1,2,2.0,2,183,382.97
4529,133,112,5,1.0,2,52,89.33
4530,133,90,2,8.0,1,141,85.65
4531,133,80,5,1.0,2,21,351.06
4532,133,36,1,4.0,1,77,112.83
4533,133,61,1,13.0,3,177,327.21
4534,133,13,5,13.0,2,167,350.79
4535,133,6,6,11.0,2,194,342.42
4536,133,119,2,6.0,1,176,399.96
4537,133,97,1,5.0,2,26,99.11
4538,133,37,6,9.0,2,85,374.33
4539,133,118,1,2.0,3,53,102.4
4540,133,44,2,3.0,4,181,370.69
4541,133,61,2,11.0,1,223,327.21
4542,133,67,6,,2,36,177.85
4543,133,77,1,8.0,2,29,11.42
4544,133,14,4,,4,177,354.1
4545,133,100,5,14.0,2,40,320.96
4546,133,26,6,13.0,1,151,196.47
4547,133,50,3,13.0,2,31,191.76
4548,133,63,3,1.0,2,115,114.14
4549,133,72,1,1.0,3,47,389.59
4550,134,71,1,12.0,2,141,273.46
4551,134,46,4,9.0,1,9,2.86
4552,134,84,3,5.0,1,50,288.33
4553,134,18,2,3.0,2,42,65.67
4554,134,16,4,13.0,4,99,359.33
4555,134,98,4,14.0,2,117,89.1
4556,134,86,4,,1,206,266.03
4557,134,88,3,10.0,1,177,52.66
4558,134,74,3,15.0,1,242,345.9
4559,134,42,1,14.0,1,105,186.13
4560,134,106,2,1.0,3,123,57.07
4561,134,28,2,14.0,3,167,195.42
4562,134,34,2,4.0,2,180,4.86
4563,134,15,5,4.0,2,148,100.16
4564,134,70,3,4.0,1,7,18.65
4565,134,117,1,10.0,1,208,132.08
4566,134,105,1,4.0,2,12,115.72
4567,134,48,1,12.0,1,94,77.58
4568,134,92,5,12.0,2,75,69.54
4569,134,102,2,14.0,1,240,332.57
4570,134,43,2,2.0,2,24,40.97
4571,134,3,1,5.0,1,234,184.85
4572,134,34,2,14.0,2,207,4.86
4573,134,55,1,4.0,2,142,268.55
4574,134,96,1,13.0,1,20,231.12
4575,134,117,4,2.0,3,35,132.08
4576,134,48,5,2.0,1,88,77.58
4577,134,20,4,11.0,1,12,344.59
4578,134,104,5,4.0,2,188,194.87
4579,134,20,3,7.0,1,195,344.59
4580,134,48,3,8.0,2,120,77.58
4581,134,46,1,1.0,1,118,2.86
4582,135,47,4,13.0,2,167,279.24
4583,135,83,2,12.0,2,16,19.67
4584,135,63,3,4.0,1,136,114.14
4585,135,24,4,2.0,1,216,204.05
4586,135,109,3,11.0,1,47,378.53
4587,135,21,5,5.0,1,198,307.9
4588,135,88,5,3.0,2,229,52.66
4589,135,72,5,1.0,2,115,389.59
4590,135,33,2,,1,168,136.56
4591,135,88,2,2.0,3,221,52.66
4592,135,27,3,9.0,2,248,25.05
4593,135,61,4,6.0,3,155,327.21
4594,135,115,5,9.0,1,214,265.87
4595,135,7,4,12.0,2,8,255.0
4596,135,67,5,10.0,2,174,177.85
4597,135,8,6,6.0,1,200,268.73
4598,135,1,3,11.0,1,135,382.97
4599,135,78,2,10.0,4,108,386.82
4600,135,10060,3,8.0,2,110,393.57
4601,135,100,1,11.0,4,168,320.96
4602,135,53,4,8.0,2,129,99.99
4603,135,60,4,6.0,2,66,393.57
4604,135,109,1,14.0,1,8,378.53
4605,135,101,5,14.0,1,47,380.12
4606,135,111,4,3.0,2,117,299.51
4607,135,24,1,3.0,2,242,204.05
4608,135,62,1,2.0,2,214,107.26
4609,135,48,6,7.0,2,156,77.58
4610,135,63,1,1.0,1,200,114.14
4611,135,79,5,5.0,1,69,272.45
4612,135,52,5,1.0,2,96,29.05
4613,135,14,4,1.0,1,54,354.1
4614,135,104,2,15.0,2,47,194.87
4615,135,10118,5,1.0,2,25,102.4
4616,135,114,3,7.0,5,69,392.33
4617,135,10,1,1.0,2,223,153.02
4618,135,60,1,13.0,1,21,393.57
4619,135,25,4,1.0,1,228,381.49
4620,135,2,1,4.0,1,54,144.87
4621,136,107,4,15.0,1,72,87.15
4622,136,29,1,8.0,1,41,264.58
4623,136,101,4,4.0,2,235,380.12
4624,136,70,2,1.0,2,190,18.65
4625,136,119,3,3.0,1,226,399.96
4626,136,94,5,9.0,1,84,323.01
4627,136,78,2,4.0,1,33,386.82
4628,136,21,4,14.0,2,23,307.9
4629,136,74,1,4.0,1,90,345.9
4630,136,39,5,1.0,2,33,170.58
4631,136,92,4,11.0,2,85,69.54
4632,136,59,2,5.0,2,92,149.07
4633,136,76,4,12.0,4,161,327.0
4634,136,3,4,9.0,2,220,184.85
4635,136,39,1,8.0,2,94,170.58
4636,136,109,1,9.0,2,3,378.53
4637,136,119,1,14.0,2,217,399.96
4638,136,6,2,2.0,1,232,342.42
4639,136,106,3,4.0,1,159,57.07
4640,136,34,5,1.0,1,150,4.86
4641,136,116,2,4.0,1,64,74.33
4642,136,1,2,2.0,1,11,382.97
4643,136,48,6,6.0,1,219,77.58
4644,136,15,5,4.0,4,87,100.16
4645,136,102,6,1.0,1,58,332.57
4646,136,75,5,13.0,3,144,45.02
4647,136,101,2,13.0,1,199,380.12
4648,136,113,2,4.0,1,101,268.21
4649,136,76,4,13.0,3,138,327.0
4650,136,73,6,11.0,1,60,352.8
4651,136,107,3,2.0,1,42,87.15
4652,136,8,4,13.0,3,154,268.73
4653,136,117,5,3.0,1,244,132.08
4654,136,19,2,7.0,1,51,153.88
4655,136,59,3,5.0,1,41,149.07
4656,136,2,4,13.0,1,222,144.87
4657,136,12,5,8.0,1,88,322.41
4658,136,102,1,3.0,2,102,332.57
4659,136,90,2,6.0,1,60,85.65
4660,136,17,4,5.0,2,122,198.42
4661,136,86,5,7.0,1,65,266.03
4662,136,115,2,15.0,1,159,265.87
4663,136,58,2,,1,147,86.84
4664,136,85,6,15.0,2,69,173.66
4665,136,18,3,3.0,1,181,65.67
4666,136,46,6,6.0,1,91,2.86
4667,136,13,3,13.0,1,36,350.79
4668,136,82,1,11.0,1,216,393.73
4669,136,109,4,10.0,1,119,378.53
4670,137,17,3,5.0,2,221,198.42
4671,137,12,5,12.0,1,210,322.41
4672,137,103,6,15.0,1,139,105.16
4673,137,76,2,1.0,2,78,327.0
4674,137,62,4,8.0,2,163,107.26
4675,137,74,2,15.0,1,61,345.9
4676,137,76,5,7.0,2,91,327.0
4677,137,112,5,3.0,1,88,89.33
4678,137,70,6,7.0,2,71,18.65
4679,137,67,3,13.0,1,201,177.85
4680,137,68,5,12.0,1,139,31.95
4681,137,100,3,12.0,1,204,320.96
4682,137,52,2,,2,131,29.05
4683,137,62,2,13.0,1,44,107.26
4684,137,119,2,11.0,1,224,399.96
4685,137,48,1,7.0,1,44,77.58
4686,137,23,2,1.0,2,194,204.06
4687,137,24,3,11.0,1,240,204.05
4688,137,22,3,9.0,2,106,182.58
4689,137,98,3,11.0,1,4,89.1
4690,137,10055,2,4.0,1,237,268.55
4691,137,37,5,10.0,1,3,374.33
4692,137,78,6,7.0,2,44,386.82
4693,137,57,1,7.0,2,1,184.4
4694,137,107,3,1.0,1,247,87.15
4695,137,56,2,8.0,2,215,269.33
4696,137,6,1,10.0,1,20,342.42
4697,137,98,1,4.0,1,95,89.1
4698,137,69,5,3.0,2,77,334.17
4699,137,12,1,4.0,2,98,322.41
4700,138,89,1,1.0,3,239,228.5
4701,138,60,4,6.0,2,103,393.57
4702,138,15,6,14.0,1,216,100.16
4703,138,56,2,4.0,1,182,269.33
4704,138,10096,3,,2,147,231.12
4705,138,60,2,7.0,1,24,393.57
4706,138,55,6,4.0,1,173,268.55
4707,138,112,2,2.0,1,4,89.33
4708,138,102,5,12.0,2,24,332.57
4709,138,39,2,12.0,4,26,170.58
4710,138,36,3,12.0,1,51,112.83
4711,138,60,4,7.0,2,134,393.57
4712,138,10055,4,13.0,1,9,268.55
4713,138,89,2,10.0,1,75,228.5
4714,138,6,3,13.0,1,18,342.42
4715,138,110,3,9.0,2,113,4.35
4716,138,12,4,10.0,1,49,322.41
4717,138,90,2,3.0,1,74,85.65
4718,138,57,3,5.0,2,20,184.4
4719,138,22,2,7.0,2,200,182.58
4720,138,26,5,10.0,1,66,196.47
4721,138,98,1,14.0,1,76,89.1
4722,138,48,6,14.0,2,195,77.58
4723,138,72,5,12.0,1,120,389.59
4724,138,67,4,5.0,1,17,177.85
4725,138,10060,1,4.0,2,129,393.57
4726,138,81,3,5.0,3,45,45.14
4727,138,93,3,13.0,1,152,39.17
4728,138,107,1,4.0,2,123,87.15
4729,138,34,6,5.0,2,126,4.86
4730,139,38,2,15.0,2,134,323.38
4731,139,28,4,12.0,1,97,195.42
4732,139,97,4,14.0,1,90,99.11
4733,139,33,4,3.0,3,174,136.56
4734,139,97,2,15.0,3,208,99.11
4735,139,101,1,5.0,3,226,380.12
4736,139,67,3,12.0,2,156,177.85
4737,139,10096,1,8.0,2,237,231.12
4738,139,74,1,,2,133,345.9
4739,139,6,6,14.0,1,215,342.42
4740,139,3,3,6.0,2,106,184.85
4741,139,55,1,1.0,2,59,268.55
4742,139,57,3,10.0,2,131,184.4
4743,139,4,4,8.0,1,171,118.68
4744,139,105,4,13.0,1,228,115.72
4745,139,71,2,3.0,3,108,273.46
4746,139,110,4,11.0,1,72,4.35
4747,139,79,1,8.0,2,131,272.45
4748,139,56,3,13.0,2,85,269.33
4749,139,104,1,13.0,2,53,194.87
4750,139,27,3,3.0,2,179,25.05
4751,139,80,5,7.0,2,7,351.06
4752,139,41,6,1.0,2,217,77.7
4753,139,39,5,14.0,2,31,170.58
4754,139,8,3,9.0,2,109,268.73
4755,139,98,1,7.0,2,175,89.1
4756,139,4,4,3.0,2,215,118.68
4757,139,9,4,10.0,1,239,254.72
4758,139,115,1,13.0,4,149,265.87
4759,139,99,5,2.0,2,173,21.99
4760,139,105,5,8.0,5,31,115.72
4761,139,54,6,15.0,2,197,263.63
4762,139,103,2,8.0,1,189,105.16
4763,139,1,5,14.0,3,79,382.97
4764,139,22,4,3.0,2,8,182.58
4765,139,90,5,11.0,1,61,85.65
4766,139,12,6,6.0,4,78,322.41
4767,139,82,5,2.0,2,73,393.73
4768,139,73,5,8.0,1,7,352.8
4769,139,77,2,6.0,5,210,11.42
4770,139,25,1,10.0,2,136,381.49
4771,140,35,2,9.0,1,191,362.36
4772,140,85,2,12.0,2,38,173.66
4773,140,89,6,2.0,2,120,228.5
4774,140,15,4,14.0,2,238,100.16
4775,140,82,4,5.0,1,170,393.73
4776,140,15,3,9.0,1,149,100.16
4777,140,98,1,11.0,3,218,89.1
4778,140,99,5,11.0,1,37,21.99
4779,140,84,5,1.0,3,52,288.33
4780,140,100,1,1.0,4,240,320.96
4781,140,20,4,1.0,2,115,344.59
4782,140,27,1,9.0,3,9,25.05
4783,140,115,1,7.0,2,39,265.87
4784,140,77,4,11.0,2,223,11.42
4785,140,107,3,6.0,2,193,87.15
4786,140,85,1,9.0,4,130,173.66
4787,140,10118,3,3.0,2,165,102.4
4788,140,81,3,7.0,2,139,45.14
4789,140,120,5,12.0,1,154,18.02
4790,140,50,1,8.0,3,104,191.76
4791,140,2,5,,1,35,144.87
4792,140,31,5,1.0,2,163,276.57
4793,140,23,4,15.0,2,226,204.06
4794,140,35,2,10.0,1,98,362.36
4795,140,24,6,9.0,2,175,204.05
4796,141,23,1,5.0,1,208,204.06
4797,141,85,2,11.0,2,225,173.66
4798,141,53,5,,1,24,99.99
4799,141,20,2,4.0,4,3,344.59
4800,141,117,3,7.0,1,211,132.08
4801,141,91,1,7.0,2,167,177.83
4802,141,1,2,5.0,2,63,382.97
4803,141,18,6,6.0,1,91,65.67
4804,141,98,4,13.0,1,21,89.1
4805,141,105,4,13.0,2,242,115.72
4806,141,3,2,14.0,1,180,184.85
4807,141,113,5,2.0,1,91,268.21
4808,141,73,4,4.0,3,133,352.8
4809,141,10096,6,3.0,1,51,231.12
4810,141,30,4,,4,104,349.23
4811,141,78,5,7.0,2,73,386.82
4812,141,17,3,10.0,2,210,198.42
4813,141,117,6,3.0,2,192,132.08
4814,141,33,2,7.0,1,48,136.56
4815,141,53,5,1.0,1,99,99.99
4816,141,10,4,10.0,1,150,153.02
4817,141,25,3,10.0,1,233,381.49
4818,141,77,6,10.0,3,235,11.42
4819,141,102,6,4.0,2,83,332.57
4820,141,95,4,7.0,2,143,245.29
4821,141,91,4,3.0,2,96,177.83
4822,141,56,1,4.0,3,66,269.33
4823,141,7,5,13.0,2,65,255.0
4824,141,105,2,4.0,3,155,115.72
4825,141,25,5,3.0,2,104,381.49
4826,141,1,1,1.0,1,168,382.97
4827,141,90,4,3.0,4,216,85.65
4828,141,96,1,5.0,2,190,231.12
4829,141,30,1,12.0,2,240,349.23
4830,141,28,3,4.0,2,133,195.42
4831,141,64,3,11.0,2,216,254.43
4832,141,17,1,9.0,2,112,198.42
4833,141,107,6,3.0,2,191,87.15
4834,142,10096,6,15.0,2,3,231.12
4835,142,91,6,9.0,1,47,177.83
4836,142,107,2,,1,239,87.15
4837,142,55,4,13.0,2,27,268.55
4838,142,34,5,7.0,2,33,4.86
4839,142,73,5,14.0,3,9,352.8
4840,142,110,3,3.0,2,226,4.35
4841,142,61,6,11.0,1,240,327.21
4842,142,79,4,15.0,1,135,272.45
4843,142,43,4,13.0,1,167,40.97
4844,142,83,3,1.0,3,80,19.67
4845,142,10096,3,2.0,1,182,231.12
4846,142,29,1,8.0,1,170,264.58
4847,142,109,4,1.0,2,128,378.53
4848,142,26,6,8.0,2,249,196.47
4849,142,29,4,10.0,1,196,264.58
4850,142,10118,1,6.0,2,214,102.4
4851,142,107,5,2.0,2,152,87.15
4852,142,62,2,1.0,1,49,107.26
4853,142,24,3,5.0,1,71,204.05
4854,142,37,5,13.0,2,70,374.33
4855,142,4,4,9.0,2,107,118.68
4856,142,100,2,2.0,3,237,320.96
4857,142,1,6,7.0,4,83,382.97
4858,142,97,5,8.0,1,162,99.11
4859,142,118,6,13.0,1,250,102.4
4860,143,85,2,10.0,1,89,173.66
4861,143,46,4,5.0,1,10,2.86
4862,143,10,5,9.0,2,1,153.02
4863,143,70,6,12.0,1,207,18.65
4864,143,115,4,12.0,1,205,265.87
4865,143,86,3,11.0,2,30,266.03
4866,143,7,6,8.0,3,1,255.0
4867,143,2,5,14.0,1,206,144.87
4868,143,40,3,2.0,1,139,162.24
4869,143,3,2,13.0,1,183,184.85
4870,143,23,1,1.0,2,175,204.06
4871,143,49,4,13.0,1,241,217.79
4872,143,6,2,15.0,2,211,342.42
4873,143,52,6,11.0,2,249,29.05
4874,143,3,6,9.0,2,4,184.85
4875,143,42,2,6.0,1,24,186.13
4876,143,49,3,12.0,4,154,217.79
4877,143,27,6,12.0,1,107,25.05
4878,143,8,2,8.0,1,77,268.73
4879,143,3,5,15.0,1,14,184.85
4880,143,108,4,9.0,2,185,167.48
4881,143,72,4,1.0,4,153,389.59
4882,143,87,6,12.0,1,158,267.42
4883,143,108,6,11.0,1,227,167.48
4884,143,111,2,4.0,4,175,299.51
4885,143,19,4,2.0,3,86,153.88
4886,143,71,3,6.0,2,42,273.46
4887,143,31,2,2.0,2,153,276.57
4888,143,5,3,13.0,2,176,282.42
4889,144,21,2,,2,58,307.9
4890,144,61,6,,2,123,327.21
4891,144,47,6,8.0,4,186,279.24
4892,144,102,1,11.0,2,229,332.57
4893,144,18,6,2.0,2,114,65.67
4894,144,38,4,14.0,2,159,323.38
4895,144,94,2,7.0,2,225,323.01
4896,144,103,4,3.0,2,224,105.16
4897,144,32,3,10.0,1,97,360.05
4898,144,47,2,3.0,3,192,279.24
4899,144,95,5,3.0,1,96,245.29
4900,144,72,4,,2,233,389.59
4901,144,52,1,14.0,1,14,29.05
4902,144,6,4,7.0,1,213,342.42
4903,144,6,2,15.0,1,165,342.42
4904,144,82,4,1.0,1,160,393.73
4905,144,16,1,10.0,2,12,359.33
4906,144,22,1,4.0,2,164,182.58
4907,144,47,2,,1,68,279.24
4908,144,89,2,8.0,1,194,228.5
4909,144,60,6,4.0,1,220,393.57
4910,144,84,2,1.0,1,13,288.33
4911,144,69,4,14.0,2,248,334.17
4912,144,118,4,11.0,2,83,102.4
4913,144,35,6,3.0,1,12,362.36
4914,144,96,5,5.0,1,178,231.12
4915,144,43,2,2.0,1,143,40.97
4916,144,72,1,10.0,1,100,389.59
4917,144,45,5,15.0,1,215,193.58
4918,144,98,3,7.0,2,41,89.1
4919,144,77,6,2.0,3,127,11.42
4920,144,7,3,7.0,2,4,255.0
4921,144,104,4,7.0,1,216,194.87
4922,144,70,4,,1,3,18.65
4923,144,111,6,7.0,1,231,299.51
4924,144,3,2,13.0,3,17,184.85
4925,144,47,1,4.0,1,175,279.24
4926,144,57,2,11.0,1,244,184.4
4927,144,64,1,1.0,1,89,254.43
4928,144,74,1,3.0,2,66,345.9
4929,144,27,2,5.0,1,114,25.05
4930,144,8,6,5.0,2,188,268.73
4931,145,41,6,15.0,2,120,77.7
4932,145,41,6,10.0,2,239,77.7
4933,145,98,6,11.0,2,148,89.1
4934,145,56,6,14.0,2,184,269.33
4935,145,28,4,15.0,1,32,195.42
4936,145,25,3,8.0,2,68,381.49
4937,145,72,4,1.0,2,96,389.59
4938,145,7,2,12.0,2,178,255.0
4939,145,61,6,5.0,2,63,327.21
4940,145,104,6,3.0,3,42,194.87
4941,145,47,4,4.0,1,49,279.24
4942,145,19,6,12.0,3,123,153.88
4943,145,88,2,14.0,1,104,52.66
4944,145,6,2,15.0,1,35,342.42
4945,145,98,2,15.0,1,206,89.1
4946,145,59,4,10.0,3,168,149.07
4947,145,22,4,4.0,1,160,182.58
4948,145,21,2,14.0,4,87,307.9
4949,145,6,2,3.0,2,6,342.42
4950,145,33,6,2.0,2,109,136.56
4951,145,30,2,5.0,2,36,349.23
4952,145,39,4,10.0,1,152,170.58
4953,145,114,5,,2,173,392.33
4954,145,105,3,6.0,2,216,115.72
4955,145,44,2,1.0,1,235,370.69
4956,145,42,4,10.0,3,160,186.13
4957,145,71,2,1.0,1,184,273.46
4958,145,101,3,4.0,2,173,380.12
4959,145,100,4,12.0,1,200,320.96
4960,145,17,4,8.0,1,56,198.42
4961,145,10,4,9.0,1,180,153.02
4962,145,10060,4,5.0,4,187,393.57
4963,145,119,4,,2,143,399.96
4964,145,31,4,6.0,1,158,276.57
4965,146,80,5,3.0,1,162,351.06
4966,146,94,1,13.0,1,182,323.01
4967,146,7,2,5.0,1,5,255.0
4968,146,112,4,13.0,2,94,89.33
4969,146,55,4,6.0,2,146,268.55
4970,146,108,4,1.0,3,216,167.48
4971,146,91,4,9.0,1,170,177.83
4972,146,82,4,13.0,5,68,393.73
4973,146,94,1,8.0,4,69,323.01
4974,146,63,6,2.0,1,134,114.14
4975,146,76,6,11.0,3,125,327.0
4976,146,108,5,14.0,2,154,167.48
4977,146,33,5,9.0,2,110,136.56
4978,146,95,5,14.0,1,81,245.29
4979,146,37,5,11.0,1,54,374.33
4980,146,54,4,3.0,1,34,263.63
4981,146,76,3,2.0,2,34,327.0
4982,146,92,5,15.0,1,226,69.54
4983,146,84,1,15.0,2,27,288.33
4984,146,37,5,4.0,1,65,374.33
4985,146,90,1,8.0,1,112,85.65
4986,146,118,2,4.0,2,210,102.4
4987,146,68,6,8.0,2,77,31.95
4988,146,114,6,7.0,1,184,392.33
4989,146,65,6,14.0,2,132,38.73
4990,146,68,2,3.0,2,53,31.95
4991,146,83,5,1.0,2,85,19.67
4992,146,109,3,9.0,2,13,378.53
4993,146,10,6,12.0,1,66,153.02
4994,147,96,5,14.0,1,248,231.12
4995,147,4,6,7.0,1,176,118.68
4996,147,35,5,7.0,1,50,362.36
4997,147,70,2,14.0,3,159,18.65
4998,147,57,2,13.0,3,31,184.4
4999,147,70,1,3.0,1,107,18.65
5000,147,52,2,,1,108,29.05
5001,147,116,3,11.0,1,130,74.33
5002,147,36,3,15.0,1,134,112.83
5003,147,42,3,6.0,4,228,186.13
5004,147,13,2,7.0,2,71,350.79
5005,147,7,4,6.0,1,134,255.0
5006,147,54,5,5.0,2,175,263.63
5007,147,10,4,5.0,1,84,153.02
5008,147,23,3,5.0,1,18,204.06
5009,147,76,5,5.0,2,2,327.0
5010,147,109,2,7.0,1,234,378.53
5011,147,55,1,4.0,2,215,268.55
5012,147,61,1,8.0,1,6,327.21
5013,147,53,2,10.0,4,77,99.99
5014,147,35,2,9.0,2,165,362.36
5015,147,23,1,6.0,1,188,204.06
5016,147,79,6,1.0,1,156,272.45
5017,147,36,6,5.0,2,172,112.83
5018,147,75,4,14.0,2,156,45.02
5019,147,63,5,3.0,2,216,114.14
5020,147,20,5,4.0,1,93,344.59
5021,147,35,5,,1,82,362.36
5022,148,60,2,13.0,3,97,393.57
5023,148,63,3,1.0,2,147,114.14
5024,148,82,6,10.0,1,65,393.73
5025,148,114,3,11.0,2,195,392.33
5026,148,18,6,1.0,2,44,65.67
5027,148,33,3,14.0,2,208,136.56
5028,148,103,2,6.0,3,234,105.16
5029,148,98,2,5.0,2,157,89.1
5030,148,3,4,5.0,2,40,184.85
5031,148,13,5,11.0,1,118,350.79
5032,148,69,4,10.0,2,94,334.17
5033,148,15,6,9.0,4,231,100.16
5034,148,35,6,3.0,1,52,362.36
5035,148,67,6,10.0,1,82,177.85
5036,148,67,4,13.0,2,241,177.85
5037,148,74,4,11.0,1,197,345.9
5038,148,115,4,,1,165,265.87
5039,148,71,4,13.0,1,72,273.46
5040,148,54,4,9.0,1,54,263.63
5041,148,57,2,7.0,1,104,184.4
5042,148,76,2,11.0,1,235,327.0
5043,148,48,1,9.0,2,237,77.58
5044,148,98,1,9.0,3,39,89.1
5045,148,19,4,14.0,1,88,153.88
5046,148,54,5,14.0,2,6,263.63
5047,148,119,2,8.0,4,186,399.96
5048,148,84,4,10.0,1,129,288.33
5049,148,4,2,4.0,4,121,118.68
5050,148,74,1,,2,209,345.9
5051,148,55,3,14.0,2,205,268.55
5052,148,81,6,11.0,2,228,45.14
5053,149,75,3,2.0,5,161,45.02
5054,149,54,4,4.0,2,152,263.63
5055,149,105,5,11.0,2,11,115.72
5056,149,96,2,2.0,2,91,231.12
5057,149,42,4,9.0,2,149,186.13
5058,149,66,5,11.0,1,100,134.76
5059,149,106,5,5.0,1,141,57.07
5060,149,53,2,14.0,2,40,99.99
5061,149,88,4,3.0,4,61,52.66
5062,149,88,1,15.0,2,162,52.66
5063,149,78,1,6.0,2,189,386.82
5064,149,113,5,15.0,1,146,268.21
5065,149,70,5,14.0,2,168,18.65
5066,149,13,5,14.0,2,207,350.79
5067,149,106,4,,1,103,57.07
5068,149,98,5,,1,31,89.1
5069,149,76,2,13.0,1,38,327.0
5070,149,19,4,15.0,2,60,153.88
5071,149,116,6,15.0,1,218,74.33
5072,149,39,5,15.0,1,12,170.58
5073,149,41,1,6.0,1,118,77.7
5074,150,53,5,14.0,2,58,99.99
5075,150,25,3,8.0,5,4,381.49
5076,150,57,2,13.0,2,44,184.4
5077,150,85,2,6.0,2,88,173.66
5078,150,88,3,15.0,2,9,52.66
5079,150,83,1,10.0,1,155,19.67
5080,150,95,2,12.0,2,211,245.29
5081,150,6,3,9.0,1,138,342.42
5082,150,10,3,15.0,1,124,153.02
5083,150,84,6,3.0,4,240,288.33
5084,150,83,3,4.0,1,103,19.67
5085,150,57,1,13.0,2,101,184.4
5086,150,100,5,12.0,2,10,320.96
5087,150,57,4,9.0,2,14,184.4
5088,150,19,2,5.0,3,206,153.88
5089,150,35,3,5.0,2,68,362.36
5090,150,61,5,1.0,1,235,327.21
5091,150,30,4,7.0,2,245,349.23
5092,150,3,1,3.0,1,157,184.85
5093,150,28,4,4.0,1,223,195.42
5094,150,75,4,12.0,1,235,45.02
5095,150,117,6,11.0,1,113,132.08
5096,150,66,4,13.0,1,191,134.76
5097,150,5,2,2.0,1,85,282.42
5098,150,118,6,11.0,2,42,102.4
5099,150,30,2,2.0,5,97,349.23
5100,150,95,3,6.0,3,161,245.29
5101,150,69,2,13.0,2,100,334.17
5102,150,60,2,13.0,1,99,393.57
5103,150,91,3,12.0,2,32,177.83
5104,151,37,6,11.0,1,125,374.33
5105,151,120,5,2.0,1,114,18.02
5106,151,2,2,2.0,1,132,144.87
5107,151,52,5,11.0,2,214,29.05
5108,151,115,1,13.0,4,77,265.87
5109,151,86,4,15.0,2,15,266.03
5110,151,33,5,8.0,2,208,136.56
5111,151,4,6,10.0,1,208,118.68
5112,151,17,5,11.0,2,164,198.42
5113,151,26,1,7.0,5,247,196.47
5114,151,45,6,,3,186,193.58
5115,151,50,6,2.0,2,143,191.76
5116,151,54,4,2.0,3,154,263.63
5117,151,54,4,2.0,2,1,263.63
5118,151,41,6,4.0,1,72,77.7
5119,151,10055,1,14.0,1,215,268.55
5120,151,88,6,5.0,1,158,52.66
5121,151,6,1,4.0,2,186,342.42
5122,151,55,5,7.0,1,125,268.55
5123,151,95,1,14.0,1,116,245.29
5124,151,42,2,5.0,2,209,186.13
5125,151,36,3,,1,43,112.83
5126,151,100,3,5.0,1,218,320.96
5127,151,47,4,3.0,1,223,279.24
5128,151,105,1,7.0,2,64,115.72
5129,151,17,4,10.0,2,150,198.42
5130,151,46,6,7.0,2,229,2.86
5131,151,43,3,3.0,2,164,40.97
5132,152,88,4,15.0,1,68,52.66
5133,152,39,5,4.0,2,238,170.58
5134,152,102,5,3.0,3,191,332.57
5135,152,44,1,4.0,2,213,370.69
5136,152,10118,3,15.0,4,175,102.4
5137,152,71,4,3.0,1,137,273.46
5138,152,30,5,,3,121,349.23
5139,152,10060,2,15.0,2,93,393.57
5140,152,94,6,6.0,1,176,323.01
5141,152,75,2,2.0,2,30,45.02
5142,152,101,5,9.0,1,120,380.12
5143,152,41,2,14.0,2,177,77.7
5144,152,2,5,4.0,1,113,144.87
5145,152,56,4,4.0,2,14,269.33
5146,152,103,3,1.0,2,26,105.16
5147,152,69,4,2.0,2,80,334.17
5148,152,11,3,2.0,1,65,274.48
5149,152,62,5,11.0,1,27,107.26
5150,152,2,4,2.0,4,141,144.87
5151,152,6,5,11.0,2,135,342.42
5152,152,39,2,8.0,1,215,170.58
5153,152,83,5,1.0,1,37,19.67
5154,152,106,5,4.0,3,237,57.07
5155,152,10,3,3.0,2,181,153.02
5156,152,2,4,,2,48,144.87
5157,152,24,5,6.0,1,166,204.05
5158,152,43,6,,2,84,40.97
5159,152,18,2,2.0,3,25,65.67
5160,152,20,1,8.0,1,10,344.59
5161,152,10,3,10.0,1,145,153.02
5162,152,13,4,4.0,1,53,350.79
5163,152,67,2,14.0,2,35,177.85
5164,152,5,3,10.0,1,34,282.42
5165,152,23,1,3.0,1,168,204.06
5166,152,10060,6,13.0,1,12,393.57
5167,152,15,2,5.0,3,54,100.16
5168,152,13,2,3.0,1,94,350.79
5169,152,49,1,3.0,1,63,217.79
5170,152,33,3,7.0,2,174,136.56
5171,152,17,2,9.0,1,103,198.42
5172,152,103,3,7.0,1,204,105.16
5173,152,34,5,7.0,1,50,4.86
5174,152,96,1,10.0,1,244,231.12
5175,152,56,4,8.0,1,161,269.33
5176,153,74,5,6.0,1,46,345.9
5177,153,107,2,14.0,2,199,87.15
5178,153,89,2,7.0,1,95,228.5
5179,153,73,1,13.0,2,230,352.8
5180,153,21,3,14.0,1,164,307.9
5181,153,80,4,2.0,2,69,351.06
5182,153,48,2,14.0,2,149,77.58
5183,153,21,3,13.0,2,243,307.9
5184,153,98,4,6.0,1,171,89.1
5185,153,27,5,12.0,1,180,25.05
5186,153,17,6,10.0,3,142,198.42
5187,153,96,2,4.0,3,225,231.12
5188,153,97,4,10.0,3,39,99.11
5189,153,44,4,11.0,1,118,370.69
5190,153,90,4,12.0,3,161,85.65
5191,153,29,3,11.0,2,74,264.58
5192,153,43,5,4.0,1,172,40.97
5193,153,53,1,9.0,2,38,99.99
5194,153,61,5,10.0,1,156,327.21
5195,153,98,5,2.0,2,107,89.1
5196,153,111,2,9.0,1,22,299.51
5197,153,115,5,12.0,1,119,265.87
5198,153,32,1,4.0,1,122,360.05
5199,153,8,4,13.0,1,213,268.73
5200,153,10096,1,10.0,2,109,231.12
5201,153,10060,5,1.0,2,143,393.57
5202,153,50,6,4.0,3,31,191.76
5203,153,16,3,4.0,1,152,359.33
5204,153,101,4,6.0,2,165,380.12
5205,153,19,6,14.0,1,163,153.88
5206,153,108,6,13.0,1,104,167.48
5207,153,105,2,8.0,1,36,115.72
5208,153,75,5,5.0,2,3,45.02
5209,153,106,5,14.0,1,171,57.07
5210,153,86,1,7.0,1,180,266.03
5211,153,92,3,2.0,3,159,69.54
5212,153,87,1,15.0,1,141,267.42
5213,153,43,2,1.0,1,27,40.97
5214,153,14,2,13.0,4,147,354.1
5215,153,52,6,10.0,1,70,29.05
5216,153,5,1,4.0,2,70,282.42
5217,153,28,4,7.0,4,214,195.42
5218,153,103,2,5.0,2,137,105.16
5219,153,37,1,9.0,2,205,374.33
5220,153,12,6,2.0,2,222,322.41
5221,153,77,2,,1,65,11.42
5222,153,12,1,5.0,3,149,322.41
5223,154,76,6,13.0,2,7,327.0
5224,154,40,6,3.0,1,229,162.24
5225,154,20,5,15.0,3,107,344.59
5226,154,119,1,9.0,3,9,399.96
5227,154,10,5,4.0,2,75,153.02
5228,154,10060,2,15.0,1,191,393.57
5229,154,39,5,3.0,4,16,170.58
5230,154,26,1,12.0,1,123,196.47
5231,154,86,1,15.0,2,152,266.03
5232,154,118,5,2.0,1,83,102.4
5233,154,13,6,13.0,2,127,350.79
5234,154,113,2,2.0,1,150,268.21
5235,154,119,1,5.0,2,232,399.96
5236,154,112,1,15.0,2,134,89.33
5237,154,84,1,2.0,2,34,288.33
5238,154,59,6,3.0,2,233,149.07
5239,154,90,1,10.0,2,55,85.65
5240,154,61,5,7.0,4,76,327.21
5241,154,25,5,9.0,3,202,381.49
5242,154,5,6,10.0,4,249,282.42
5243,154,49,1,5.0,1,44,217.79
5244,154,20,1,15.0,1,13,344.59
5245,154,31,1,4.0,1,85,276.57
5246,154,77,6,11.0,1,48,11.42
5247,154,53,5,6.0,1,87,99.99
5248,154,42,2,8.0,1,190,186.13
5249,155,47,3,13.0,1,17,279.24
5250,155,60,5,12.0,4,158,393.57
5251,155,68,3,10.0,1,73,31.95
5252,155,10055,5,1.0,2,8,268.55
5253,155,76,6,6.0,1,111,327.0
5254,155,10096,6,4.0,2,94,231.12
5255,155,65,3,14.0,1,48,38.73
5256,155,93,1,7.0,1,104,39.17
5257,155,84,3,1.0,1,67,288.33
5258,155,2,4,,1,11,144.87
5259,155,110,6,2.0,1,215,4.35
5260,155,105,4,7.0,1,221,115.72
5261,155,6,6,13.0,1,207,342.42
5262,155,1,1,14.0,1,106,382.97
5263,155,77,1,13.0,1,195,11.42
5264,155,18,5,8.0,1,105,65.67
5265,155,65,6,6.0,1,223,38.73
5266,155,21,2,9.0,2,38,307.9
5267,155,72,2,9.0,1,72,389.59
5268,155,111,2,6.0,2,156,299.51
5269,155,39,1,,2,24,170.58
5270,155,97,5,10.0,1,206,99.11
5271,155,48,1,15.0,1,64,77.58
5272,155,4,3,13.0,1,242,118.68
5273,155,19,2,9.0,1,152,153.88
5274,155,106,1,7.0,1,75,57.07
5275,155,90,6,8.0,1,143,85.65
5276,155,77,4,1.0,5,33,11.42
5277,155,3,1,,3,77,184.85
5278,155,37,6,4.0,1,78,374.33
5279,155,43,2,9.0,1,195,40.97
5280,155,120,6,8.0,3,143,18.02
5281,155,59,3,11.0,1,33,149.07
5282,156,23,1,11.0,2,143,204.06
5283,156,29,1,13.0,3,89,264.58
5284,156,117,5,1.0,2,173,132.08
5285,156,60,5,2.0,5,171,393.57
5286,156,29,6,15.0,1,184,264.58
5287,156,120,2,7.0,1,153,18.02
5288,156,41,3,6.0,2,235,77.7
5289,156,48,5,12.0,2,197,77.58
5290,156,98,3,15.0,1,189,89.1
5291,156,54,5,10.0,1,164,263.63
5292,156,39,3,9.0,1,156,170.58
5293,156,55,1,12.0,2,13,268.55
5294,156,54,4,8.0,1,194,263.63
5295,156,57,1,6.0,1,37,184.4
5296,156,12,2,9.0,1,18,322.41
5297,156,116,5,6.0,1,57,74.33
5298,156,66,3,12.0,2,103,134.76
5299,156,21,6,7.0,2,76,307.9
5300,156,59,4,3.0,1,83,149.07
5301,156,104,1,11.0,2,48,194.87
5302,156,19,3,5.0,1,132,153.88
5303,156,5,3,12.0,1,33,282.42
5304,156,93,3,14.0,1,102,39.17
5305,156,42,5,8.0,2,73,186.13
5306,156,75,1,14.0,2,128,45.02
5307,156,49,1,3.0,2,95,217.79
5308,156,31,2,3.0,2,159,276.57
5309,156,87,5,3.0,2,239,267.42
5310,156,11,3,15.0,1,208,274.48
5311,156,50,2,1.0,1,234,191.76
5312,156,78,4,15.0,2,226,386.82
5313,156,77,1,2.0,2,125,11.42
5314,156,21,5,3.0,1,7,307.9
5315,156,53,4,13.0,1,46,99.99
5316,156,46,6,3.0,3,231,2.86
5317,156,78,2,14.0,1,2,386.82
5318,156,17,3,4.0,1,32,198.42
5319,157,39,5,14.0,2,92,170.58
5320,157,20,1,11.0,1,150,344.59
5321,157,74,2,4.0,1,96,345.9
5322,157,63,5,10.0,2,16,114.14
5323,157,83,1,10.0,1,166,19.67
5324,157,13,4,14.0,1,88,350.79
5325,157,92,6,8.0,1,17,69.54
5326,157,48,3,5.0,2,1,77.58
5327,157,75,5,3.0,2,59,45.02
5328,157,102,3,4.0,1,35,332.57
5329,157,11,4,8.0,2,120,274.48
5330,157,69,1,7.0,3,75,334.17
5331,157,37,2,13.0,1,190,374.33
5332,157,38,3,10.0,1,180,323.38
5333,157,118,1,8.0,3,110,102.4
5334,157,92,4,6.0,4,46,69.54
5335,157,83,4,1.0,2,201,19.67
5336,157,71,1,11.0,2,83,273.46
5337,157,8,4,13.0,2,185,268.73
5338,157,20,2,11.0,2,30,344.59
5339,157,81,5,8.0,1,7,45.14
5340,157,106,4,4.0,1,86,57.07
5341,157,20,2,2.0,1,139,344.59
5342,157,20,1,7.0,1,210,344.59
5343,157,93,3,6.0,2,107,39.17
5344,157,64,1,14.0,1,39,254.43
5345,157,25,1,12.0,2,63,381.49
5346,157,44,2,9.0,2,145,370.69
5347,157,20,2,2.0,3,54,344.59
5348,157,56,3,11.0,1,129,269.33
5349,157,49,5,8.0,3,194,217.79
5350,157,92,3,11.0,4,142,69.54
5351,157,88,4,10.0,1,19,52.66
5352,157,44,2,3.0,3,11,370.69
5353,157,100,3,1.0,1,209,320.96
5354,157,46,2,7.0,1,75,2.86
5355,157,57,2,6.0,1,17,184.4
5356,157,63,2,6.0,2,242,114.14
5357,157,10118,2,14.0,1,94,102.4
5358,157,41,4,7.0,2,67,77.7
5359,158,66,3,3.0,2,43,134.76
5360,158,103,5,6.0,1,213,105.16
5361,158,40,4,6.0,1,2,162.24
5362,158,75,2,7.0,4,84,45.02
5363,158,119,3,3.0,1,210,399.96
5364,158,111,4,13.0,2,115,299.51
5365,158,92,4,4.0,3,190,69.54
5366,158,3,5,13.0,1,56,184.85
5367,158,113,3,2.0,1,34,268.21
5368,158,39,4,11.0,2,96,170.58
5369,158,24,2,5.0,3,229,204.05
5370,158,71,6,12.0,2,172,273.46
5371,158,1,3,8.0,2,186,382.97
5372,158,110,2,14.0,2,134,4.35
5373,158,84,1,4.0,1,59,288.33
5374,158,68,2,8.0,2,143,31.95
5375,158,10055,2,4.0,2,114,268.55
5376,158,113,2,15.0,2,146,268.21
5377,158,35,3,15.0,2,102,362.36
5378,158,99,6,7.0,2,51,21.99
5379,158,29,6,14.0,1,201,264.58
5380,158,67,4,2.0,4,18,177.85
5381,158,114,2,,5,243,392.33
5382,158,115,6,5.0,2,129,265.87
5383,158,17,4,13.0,3,247,198.42
5384,159,28,4,11.0,5,148,195.42
5385,159,10055,5,12.0,1,139,268.55
5386,159,64,6,2.0,2,179,254.43
5387,159,2,3,5.0,1,156,144.87
5388,159,115,4,10.0,3,35,265.87
5389,159,48,4,12.0,1,214,77.58
5390,159,111,2,10.0,1,95,299.51
5391,159,12,5,6.0,2,13,322.41
5392,159,114,1,15.0,2,85,392.33
5393,159,15,4,15.0,1,136,100.16
5394,159,115,6,9.0,2,225,265.87
5395,159,10055,5,10.0,1,164,268.55
5396,159,95,1,11.0,2,18,245.29
5397,159,8,3,6.0,1,104,268.73
5398,159,66,3,4.0,1,214,134.76
5399,159,67,6,5.0,1,132,177.85
5400,159,62,3,6.0,2,130,107.26
5401,159,6,5,2.0,1,237,342.42
5402,159,120,3,8.0,1,29,18.02
5403,159,105,4,1.0,2,24,115.72
5404,159,78,1,8.0,4,203,386.82
5405,159,14,4,9.0,3,178,354.1
5406,159,91,2,2.0,2,112,177.83
5407,159,47,5,7.0,1,205,279.24
5408,159,55,1,10.0,2,121,268.55
5409,159,50,4,12.0,2,183,191.76
5410,159,85,2,2.0,2,122,173.66
5411,159,93,3,6.0,3,249,39.17
5412,159,27,3,6.0,4,165,25.05
5413,159,76,3,8.0,2,181,327.0
5414,159,48,2,4.0,1,64,77.58
5415,159,76,5,3.0,2,100,327.0
5416,159,19,1,13.0,1,180,153.88
5417,159,72,1,6.0,2,139,389.59
5418,159,119,4,8.0,2,155,399.96
5419,159,1,2,,3,202,382.97
5420,159,27,2,8.0,2,46,25.05
5421,159,50,4,13.0,2,166,191.76
5422,160,41,1,13.0,1,190,77.7
5423,160,22,3,9.0,2,95,182.58
5424,160,55,1,1.0,4,206,268.55
5425,160,105,2,1.0,2,138,115.72
5426,160,119,4,12.0,3,216,399.96
5427,160,59,2,12.0,1,217,149.07
5428,160,62,4,15.0,1,192,107.26
5429,160,15,1,9.0,4,75,100.16
5430,160,17,6,11.0,1,130,198.42
5431,160,26,1,1.0,3,3,196.47
5432,160,11,2,14.0,1,37,274.48
5433,160,36,2,11.0,2,75,112.83
5434,160,114,6,6.0,2,190,392.33
5435,160,109,6,8.0,2,25,378.53
5436,160,107,6,15.0,2,31,87.15
5437,160,75,6,7.0,2,94,45.02
5438,160,56,3,7.0,2,198,269.33
5439,160,38,1,12.0,2,175,323.38
5440,160,110,2,13.0,1,69,4.35
5441,160,79,6,3.0,1,240,272.45
5442,160,37,2,7.0,2,175,374.33
5443,160,26,4,12.0,2,47,196.47
5444,160,12,5,5.0,1,63,322.41
5445,160,91,1,6.0,5,178,177.83
5446,160,86,2,13.0,1,30,266.03
5447,160,101,6,2.0,1,233,380.12
5448,160,5,6,1.0,4,18,282.42
5449,160,107,2,1.0,1,130,87.15
5450,160,52,3,12.0,1,54,29.05
5451,160,109,4,10.0,2,117,378.53
5452,160,118,2,5.0,3,130,102.4
5453,161,12,5,5.0,2,147,322.41
5454,161,73,1,7.0,1,63,352.8
5455,161,91,5,11.0,4,100,177.83
5456,161,87,2,1.0,3,225,267.42
5457,161,10096,4,14.0,1,169,231.12
5458,161,47,2,3.0,1,80,279.24
5459,161,43,3,10.0,1,231,40.97
5460,161,93,4,5.0,1,1,39.17
5461,161,5,6,11.0,1,169,282.42
5462,161,70,4,2.0,1,78,18.65
5463,161,49,1,10.0,2,7,217.79
5464,161,44,3,3.0,2,127,370.69
5465,161,52,6,1.0,3,226,29.05
5466,161,93,2,6.0,2,231,39.17
5467,161,84,2,12.0,1,196,288.33
5468,161,26,1,1.0,2,15,196.47
5469,161,76,1,10.0,2,151,327.0
5470,161,71,4,12.0,1,1,273.46
5471,161,40,5,3.0,2,135,162.24
5472,161,10055,2,5.0,2,17,268.55
5473,161,113,5,10.0,1,175,268.21
5474,161,95,2,5.0,1,181,245.29
5475,161,57,4,4.0,1,198,184.4
5476,161,22,5,1.0,1,132,182.58
5477,161,11,2,11.0,2,163,274.48
5478,161,9,3,14.0,1,195,254.72
5479,161,100,4,5.0,2,197,320.96
5480,161,1,3,4.0,2,19,382.97
5481,161,111,1,,5,90,299.51
5482,162,10055,2,12.0,2,63,268.55
5483,162,79,4,4.0,1,155,272.45
5484,162,65,3,2.0,1,143,38.73
5485,162,16,6,11.0,2,109,359.33
5486,162,61,4,6.0,2,166,327.21
5487,162,94,1,8.0,1,110,323.01
5488,162,111,1,8.0,2,102,299.51
5489,162,17,6,13.0,3,246,198.42
5490,162,119,2,9.0,1,232,399.96
5491,162,46,1,11.0,2,102,2.86
5492,162,101,6,15.0,3,103,380.12
5493,162,21,2,7.0,1,114,307.9
5494,162,89,5,,2,180,228.5
5495,162,58,6,7.0,2,210,86.84
5496,162,24,5,10.0,1,174,204.05
5497,162,69,5,,3,75,334.17
5498,162,31,3,2.0,2,35,276.57
5499,162,80,4,3.0,1,112,351.06
5500,162,78,4,1.0,1,141,386.82
5501,162,117,5,12.0,2,137,132.08
5502,162,4,1,15.0,1,75,118.68
5503,162,57,1,13.0,1,100,184.4
5504,162,71,5,2.0,1,245,273.46
5505,162,76,3,6.0,2,206,327.0
5506,162,69,4,2.0,1,216,334.17
5507,162,68,4,,4,224,31.95
5508,162,100,1,,2,155,320.96
5509,162,35,5,3.0,1,134,362.36
5510,162,72,4,8.0,4,13,389.59
5511,162,83,1,10.0,2,51,19.67
5512,162,14,6,6.0,1,163,354.1
5513,162,83,5,11.0,1,10,19.67
5514,162,22,5,1.0,2,103,182.58
5515,162,77,3,3.0,2,42,11.42
5516,163,106,1,1.0,2,99,57.07
5517,163,6,1,8.0,1,164,342.42
5518,163,10096,2,13.0,1,45,231.12
5519,163,84,6,5.0,3,180,288.33
5520,163,58,3,13.0,2,189,86.84
5521,163,4,6,8.0,2,227,118.68
5522,163,12,6,5.0,2,101,322.41
5523,163,10118,5,7.0,4,174,102.4
5524,163,64,3,7.0,2,139,254.43
5525,163,101,2,5.0,3,65,380.12
5526,163,29,3,2.0,4,72,264.58
5527,163,55,5,11.0,1,211,268.55
5528,163,119,5,12.0,1,224,399.96
5529,163,26,3,14.0,1,59,196.47
5530,163,119,3,7.0,2,162,399.96
5531,163,54,4,7.0,1,213,263.63
5532,163,41,2,14.0,1,170,77.7
5533,163,61,3,1.0,2,237,327.21
5534,163,78,3,13.0,2,227,386.82
5535,163,99,5,11.0,2,213,21.99
5536,163,39,2,12.0,2,111,170.58
5537,163,89,3,1.0,5,92,228.5
5538,163,93,3,1.0,1,93,39.17
5539,163,5,5,5.0,5,103,282.42
5540,163,94,1,4.0,2,72,323.01
5541,163,98,5,10.0,1,12,89.1
5542,163,58,2,8.0,2,233,86.84
5543,163,76,3,13.0,1,237,327.0
5544,163,81,6,,1,144,45.14
5545,163,9,4,9.0,3,90,254.72
5546,163,5,6,12.0,1,163,282.42
5547,163,44,1,9.0,1,25,370.69
5548,163,44,2,3.0,1,233,370.69
5549,163,34,6,11.0,2,60,4.86
5550,163,97,4,14.0,2,195,99.11
5551,164,11,6,2.0,1,29,274.48
5552,164,85,3,5.0,1,223,173.66
5553,164,46,2,14.0,1,68,2.86
5554,164,56,6,3.0,1,207,269.33
5555,164,15,6,6.0,2,127,100.16
5556,164,25,5,6.0,1,90,381.49
5557,164,10060,1,13.0,1,111,393.57
5558,164,103,5,11.0,4,21,105.16
5559,164,42,1,11.0,2,231,186.13
5560,164,45,3,11.0,3,57,193.58
5561,164,90,1,7.0,2,35,85.65
5562,164,70,1,4.0,2,64,18.65
5563,164,50,1,3.0,1,217,191.76
5564,164,41,4,7.0,1,185,77.7
5565,164,112,6,7.0,2,66,89.33
5566,164,23,4,,3,66,204.06
5567,164,66,6,3.0,2,4,134.76
5568,164,120,1,4.0,2,22,18.02
5569,164,56,2,,2,217,269.33
5570,164,80,5,2.0,1,112,351.06
5571,164,10096,1,1.0,2,183,231.12
5572,164,79,5,15.0,1,211,272.45
5573,164,87,6,8.0,1,59,267.42
5574,164,13,2,4.0,2,72,350.79
5575,164,106,5,9.0,2,246,57.07
5576,164,65,3,2.0,1,169,38.73
5577,164,20,1,10.0,1,209,344.59
5578,164,39,3,11.0,1,38,170.58
5579,164,101,6,4.0,2,66,380.12
5580,164,47,3,8.0,1,48,279.24
5581,164,9,1,5.0,2,152,254.72
5582,164,37,6,15.0,1,22,374.33
5583,164,91,2,4.0,2,112,177.83
5584,164,48,2,2.0,3,227,77.58
5585,164,84,2,10.0,1,124,288.33
5586,164,87,6,1.0,2,105,267.42
5587,164,75,1,15.0,1,120,45.02
5588,164,50,3,15.0,2,116,191.76
5589,164,21,5,7.0,1,37,307.9
5590,164,11,6,9.0,2,126,274.48
5591,165,76,5,10.0,1,231,327.0
5592,165,42,4,8.0,1,112,186.13
5593,165,15,1,10.0,2,132,100.16
5594,165,63,1,5.0,2,89,114.14
5595,165,95,5,2.0,3,96,245.29
5596,165,8,3,1.0,3,3,268.73
5597,165,23,1,11.0,2,97,204.06
5598,165,67,2,9.0,2,157,177.85
5599,165,28,6,11.0,1,89,195.42
5600,165,22,5,7.0,3,116,182.58
5601,165,7,2,1.0,2,70,255.0
5602,165,100,6,5.0,1,105,320.96
5603,165,59,6,11.0,2,18,149.07
5604,165,93,2,7.0,2,139,39.17
5605,165,6,1,14.0,2,141,342.42
5606,165,58,2,14.0,2,193,86.84
5607,165,32,2,1.0,1,26,360.05
5608,165,21,2,,2,61,307.9
5609,165,71,2,4.0,2,45,273.46
5610,165,71,6,12.0,1,20,273.46
5611,165,87,4,12.0,3,200,267.42
5612,165,29,4,4.0,2,138,264.58
5613,165,86,6,12.0,2,123,266.03
5614,165,95,4,8.0,5,192,245.29
5615,165,91,3,7.0,2,124,177.83
5616,165,6,1,2.0,1,66,342.42
5617,165,13,1,15.0,2,3,350.79
5618,165,56,2,6.0,2,224,269.33
5619,165,102,6,14.0,2,156,332.57
5620,165,24,2,9.0,1,96,204.05
5621,165,15,5,10.0,1,68,100.16
5622,165,39,3,6.0,2,108,170.58
5623,165,19,5,6.0,2,100,153.88
5624,165,77,2,8.0,2,21,11.42
5625,165,58,6,2.0,1,177,86.84
5626,165,65,5,3.0,2,217,38.73
5627,166,75,3,3.0,1,190,45.02
5628,166,107,4,8.0,1,140,87.15
5629,166,4,3,4.0,1,118,118.68
5630,166,70,5,5.0,1,211,18.65
5631,166,22,6,11.0,5,168,182.58
5632,166,98,3,2.0,3,78,89.1
5633,166,51,4,7.0,1,53,384.39
5634,166,1,3,2.0,2,19,382.97
5635,166,54,1,3.0,2,161,263.63
5636,166,48,2,4.0,2,29,77.58
5637,166,69,6,15.0,2,237,334.17
5638,166,62,1,7.0,1,81,107.26
5639,166,73,4,15.0,1,124,352.8
5640,166,28,4,13.0,3,247,195.42
5641,166,4,3,8.0,1,175,118.68
5642,166,83,2,4.0,2,177,19.67
5643,166,98,3,3.0,2,192,89.1
5644,166,100,6,10.0,4,30,320.96
5645,166,22,4,7.0,2,85,182.58
5646,166,36,1,5.0,2,13,112.83
5647,166,120,6,2.0,1,21,18.02
5648,166,22,2,5.0,2,123,182.58
5649,166,25,1,2.0,1,115,381.49
5650,166,99,4,14.0,2,212,21.99
5651,166,87,4,12.0,2,203,267.42
5652,166,67,6,10.0,2,123,177.85
5653,166,75,5,10.0,3,15,45.02
5654,166,120,2,2.0,1,29,18.02
5655,166,110,4,7.0,1,92,4.35
5656,166,13,5,11.0,2,27,350.79
5657,166,115,1,8.0,5,55,265.87
5658,166,88,6,14.0,2,63,52.66
5659,166,53,2,3.0,1,153,99.99
5660,166,10060,3,8.0,2,210,393.57
5661,166,111,4,10.0,1,79,299.51
5662,166,28,4,9.0,2,19,195.42
5663,166,108,2,12.0,1,182,167.48
5664,166,75,5,9.0,2,243,45.02
5665,166,7,1,11.0,1,211,255.0
5666,166,10,4,6.0,1,49,153.02
5667,166,90,2,4.0,2,206,85.65
5668,166,25,4,13.0,5,215,381.49
5669,166,61,5,6.0,1,69,327.21
5670,166,97,1,10.0,2,214,99.11
5671,166,61,6,6.0,1,192,327.21
5672,166,67,3,6.0,1,178,177.85
5673,167,88,5,9.0,3,195,52.66
5674,167,20,4,12.0,2,56,344.59
5675,167,20,2,13.0,2,247,344.59
5676,167,14,4,2.0,3,214,354.1
5677,167,95,2,15.0,2,225,245.29
5678,167,95,3,14.0,1,108,245.29
5679,167,116,1,3.0,3,181,74.33
5680,167,104,1,9.0,1,102,194.87
5681,167,77,3,2.0,1,212,11.42
5682,167,99,5,4.0,1,25,21.99
5683,167,28,1,1.0,1,230,195.42
5684,167,61,5,11.0,2,189,327.21
5685,167,10060,5,10.0,1,110,393.57
5686,167,40,3,10.0,2,138,162.24
5687,167,81,3,1.0,2,144,45.14
5688,167,79,5,12.0,5,28,272.45
5689,168,82,2,13.0,2,237,393.73
5690,168,52,5,15.0,1,53,29.05
5691,168,80,4,7.0,1,116,351.06
5692,168,89,2,11.0,1,58,228.5
5693,168,2,6,5.0,2,34,144.87
5694,168,83,2,5.0,2,25,19.67
5695,168,68,6,13.0,2,16,31.95
5696,168,117,2,4.0,1,112,132.08
5697,168,116,1,9.0,1,26,74.33
5698,168,40,3,5.0,2,195,162.24
5699,168,112,3,11.0,4,8,89.33
5700,168,36,2,13.0,1,95,112.83
5701,168,77,3,6.0,1,180,11.42
5702,168,12,1,9.0,3,110,322.41
5703,168,44,4,1.0,2,157,370.69
5704,168,37,1,6.0,2,50,374.33
5705,168,80,6,4.0,2,120,351.06
5706,168,40,6,14.0,1,84,162.24
5707,168,88,6,9.0,5,233,52.66
5708,168,50,1,14.0,2,200,191.76
5709,168,83,2,6.0,1,158,19.67
5710,168,96,5,3.0,1,10,231.12
5711,168,23,2,12.0,2,98,204.06
5712,168,85,4,13.0,1,43,173.66
5713,168,30,2,2.0,2,146,349.23
5714,168,107,1,9.0,1,201,87.15
5715,168,78,6,,2,160,386.82
5716,168,101,3,11.0,2,162,380.12
5717,168,38,1,11.0,3,46,323.38
5718,168,25,3,4.0,2,207,381.49
5719,168,67,5,4.0,1,66,177.85
5720,168,48,1,12.0,1,135,77.58
5721,168,116,5,1.0,1,130,74.33
5722,168,104,3,3.0,1,73,194.87
5723,168,72,2,10.0,1,242,389.59
5724,168,43,3,,1,69,40.97
5725,168,106,1,6.0,1,42,57.07
5726,168,110,5,15.0,4,134,4.35
5727,168,48,5,15.0,2,123,77.58
5728,168,111,1,7.0,2,207,299.51
5729,168,112,4,4.0,3,83,89.33
5730,168,108,4,1.0,2,67,167.48
5731,168,103,5,1.0,2,10,105.16
5732,168,103,5,3.0,2,141,105.16
5733,169,37,6,11.0,4,103,374.33
5734,169,67,4,10.0,2,138,177.85
5735,169,34,4,,2,180,4.86
5736,169,90,6,,1,222,85.65
5737,169,56,5,14.0,3,67,269.33
5738,169,117,1,13.0,2,56,132.08
5739,169,34,6,8.0,2,27,4.86
5740,169,62,3,12.0,1,84,107.26
5741,169,44,1,9.0,1,109,370.69
5742,169,88,1,11.0,4,75,52.66
5743,169,114,6,4.0,1,73,392.33
5744,169,10118,3,11.0,2,112,102.4
5745,169,42,1,15.0,2,72,186.13
5746,169,117,1,13.0,1,105,132.08
5747,169,91,5,4.0,1,125,177.83
5748,169,6,2,12.0,1,231,342.42
5749,169,23,5,8.0,1,213,204.06
5750,169,76,2,13.0,2,115,327.0
5751,169,10060,1,6.0,1,15,393.57
5752,169,88,2,14.0,5,181,52.66
5753,169,55,6,7.0,5,224,268.55
5754,169,66,1,13.0,2,194,134.76
5755,169,83,3,13.0,1,192,19.67
5756,169,72,1,4.0,1,83,389.59
5757,169,29,1,2.0,2,6,264.58
5758,169,109,2,10.0,2,97,378.53
5759,170,11,5,1.0,2,195,274.48
5760,170,118,5,3.0,1,233,102.4
5761,170,91,4,9.0,3,97,177.83
5762,170,7,2,7.0,2,38,255.0
5763,170,25,6,5.0,1,78,381.49
5764,170,28,6,7.0,2,131,195.42
5765,170,49,6,4.0,2,60,217.79
5766,170,10,6,4.0,1,57,153.02
5767,170,87,4,12.0,1,216,267.42
5768,170,7,4,14.0,2,32,255.0
5769,170,39,3,8.0,3,119,170.58
5770,170,23,6,3.0,3,100,204.06
5771,170,51,4,12.0,1,11,384.39
5772,170,116,5,10.0,2,126,74.33
5773,170,34,4,14.0,2,96,4.86
5774,170,88,3,5.0,2,215,52.66
5775,170,43,2,14.0,2,49,40.97
5776,170,59,3,14.0,1,8,149.07
5777,170,101,2,8.0,4,108,380.12
5778,170,37,1,3.0,2,6,374.33
5779,170,62,4,2.0,4,79,107.26
5780,170,45,2,2.0,2,82,193.58
5781,170,99,2,4.0,2,16,21.99
5782,170,8,1,1.0,2,147,268.73
5783,170,95,1,6.0,3,102,245.29
5784,170,65,2,5.0,1,185,38.73
5785,170,32,5,13.0,1,86,360.05
5786,170,55,3,3.0,2,234,268.55
5787,170,87,2,7.0,1,9,267.42
5788,170,118,6,14.0,2,246,102.4
5789,170,60,1,10.0,1,189,393.57
5790,170,8,6,5.0,1,150,268.73
5791,170,86,3,2.0,5,21,266.03
5792,170,98,5,10.0,2,189,89.1
5793,171,71,1,6.0,1,129,273.46
5794,171,10118,4,5.0,1,103,102.4
5795,171,40,6,8.0,1,109,162.24
5796,171,66,6,7.0,3,131,134.76
5797,171,1,3,12.0,2,150,382.97
5798,171,86,6,14.0,1,99,266.03
5799,171,19,6,12.0,2,96,153.88
5800,171,48,4,10.0,2,151,77.58
5801,171,68,6,5.0,1,184,31.95
5802,171,30,6,12.0,1,47,349.23
5803,171,24,4,5.0,2,219,204.05
5804,171,36,4,10.0,1,137,112.83
5805,171,118,2,1.0,1,91,102.4
5806,171,113,1,7.0,1,9,268.21
5807,171,40,4,4.0,1,142,162.24
5808,171,12,3,12.0,2,129,322.41
5809,171,34,4,5.0,1,212,4.86
5810,171,25,3,5.0,1,27,381.49
5811,171,115,6,3.0,1,235,265.87
5812,171,101,5,4.0,2,215,380.12
5813,171,11,5,11.0,1,180,274.48
5814,171,53,4,14.0,2,222,99.99
5815,171,39,1,4.0,2,236,170.58
5816,171,65,6,3.0,1,91,38.73
5817,171,26,3,7.0,2,198,196.47
5818,171,105,1,10.0,1,240,115.72
5819,171,69,3,12.0,2,31,334.17
5820,171,78,3,10.0,2,207,386.82
5821,171,104,5,12.0,2,227,194.87
5822,172,10,2,9.0,2,97,153.02
5823,172,104,5,14.0,1,29,194.87
5824,172,45,5,9.0,1,53,193.58
5825,172,13,5,9.0,4,196,350.79
5826,172,12,5,13.0,4,11,322.41
5827,172,26,5,5.0,2,222,196.47
5828,172,34,2,14.0,1,45,4.86
5829,172,21,1,15.0,1,95,307.9
5830,172,96,2,14.0,2,14,231.12
5831,172,95,1,9.0,2,81,245.29
5832,172,116,2,2.0,1,76,74.33
5833,172,12,2,6.0,2,226,322.41
5834,172,47,2,2.0,2,83,279.24
5835,172,25,1,5.0,1,3,381.49
5836,172,69,1,2.0,1,229,334.17
5837,172,114,6,10.0,1,141,392.33
5838,172,99,3,7.0,1,190,21.99
5839,172,56,2,5.0,2,84,269.33
5840,172,39,1,12.0,5,250,170.58
5841,172,76,1,10.0,1,220,327.0
5842,172,35,3,7.0,3,79,362.36
5843,172,120,5,13.0,2,27,18.02
5844,172,14,6,11.0,1,98,354.1
5845,172,12,1,13.0,2,228,322.41
5846,172,90,6,3.0,2,41,85.65
5847,172,18,6,9.0,2,37,65.67
5848,172,65,2,2.0,1,163,38.73
5849,172,46,6,11.0,2,201,2.86
5850,172,80,5,3.0,1,8,351.06
5851,172,81,3,13.0,2,239,45.14
5852,172,96,1,,2,146,231.12
5853,172,85,6,15.0,1,243,173.66
5854,172,64,2,9.0,2,161,254.43
5855,172,91,2,1.0,2,12,177.83
5856,172,85,4,5.0,4,144,173.66
5857,172,64,6,13.0,1,49,254.43
5858,172,10096,1,6.0,2,23,231.12
5859,172,24,6,6.0,1,174,204.05
5860,172,114,6,,5,239,392.33
5861,173,3,4,9.0,2,8,184.85
5862,173,120,2,7.0,1,201,18.02
5863,173,39,4,13.0,1,103,170.58
5864,173,78,3,10.0,2,6,386.82
5865,173,11,6,12.0,1,150,274.48
5866,173,56,4,5.0,2,53,269.33
5867,173,116,4,14.0,1,91,74.33
5868,173,18,2,8.0,1,136,65.67
5869,173,66,4,7.0,2,89,134.76
5870,173,117,5,4.0,1,19,132.08
5871,173,85,1,3.0,1,227,173.66
5872,173,108,5,,3,23,167.48
5873,173,103,6,9.0,5,98,105.16
5874,173,36,4,5.0,1,171,112.83
5875,173,116,1,10.0,2,4,74.33
5876,173,3,2,13.0,1,185,184.85
5877,173,110,5,13.0,2,83,4.35
5878,173,72,2,10.0,2,75,389.59
5879,173,76,6,5.0,1,118,327.0
5880,173,94,1,4.0,2,79,323.01
5881,173,72,2,15.0,1,24,389.59
5882,173,53,4,1.0,4,210,99.99
5883,173,94,2,12.0,2,101,323.01
5884,173,104,5,9.0,2,195,194.87
5885,173,105,6,13.0,2,106,115.72
5886,173,43,4,3.0,2,152,40.97
5887,173,48,6,9.0,3,170,77.58
5888,173,114,2,3.0,1,184,392.33
5889,173,1,1,3.0,2,63,382.97
5890,173,6,4,9.0,1,88,342.42
5891,173,94,3,14.0,1,109,323.01
5892,173,53,6,1.0,2,157,99.99
5893,173,36,3,4.0,4,123,112.83
5894,173,94,3,14.0,4,148,323.01
5895,173,19,1,11.0,2,52,153.88
5896,173,62,3,11.0,1,202,107.26
5897,173,77,6,9.0,2,180,11.42
5898,173,36,5,5.0,2,23,112.83
5899,173,9,6,9.0,4,99,254.72
5900,173,119,2,6.0,2,195,399.96
5901,173,96,6,10.0,1,159,231.12
5902,174,33,3,10.0,2,105,136.56
5903,174,41,1,13.0,1,165,77.7
5904,174,114,1,8.0,1,136,392.33
5905,174,31,6,,2,208,276.57
5906,174,10060,2,9.0,1,210,393.57
5907,174,107,1,4.0,1,215,87.15
5908,174,98,6,8.0,1,167,89.1
5909,174,23,3,9.0,2,72,204.06
5910,174,102,6,13.0,2,170,332.57
5911,174,62,4,1.0,2,146,107.26
5912,174,99,3,12.0,2,13,21.99
5913,174,103,6,1.0,4,71,105.16
5914,174,27,2,9.0,1,2,25.05
5915,174,110,3,8.0,1,192,4.35
5916,174,102,5,12.0,1,125,332.57
5917,174,45,3,7.0,1,226,193.58
5918,174,32,5,7.0,1,11,360.05
5919,174,56,4,15.0,2,192,269.33
5920,174,52,6,8.0,2,35,29.05
5921,174,43,6,15.0,1,179,40.97
5922,174,39,5,2.0,3,154,170.58
5923,174,91,5,6.0,2,105,177.83
5924,174,81,6,9.0,1,94,45.14
5925,174,22,1,6.0,2,249,182.58
5926,174,114,6,4.0,1,143,392.33
5927,174,3,6,6.0,1,224,184.85
5928,174,18,1,7.0,1,47,65.67
5929,174,28,5,8.0,1,165,195.42
5930,174,37,6,8.0,2,144,374.33
5931,174,107,1,14.0,2,88,87.15
5932,174,101,5,2.0,1,156,380.12
5933,174,59,4,2.0,2,40,149.07
5934,174,89,3,13.0,2,79,228.5
5935,174,22,3,2.0,2,110,182.58
5936,174,80,5,13.0,3,173,351.06
5937,174,67,6,10.0,2,122,177.85
5938,174,57,4,13.0,1,82,184.4
5939,174,5,4,,2,84,282.42
5940,174,79,3,12.0,1,54,272.45
5941,174,40,2,7.0,2,138,162.24
5942,174,64,1,7.0,2,205,254.43
5943,174,10055,2,14.0,2,150,268.55
5944,174,79,1,12.0,1,62,272.45
5945,174,15,3,10.0,1,119,100.16
5946,175,15,1,11.0,2,65,100.16
5947,175,110,2,10.0,2,247,4.35
5948,175,85,1,11.0,1,68,173.66
5949,175,62,2,6.0,2,120,107.26
5950,175,44,4,4.0,4,88,370.69
5951,175,10118,6,5.0,1,25,102.4
5952,175,43,6,4.0,1,159,40.97
5953,175,20,2,9.0,2,94,344.59
5954,175,45,5,,4,199,193.58
5955,176,75,3,10.0,2,78,45.02
5956,176,47,5,7.0,2,104,279.24
5957,176,101,5,5.0,1,161,380.12
5958,176,100,2,4.0,2,55,320.96
5959,176,84,6,1.0,2,77,288.33
5960,176,14,3,10.0,1,250,354.1
5961,176,92,1,8.0,1,172,69.54
5962,176,93,6,5.0,2,32,39.17
5963,176,92,3,1.0,2,133,69.54
5964,176,64,3,13.0,2,104,254.43
5965,176,60,1,14.0,1,100,393.57
5966,176,10,4,11.0,1,8,153.02
5967,176,6,1,1.0,2,241,342.42
5968,176,74,6,1.0,1,126,345.9
5969,176,90,5,9.0,2,81,85.65
5970,176,13,4,3.0,1,29,350.79
5971,176,47,5,4.0,2,171,279.24
5972,176,102,5,7.0,2,174,332.57
5973,176,26,4,4.0,1,95,196.47
5974,176,102,3,10.0,3,105,332.57
5975,176,8,4,9.0,1,138,268.73
5976,176,100,1,4.0,1,206,320.96
5977,176,14,2,2.0,1,70,354.1
5978,176,78,4,5.0,1,43,386.82
5979,176,40,5,7.0,2,218,162.24
5980,176,29,3,13.0,2,187,264.58
5981,176,57,1,5.0,2,134,184.4
5982,176,26,6,15.0,4,171,196.47
5983,176,7,4,4.0,1,206,255.0
5984,176,81,4,9.0,1,209,45.14
5985,176,106,1,14.0,1,88,57.07
5986,176,86,4,12.0,1,121,266.03
5987,176,10055,3,13.0,2,18,268.55
5988,176,65,5,10.0,1,27,38.73
5989,176,17,6,4.0,1,204,198.42
5990,176,10,3,3.0,2,83,153.02
5991,176,104,4,2.0,3,150,194.87
5992,176,83,5,3.0,2,216,19.67
5993,176,80,3,13.0,1,195,351.06
5994,176,10118,3,5.0,1,97,102.4
5995,177,88,3,15.0,1,20,52.66
5996,177,13,6,14.0,1,196,350.79
5997,177,44,1,15.0,3,116,370.69
5998,177,10118,1,3.0,1,15,102.4
5999,177,106,6,2.0,1,177,57.07
6000,177,57,6,5.0,2,200,184.4
6001,177,100,3,2.0,1,67,320.96
6002,177,18,2,,1,20,65.67
6003,177,67,2,6.0,1,69,177.85
6004,177,116,1,8.0,4,44,74.33
6005,177,117,4,,2,1,132.08
6006,177,113,4,8.0,2,233,268.21
6007,177,94,5,,2,108,323.01
6008,177,62,4,9.0,2,61,107.26
6009,177,49,2,6.0,2,1,217.79
6010,177,84,4,2.0,2,163,288.33
6011,177,10060,1,1.0,1,73,393.57
6012,177,109,5,1.0,2,169,378.53
6013,177,65,4,4.0,1,12,38.73
6014,177,106,6,14.0,1,77,57.07
6015,177,102,4,7.0,2,120,332.57
6016,177,76,5,1.0,1,83,327.0
6017,177,88,2,1.0,2,100,52.66
6018,177,33,5,,2,145,136.56
6019,177,97,4,4.0,2,77,99.11
6020,177,105,6,12.0,1,247,115.72
6021,177,88,1,2.0,2,189,52.66
6022,177,72,5,7.0,3,140,389.59
6023,177,51,4,8.0,1,71,384.39
6024,177,10060,3,2.0,1,154,393.57
6025,177,116,4,13.0,1,224,74.33
6026,177,22,4,3.0,1,45,182.58
6027,177,74,6,1.0,1,141,345.9
6028,177,59,3,9.0,2,3,149.07
6029,177,108,5,13.0,1,95,167.48
6030,177,97,5,4.0,2,175,99.11
6031,177,82,1,,2,93,393.73
6032,177,114,3,8.0,1,80,392.33
6033,177,33,4,13.0,1,177,136.56
6034,177,16,1,12.0,2,21,359.33
6035,177,117,1,9.0,1,63,132.08
6036,177,74,3,11.0,1,150,345.9
6037,177,73,5,,2,57,352.8
6038,177,98,5,8.0,1,238,89.1
6039,177,110,4,4.0,2,9,4.35
6040,178,65,4,15.0,1,147,38.73
6041,178,17,3,12.0,1,98,198.42
6042,178,12,4,13.0,1,60,322.41
6043,178,81,5,4.0,2,62,45.14
6044,178,72,3,9.0,1,117,389.59
6045,178,52,4,11.0,2,112,29.05
6046,178,2,4,5.0,3,84,144.87
6047,178,84,6,13.0,4,184,288.33
6048,178,82,6,14.0,2,21,393.73
6049,178,61,2,4.0,2,46,327.21
6050,178,102,4,12.0,1,186,332.57
6051,178,117,4,5.0,2,223,132.08
6052,178,100,1,5.0,1,230,320.96
6053,178,6,5,14.0,2,113,342.42
6054,178,28,1,6.0,2,100,195.42
6055,178,44,3,1.0,1,117,370.69
6056,178,109,5,6.0,2,210,378.53
6057,178,114,3,7.0,2,213,392.33
6058,178,14,1,10.0,1,122,354.1
6059,178,113,4,11.0,1,191,268.21
6060,178,44,4,10.0,1,203,370.69
6061,178,22,4,4.0,2,76,182.58
6062,178,35,6,,2,53,362.36
6063,178,78,5,11.0,2,98,386.82
6064,178,45,6,14.0,2,112,193.58
6065,178,76,6,15.0,1,222,327.0
6066,178,92,4,9.0,4,34,69.54
6067,178,101,5,10.0,4,197,380.12
6068,179,57,5,1.0,3,194,184.4
6069,179,73,5,7.0,2,37,352.8
6070,179,64,4,15.0,1,191,254.43
6071,179,119,4,13.0,2,22,399.96
6072,179,57,2,2.0,1,34,184.4
6073,179,54,2,13.0,2,9,263.63
6074,179,10118,6,5.0,1,52,102.4
6075,179,25,6,4.0,1,14,381.49
6076,179,28,5,4.0,2,65,195.42
6077,179,3,4,15.0,1,8,184.85
6078,179,10055,4,5.0,2,182,268.55
6079,179,118,1,6.0,1,168,102.4
6080,179,44,4,7.0,1,83,370.69
6081,179,77,3,9.0,2,88,11.42
6082,179,92,1,,1,98,69.54
6083,179,34,3,14.0,3,143,4.86
6084,179,69,4,6.0,1,63,334.17
6085,179,10118,5,13.0,1,205,102.4
6086,179,2,3,6.0,2,247,144.87
6087,179,19,5,6.0,1,64,153.88
6088,179,53,3,6.0,4,86,99.99
6089,179,62,5,7.0,2,141,107.26
6090,179,10060,4,1.0,2,174,393.57
6091,179,30,6,3.0,1,44,349.23
6092,179,114,1,1.0,1,231,392.33
6093,179,80,6,9.0,3,103,351.06
6094,179,119,2,13.0,4,148,399.96
6095,179,70,4,13.0,2,124,18.65
6096,179,114,5,14.0,1,205,392.33
6097,179,33,2,10.0,2,93,136.56
6098,179,23,5,8.0,2,235,204.06
6099,179,51,3,7.0,2,3,384.39
6100,179,98,2,9.0,1,2,89.1
6101,179,3,3,1.0,2,46,184.85
6102,179,40,3,3.0,2,241,162.24
6103,179,88,2,11.0,1,193,52.66
6104,179,93,4,6.0,1,243,39.17
6105,179,51,3,10.0,1,36,384.39
6106,179,90,1,15.0,2,69,85.65
6107,179,17,4,12.0,1,5,198.42
6108,179,46,2,11.0,2,147,2.86
6109,179,36,2,4.0,1,223,112.83
6110,179,8,4,13.0,2,88,268.73
6111,179,70,2,10.0,1,248,18.65
6112,179,10055,4,4.0,1,177,268.55
6113,180,51,5,1.0,2,110,384.39
6114,180,12,3,10.0,1,40,322.41
6115,180,52,4,12.0,1,170,29.05
6116,180,65,6,11.0,2,118,38.73
6117,180,47,1,10.0,1,111,279.24
6118,180,109,4,1.0,2,159,378.53
6119,180,10,5,2.0,1,218,153.02
6120,180,71,6,3.0,2,61,273.46
6121,180,20,5,1.0,1,213,344.59
6122,180,83,2,10.0,1,88,19.67
6123,180,76,1,11.0,2,233,327.0
6124,180,42,1,14.0,1,55,186.13
6125,180,83,4,10.0,2,43,19.67
6126,180,116,4,15.0,4,118,74.33
6127,180,110,1,5.0,1,235,4.35
6128,180,72,4,10.0,1,106,389.59
6129,180,17,3,9.0,1,237,198.42
6130,180,89,1,11.0,2,148,228.5
6131,180,10118,4,4.0,4,195,102.4
6132,180,56,6,8.0,3,44,269.33
6133,180,34,3,5.0,3,51,4.86
6134,180,44,3,8.0,2,133,370.69
6135,181,47,4,15.0,3,104,279.24
6136,181,109,3,9.0,2,222,378.53
6137,181,6,2,10.0,2,13,342.42
6138,181,29,3,11.0,2,5,264.58
6139,181,17,3,14.0,2,108,198.42
6140,181,81,1,10.0,4,74,45.14
6141,181,9,4,8.0,1,59,254.72
6142,181,17,3,7.0,2,98,198.42
6143,181,89,2,5.0,2,153,228.5
6144,181,5,2,10.0,1,60,282.42
6145,181,98,1,5.0,1,237,89.1
6146,181,8,1,3.0,2,120,268.73
6147,181,10096,6,8.0,1,48,231.12
6148,181,51,3,5.0,2,126,384.39
6149,181,43,4,13.0,4,4,40.97
6150,181,82,1,3.0,3,236,393.73
6151,181,29,2,10.0,2,136,264.58
6152,181,35,4,3.0,5,41,362.36
6153,181,82,2,13.0,2,166,393.73
6154,181,79,4,15.0,2,178,272.45
6155,181,62,1,4.0,2,221,107.26
6156,181,102,2,13.0,2,234,332.57
6157,181,39,4,4.0,1,104,170.58
6158,181,6,6,10.0,1,145,342.42
6159,182,5,6,1.0,1,111,282.42
6160,182,59,4,14.0,1,166,149.07
6161,182,19,4,4.0,1,216,153.88
6162,182,42,3,1.0,2,183,186.13
6163,182,23,6,7.0,3,159,204.06
6164,182,19,6,1.0,2,189,153.88
6165,182,10055,3,5.0,1,243,268.55
6166,182,80,2,4.0,2,176,351.06
6167,182,76,1,14.0,2,55,327.0
6168,182,86,5,13.0,2,177,266.03
6169,182,66,4,4.0,1,86,134.76
6170,182,32,5,4.0,2,64,360.05
6171,182,62,2,4.0,1,162,107.26
6172,182,87,2,4.0,3,109,267.42
6173,182,109,2,13.0,1,122,378.53
6174,182,3,6,6.0,4,49,184.85
6175,182,59,2,4.0,2,89,149.07
6176,182,118,1,3.0,1,64,102.4
6177,182,42,1,8.0,2,182,186.13
6178,182,10055,3,14.0,1,128,268.55
6179,182,76,3,12.0,1,14,327.0
6180,182,20,6,11.0,1,77,344.59
6181,182,51,3,10.0,4,159,384.39
6182,182,105,3,3.0,1,83,115.72
6183,182,103,1,13.0,1,133,105.16
6184,182,12,2,12.0,1,250,322.41
6185,182,116,1,12.0,3,58,74.33
6186,182,40,5,15.0,2,196,162.24
6187,182,79,6,2.0,4,86,272.45
6188,182,110,3,2.0,2,229,4.35
6189,182,56,2,9.0,4,162,269.33
6190,182,36,4,14.0,2,201,112.83
6191,182,96,4,14.0,1,20,231.12
6192,182,112,5,15.0,2,243,89.33
6193,182,31,3,14.0,2,200,276.57
6194,183,6,3,6.0,1,156,342.42
6195,183,50,5,11.0,2,167,191.76
6196,183,58,4,5.0,1,49,86.84
6197,183,89,4,,2,239,228.5
6198,183,96,5,,2,12,231.12
6199,183,37,4,14.0,1,13,374.33
6200,183,77,2,9.0,2,135,11.42
6201,183,13,5,1.0,2,72,350.79
6202,183,115,4,7.0,2,241,265.87
6203,183,67,1,9.0,1,122,177.85
6204,183,94,3,14.0,2,176,323.01
6205,183,54,5,6.0,1,161,263.63
6206,183,76,4,7.0,1,195,327.0
6207,183,98,2,3.0,2,135,89.1
6208,183,62,2,3.0,1,211,107.26
6209,183,82,5,11.0,1,242,393.73
6210,183,58,2,8.0,3,54,86.84
6211,183,37,1,4.0,1,187,374.33
6212,183,100,1,4.0,2,13,320.96
6213,183,78,4,9.0,2,195,386.82
6214,183,81,5,11.0,2,66,45.14
6215,183,37,5,7.0,1,119,374.33
6216,183,34,4,10.0,3,10,4.86
6217,183,49,5,7.0,4,116,217.79
6218,183,112,5,8.0,1,229,89.33
6219,183,55,3,1.0,1,90,268.55
6220,183,102,3,4.0,2,78,332.57
6221,183,97,1,15.0,1,161,99.11
6222,183,27,5,1.0,2,185,25.05
6223,183,45,5,6.0,1,110,193.58
6224,183,102,2,8.0,1,181,332.57
6225,183,102,2,,2,52,332.57
6226,183,64,6,2.0,1,152,254.43
6227,183,108,4,5.0,2,141,167.48
6228,183,20,1,3.0,2,68,344.59
6229,183,18,3,5.0,2,87,65.67
6230,183,85,1,5.0,1,152,173.66
6231,183,65,6,11.0,5,145,38.73
6232,183,71,2,8.0,2,103,273.46
6233,183,31,5,3.0,2,80,276.57
6234,183,51,2,,1,205,384.39
6235,183,37,2,13.0,2,172,374.33
6236,183,4,5,4.0,1,81,118.68
6237,184,40,5,1.0,1,126,162.24
6238,184,92,3,10.0,2,145,69.54
6239,184,53,3,7.0,4,194,99.99
6240,184,66,5,4.0,1,92,134.76
6241,184,78,4,6.0,1,40,386.82
6242,184,42,6,1.0,2,43,186.13
6243,184,5,2,5.0,1,10,282.42
6244,184,96,4,14.0,1,250,231.12
6245,184,24,3,6.0,4,133,204.05
6246,184,6,3,9.0,2,218,342.42
6247,184,99,5,1.0,2,87,21.99
6248,184,52,4,9.0,1,206,29.05
6249,184,24,2,8.0,1,135,204.05
6250,184,99,3,10.0,2,9,21.99
6251,184,49,2,6.0,2,36,217.79
6252,184,79,3,13.0,2,208,272.45
6253,184,37,3,1.0,3,38,374.33
6254,184,34,6,5.0,1,138,4.86
6255,184,51,2,4.0,2,223,384.39
6256,184,60,1,1.0,2,58,393.57
6257,184,108,1,1.0,4,179,167.48
6258,184,87,4,13.0,1,32,267.42
6259,184,101,1,4.0,3,172,380.12
6260,184,1,4,5.0,2,117,382.97
6261,184,101,1,10.0,4,214,380.12
6262,184,107,1,13.0,2,205,87.15
6263,184,94,3,7.0,2,245,323.01
6264,184,77,2,12.0,2,125,11.42
6265,184,71,6,5.0,1,17,273.46
6266,184,29,3,2.0,4,51,264.58
6267,184,67,1,14.0,2,219,177.85
6268,184,14,3,,2,88,354.1
6269,184,90,6,6.0,3,163,85.65
6270,184,112,5,5.0,1,80,89.33
6271,184,65,3,10.0,2,191,38.73
6272,185,50,4,11.0,5,210,191.76
6273,185,68,2,4.0,2,27,31.95
6274,185,104,3,7.0,1,70,194.87
6275,185,17,2,11.0,1,121,198.42
6276,185,102,1,5.0,2,7,332.57
6277,185,110,4,10.0,1,161,4.35
6278,185,118,5,10.0,2,242,102.4
6279,185,78,1,7.0,1,192,386.82
6280,185,79,3,14.0,4,162,272.45
6281,185,39,1,,1,99,170.58
6282,185,22,4,8.0,1,90,182.58
6283,185,9,6,1.0,1,90,254.72
6284,185,10055,4,11.0,2,215,268.55
6285,185,4,5,11.0,1,86,118.68
6286,185,101,1,4.0,1,102,380.12
6287,185,120,3,,1,72,18.02
6288,185,10055,5,10.0,1,77,268.55
6289,185,49,6,14.0,3,133,217.79
6290,185,66,3,8.0,2,4,134.76
6291,185,32,4,1.0,3,14,360.05
6292,185,59,4,,3,19,149.07
6293,185,10055,2,6.0,1,147,268.55
6294,185,77,2,14.0,3,240,11.42
6295,185,68,1,15.0,1,19,31.95
6296,185,74,6,14.0,1,14,345.9
6297,185,36,5,,5,237,112.83
6298,185,37,3,13.0,1,92,374.33
6299,185,76,4,4.0,1,60,327.0
6300,185,85,5,10.0,1,187,173.66
6301,185,90,3,3.0,1,59,85.65
6302,185,14,4,1.0,2,210,354.1
6303,185,30,3,1.0,1,225,349.23
6304,185,8,3,13.0,4,150,268.73
6305,185,50,6,6.0,2,55,191.76
6306,186,92,1,10.0,2,123,69.54
6307,186,59,2,8.0,2,56,149.07
6308,186,112,3,12.0,4,234,89.33
6309,186,65,4,3.0,1,238,38.73
6310,186,102,6,14.0,3,90,332.57
6311,186,49,3,4.0,2,214,217.79
6312,186,111,4,7.0,2,142,299.51
6313,186,12,3,15.0,2,246,322.41
6314,186,74,2,15.0,1,196,345.9
6315,186,78,4,1.0,2,111,386.82
6316,186,47,5,8.0,1,224,279.24
6317,186,41,4,2.0,1,226,77.7
6318,186,50,2,7.0,2,179,191.76
6319,186,72,5,15.0,2,95,389.59
6320,186,51,3,14.0,2,152,384.39
6321,186,77,4,,2,241,11.42
6322,186,81,6,8.0,1,2,45.14
6323,186,30,5,5.0,2,170,349.23
6324,186,90,1,7.0,1,102,85.65
6325,186,75,2,3.0,4,155,45.02
6326,186,84,1,10.0,2,237,288.33
6327,186,7,1,2.0,1,201,255.0
6328,186,105,1,12.0,4,15,115.72
6329,186,42,4,2.0,1,217,186.13
6330,186,25,5,5.0,2,248,381.49
6331,186,80,6,3.0,2,243,351.06
6332,186,30,1,12.0,1,143,349.23
6333,186,84,2,5.0,2,171,288.33
6334,186,107,5,13.0,4,175,87.15
6335,186,114,6,14.0,2,104,392.33
6336,186,26,6,2.0,2,16,196.47
6337,186,34,5,11.0,1,228,4.86
6338,186,60,6,7.0,4,220,393.57
6339,186,47,3,2.0,3,156,279.24
6340,186,10,5,15.0,1,36,153.02
6341,186,28,1,7.0,1,211,195.42
6342,186,62,4,11.0,1,161,107.26
6343,187,25,4,2.0,1,177,381.49
6344,187,78,2,4.0,2,82,386.82
6345,187,79,5,14.0,3,119,272.45
6346,187,2,2,13.0,1,148,144.87
6347,187,92,5,11.0,2,46,69.54
6348,187,18,5,15.0,4,163,65.67
6349,187,104,4,3.0,2,98,194.87
6350,187,31,4,10.0,3,217,276.57
6351,187,42,2,6.0,2,48,186.13
6352,187,54,3,11.0,3,134,263.63
6353,187,10118,2,12.0,1,162,102.4
6354,187,91,6,9.0,1,29,177.83
6355,187,114,1,13.0,3,249,392.33
6356,187,6,4,10.0,1,182,342.42
6357,187,42,5,2.0,2,216,186.13
6358,187,90,3,11.0,1,201,85.65
6359,187,99,6,12.0,2,228,21.99
6360,187,62,5,10.0,1,14,107.26
6361,187,46,5,3.0,1,5,2.86
6362,187,35,4,8.0,2,44,362.36
6363,187,23,6,7.0,1,186,204.06
6364,187,19,2,5.0,1,19,153.88
6365,187,1,2,6.0,2,169,382.97
6366,187,73,4,4.0,2,185,352.8
6367,187,118,5,14.0,2,92,102.4
6368,187,110,5,6.0,4,18,4.35
6369,187,83,2,8.0,2,69,19.67
6370,187,10,1,4.0,2,101,153.02
6371,187,59,1,9.0,4,109,149.07
6372,187,46,4,8.0,1,221,2.86
6373,187,14,2,9.0,1,75,354.1
6374,187,21,2,13.0,2,4,307.9
6375,187,47,4,1.0,2,191,279.24
6376,187,90,2,3.0,4,161,85.65
6377,187,82,5,8.0,1,58,393.73
6378,187,108,2,1.0,4,228,167.48
6379,187,92,5,2.0,2,44,69.54
6380,187,30,6,6.0,2,196,349.23
6381,187,70,3,1.0,3,121,18.65
6382,187,9,5,1.0,1,141,254.72
6383,188,70,4,11.0,1,18,18.65
6384,188,92,2,12.0,1,111,69.54
6385,188,27,6,2.0,2,41,25.05
6386,188,94,3,2.0,2,176,323.01
6387,188,3,3,1.0,2,132,184.85
6388,188,39,6,5.0,1,182,170.58
6389,188,55,2,1.0,1,4,268.55
6390,188,2,4,4.0,1,83,144.87
6391,188,96,6,1.0,1,181,231.12
6392,188,86,3,15.0,3,210,266.03
6393,188,26,4,4.0,2,148,196.47
6394,188,56,5,9.0,1,8,269.33
6395,188,15,4,4.0,3,32,100.16
6396,188,116,4,14.0,1,143,74.33
6397,188,87,3,,2,53,267.42
6398,188,33,3,5.0,3,17,136.56
6399,188,50,1,5.0,4,149,191.76
6400,188,4,6,5.0,2,202,118.68
6401,188,71,1,12.0,2,168,273.46
6402,188,53,3,7.0,1,213,99.99
6403,188,67,1,5.0,2,25,177.85
6404,188,1,3,11.0,1,157,382.97
6405,188,53,5,12.0,4,107,99.99
6406,188,93,2,14.0,1,42,39.17
6407,188,48,2,12.0,2,42,77.58
6408,188,102,5,6.0,1,129,332.57
6409,188,25,4,11.0,2,78,381.49
6410,188,118,3,12.0,1,218,102.4
6411,188,64,4,6.0,2,192,254.43
6412,188,26,5,13.0,3,28,196.47
6413,188,118,3,14.0,1,84,102.4
6414,188,88,4,8.0,1,115,52.66
6415,188,71,5,1.0,2,57,273.46
6416,188,57,3,1.0,1,249,184.4
6417,189,103,5,9.0,4,2,105.16
6418,189,76,4,9.0,2,111,327.0
6419,189,114,3,3.0,1,46,392.33
6420,189,115,2,12.0,2,85,265.87
6421,189,99,3,6.0,4,153,21.99
6422,189,6,3,6.0,3,145,342.42
6423,189,42,4,10.0,1,219,186.13
6424,189,88,2,10.0,1,205,52.66
6425,189,3,6,6.0,2,120,184.85
6426,189,19,4,6.0,1,197,153.88
6427,189,14,1,1.0,3,141,354.1
6428,189,115,3,10.0,2,119,265.87
6429,189,5,1,11.0,3,238,282.42
6430,189,24,1,4.0,4,98,204.05
6431,189,77,4,15.0,2,132,11.42
6432,189,59,4,2.0,1,34,149.07
6433,189,82,5,10.0,2,159,393.73
6434,189,1,6,8.0,2,72,382.97
6435,189,14,6,4.0,1,188,354.1
6436,189,78,6,15.0,2,221,386.82
6437,189,17,4,15.0,2,238,198.42
6438,189,51,1,14.0,1,218,384.39
6439,189,67,6,9.0,1,226,177.85
6440,189,46,2,12.0,2,165,2.86
6441,189,72,5,9.0,4,167,389.59
6442,189,99,3,10.0,1,120,21.99
6443,189,32,1,15.0,1,146,360.05
6444,189,1,4,10.0,1,73,382.97
6445,189,79,6,5.0,2,201,272.45
6446,189,60,6,11.0,1,65,393.57
6447,189,40,3,1.0,3,116,162.24
6448,189,116,2,3.0,1,99,74.33
6449,189,119,3,4.0,2,77,399.96
6450,189,107,3,2.0,2,177,87.15
6451,189,120,6,6.0,1,149,18.02
6452,190,66,2,9.0,2,85,134.76
6453,190,82,6,12.0,4,14,393.73
6454,190,78,6,7.0,2,94,386.82
6455,190,41,4,4.0,2,237,77.7
6456,190,43,4,13.0,2,142,40.97
6457,190,62,5,14.0,1,56,107.26
6458,190,87,1,12.0,5,54,267.42
6459,190,57,6,13.0,1,176,184.4
6460,190,60,4,15.0,2,176,393.57
6461,190,25,3,11.0,2,161,381.49
6462,190,66,5,10.0,1,41,134.76
6463,190,26,6,6.0,1,73,196.47
6464,190,116,2,10.0,1,155,74.33
6465,190,10060,5,13.0,1,12,393.57
6466,190,29,1,3.0,2,239,264.58
6467,190,103,4,3.0,2,118,105.16
6468,190,89,6,13.0,1,31,228.5
6469,190,58,2,12.0,1,14,86.84
6470,190,10118,2,8.0,1,125,102.4
6471,190,55,5,1.0,1,150,268.55
6472,190,46,3,12.0,1,116,2.86
6473,190,6,2,,5,106,342.42
6474,190,33,1,5.0,1,68,136.56
6475,190,102,3,13.0,4,121,332.57
6476,190,15,2,10.0,2,64,100.16
6477,190,77,1,3.0,3,123,11.42
6478,190,97,1,6.0,2,8,99.11
6479,190,52,1,3.0,1,223,29.05
6480,190,70,6,12.0,1,162,18.65
6481,190,50,3,9.0,1,178,191.76
6482,190,86,1,6.0,1,95,266.03
6483,190,10096,3,1.0,1,33,231.12
6484,190,28,6,1.0,4,128,195.42
6485,190,99,5,11.0,2,80,21.99
6486,190,28,2,8.0,3,105,195.42
6487,190,25,5,1.0,3,68,381.49
6488,190,53,1,,2,46,99.99
6489,190,106,2,7.0,2,185,57.07
6490,190,105,2,7.0,2,228,115.72
6491,190,3,2,3.0,3,39,184.85
6492,190,57,3,11.0,1,6,184.4
6493,191,56,6,8.0,2,7,269.33
6494,191,9,3,3.0,3,10,254.72
6495,191,75,2,10.0,1,9,45.02
6496,191,77,4,15.0,2,30,11.42
6497,191,94,1,4.0,1,176,323.01
6498,191,88,2,11.0,1,219,52.66
6499,191,95,5,15.0,2,97,245.29
6500,191,79,2,14.0,2,87,272.45
6501,191,62,1,15.0,1,107,107.26
6502,191,8,5,3.0,1,131,268.73
6503,191,60,4,3.0,1,117,393.57
6504,191,41,3,6.0,2,126,77.7
6505,191,69,4,15.0,2,141,334.17
6506,191,8,4,3.0,4,178,268.73
6507,191,107,6,1.0,2,246,87.15
6508,191,22,4,9.0,1,14,182.58
6509,191,34,4,6.0,3,129,4.86
6510,191,18,6,8.0,2,105,65.67
6511,191,73,4,14.0,1,5,352.8
6512,191,114,3,12.0,2,161,392.33
6513,191,105,3,8.0,1,56,115.72
6514,191,60,6,8.0,2,141,393.57
6515,191,34,1,13.0,3,179,4.86
6516,191,35,4,8.0,2,118,362.36
6517,191,7,4,15.0,2,158,255.0
6518,191,78,4,3.0,2,140,386.82
6519,191,52,5,10.0,1,35,29.05
6520,192,19,4,2.0,2,182,153.88
6521,192,49,3,1.0,2,1,217.79
6522,192,111,4,9.0,1,242,299.51
6523,192,43,4,7.0,1,139,40.97
6524,192,102,2,14.0,2,247,332.57
6525,192,49,3,14.0,2,148,217.79
6526,192,82,1,10.0,2,135,393.73
6527,192,16,2,5.0,1,35,359.33
6528,192,47,2,11.0,2,176,279.24
6529,192,108,4,2.0,1,148,167.48
6530,192,79,5,9.0,2,6,272.45
6531,192,1,6,1.0,2,178,382.97
6532,192,93,6,14.0,2,230,39.17
6533,192,22,1,11.0,1,27,182.58
6534,192,8,4,1.0,2,73,268.73
6535,192,55,5,12.0,1,114,268.55
6536,192,58,6,15.0,2,76,86.84
6537,192,86,1,2.0,1,24,266.03
6538,192,107,5,1.0,1,174,87.15
6539,192,105,1,12.0,2,93,115.72
6540,192,23,1,3.0,1,90,204.06
6541,192,73,4,13.0,2,239,352.8
6542,192,91,6,1.0,2,21,177.83
6543,192,87,2,15.0,1,121,267.42
6544,192,80,5,11.0,1,118,351.06
6545,192,84,6,6.0,2,164,288.33
6546,192,77,4,14.0,1,192,11.42
6547,192,96,3,13.0,5,43,231.12
6548,192,50,6,10.0,1,196,191.76
6549,192,86,6,5.0,2,22,266.03
6550,192,15,3,4.0,1,113,100.16
6551,192,10096,6,2.0,1,231,231.12
6552,192,25,2,13.0,3,157,381.49
6553,192,112,4,13.0,2,193,89.33
6554,192,74,6,7.0,1,137,345.9
6555,192,87,4,1.0,1,215,267.42
6556,192,44,4,13.0,2,204,370.69
6557,192,77,6,6.0,2,134,11.42
6558,192,93,4,2.0,1,71,39.17
6559,192,79,1,4.0,1,245,272.45
6560,193,37,6,6.0,1,114,374.33
6561,193,43,1,10.0,1,143,40.97
6562,193,24,3,4.0,1,82,204.05
6563,193,57,6,2.0,1,231,184.4
6564,193,89,1,9.0,1,96,228.5
6565,193,111,1,5.0,2,106,299.51
6566,193,115,5,11.0,2,187,265.87
6567,193,29,2,6.0,1,212,264.58
6568,193,16,5,1.0,2,210,359.33
6569,193,93,6,5.0,2,178,39.17
6570,193,69,1,1.0,4,227,334.17
6571,193,85,4,6.0,1,158,173.66
6572,193,64,6,1.0,4,86,254.43
6573,193,38,5,14.0,3,148,323.38
6574,193,114,4,9.0,2,222,392.33
6575,193,79,2,14.0,1,195,272.45
6576,193,61,6,12.0,2,139,327.21
6577,193,40,4,,1,45,162.24
6578,193,120,4,8.0,2,185,18.02
6579,193,33,6,13.0,2,226,136.56
6580,193,34,4,3.0,1,128,4.86
6581,193,7,3,3.0,1,160,255.0
6582,193,24,4,14.0,2,110,204.05
6583,193,65,5,8.0,2,151,38.73
6584,193,68,4,6.0,5,76,31.95
6585,193,66,3,13.0,1,76,134.76
6586,193,31,3,,4,236,276.57
6587,193,18,6,12.0,2,55,65.67
6588,193,114,1,10.0,1,112,392.33
6589,193,59,3,2.0,1,179,149.07
6590,193,33,4,9.0,2,155,136.56
6591,193,20,3,9.0,1,74,344.59
6592,193,62,5,12.0,2,202,107.26
6593,193,53,1,2.0,2,93,99.99
6594,193,103,4,3.0,1,180,105.16
6595,193,112,1,13.0,3,120,89.33
6596,193,54,3,9.0,1,8,263.63
6597,193,10118,2,1.0,3,34,102.4
6598,194,58,6,4.0,2,64,86.84
6599,194,108,4,3.0,1,207,167.48
6600,194,84,6,8.0,3,18,288.33
6601,194,82,6,5.0,2,117,393.73
6602,194,46,4,2.0,3,205,2.86
6603,194,17,6,9.0,2,179,198.42
6604,194,70,2,8.0,1,139,18.65
6605,194,7,4,6.0,2,179,255.0
6606,194,45,5,6.0,3,132,193.58
6607,194,30,3,12.0,1,214,349.23
6608,194,67,1,14.0,1,142,177.85
6609,194,23,3,3.0,2,235,204.06
6610,194,91,5,10.0,2,11,177.83
6611,194,41,5,10.0,3,237,77.7
6612,194,68,3,9.0,2,228,31.95
6613,194,89,5,8.0,1,227,228.5
6614,194,20,1,11.0,1,57,344.59
6615,194,22,5,14.0,2,232,182.58
6616,194,102,6,3.0,2,54,332.57
6617,194,118,1,7.0,2,242,102.4
6618,194,56,3,8.0,1,238,269.33
6619,194,62,5,7.0,3,242,107.26
6620,194,85,3,3.0,2,136,173.66
6621,194,49,1,3.0,2,2,217.79
6622,194,117,4,4.0,2,213,132.08
6623,194,11,6,,1,47,274.48
6624,194,30,2,11.0,2,89,349.23
6625,194,97,6,8.0,2,63,99.11
6626,195,84,2,14.0,1,215,288.33
6627,195,83,6,1.0,2,66,19.67
6628,195,44,5,10.0,1,121,370.69
6629,195,10096,2,4.0,1,191,231.12
6630,195,106,2,6.0,2,209,57.07
6631,195,58,1,3.0,3,202,86.84
6632,195,98,6,6.0,1,88,89.1
6633,195,117,4,12.0,1,203,132.08
6634,195,29,5,15.0,2,235,264.58
6635,195,84,1,2.0,5,107,288.33
6636,195,72,5,2.0,2,93,389.59
6637,195,54,6,5.0,2,103,263.63
6638,195,59,2,14.0,3,202,149.07
6639,195,44,4,5.0,5,247,370.69
6640,195,66,6,5.0,4,192,134.76
6641,195,64,6,3.0,2,183,254.43
6642,195,109,1,3.0,1,73,378.53
6643,195,43,3,15.0,2,177,40.97
6644,195,2,6,15.0,1,42,144.87
6645,195,79,3,10.0,1,216,272.45
6646,195,108,3,7.0,2,71,167.48
6647,195,53,1,10.0,1,83,99.99
6648,195,11,2,1.0,1,58,274.48
6649,195,32,5,12.0,3,31,360.05
6650,195,10055,5,14.0,1,195,268.55
6651,195,70,2,7.0,1,141,18.65
6652,195,42,5,2.0,2,10,186.13
6653,195,3,1,4.0,2,53,184.85
6654,195,108,2,8.0,2,6,167.48
6655,195,84,4,9.0,1,197,288.33
6656,196,41,4,7.0,2,169,77.7
6657,196,60,6,11.0,2,230,393.57
6658,196,10060,4,6.0,1,157,393.57
6659,196,48,1,6.0,2,230,77.58
6660,196,89,6,10.0,2,182,228.5
6661,196,57,1,6.0,2,225,184.4
6662,196,108,3,9.0,3,58,167.48
6663,196,10096,2,3.0,2,190,231.12
6664,196,115,3,15.0,3,16,265.87
6665,196,115,6,11.0,4,250,265.87
6666,196,100,1,6.0,2,25,320.96
6667,196,79,6,2.0,3,77,272.45
6668,196,48,4,5.0,2,82,77.58
6669,196,103,2,13.0,1,171,105.16
6670,196,81,4,15.0,1,68,45.14
6671,196,4,5,9.0,2,37,118.68
6672,196,8,2,6.0,1,175,268.73
6673,196,23,6,13.0,3,44,204.06
6674,196,37,3,,2,180,374.33
6675,196,26,4,11.0,1,214,196.47
6676,196,3,5,3.0,2,205,184.85
6677,196,106,5,6.0,2,184,57.07
6678,196,22,3,6.0,2,150,182.58
6679,196,91,1,14.0,2,123,177.83
6680,196,33,1,15.0,2,168,136.56
6681,196,20,3,1.0,1,23,344.59
6682,196,77,1,13.0,2,30,11.42
6683,196,39,6,4.0,1,68,170.58
6684,196,91,3,4.0,2,55,177.83
6685,196,88,5,3.0,2,229,52.66
6686,196,70,4,8.0,2,62,18.65
6687,196,17,1,3.0,1,7,198.42
6688,196,80,1,12.0,2,53,351.06
6689,196,29,1,10.0,2,220,264.58
6690,196,5,2,10.0,1,13,282.42
6691,196,83,5,10.0,2,98,19.67
6692,196,39,3,2.0,2,212,170.58
6693,196,87,5,1.0,2,132,267.42
6694,196,86,2,7.0,1,247,266.03
6695,196,105,6,8.0,2,246,115.72
6696,196,98,4,11.0,1,103,89.1
6697,196,39,6,2.0,2,234,170.58
6698,197,89,5,2.0,2,159,228.5
6699,197,65,4,6.0,1,209,38.73
6700,197,15,2,13.0,3,41,100.16
6701,197,114,2,13.0,1,68,392.33
6702,197,56,1,2.0,2,66,269.33
6703,197,61,4,14.0,3,184,327.21
6704,197,45,6,12.0,2,221,193.58
6705,197,20,2,7.0,2,194,344.59
6706,197,16,4,,2,51,359.33
6707,197,10060,6,2.0,2,24,393.57
6708,197,110,6,13.0,2,15,4.35
6709,197,114,6,14.0,1,249,392.33
6710,197,25,5,14.0,1,198,381.49
6711,197,55,4,1.0,1,4,268.55
6712,197,78,3,10.0,1,221,386.82
6713,197,51,4,4.0,2,221,384.39
6714,197,99,2,8.0,2,16,21.99
6715,197,14,6,9.0,1,210,354.1
6716,197,4,5,15.0,1,17,118.68
6717,197,7,5,4.0,1,47,255.0
6718,197,28,1,7.0,1,87,195.42
6719,197,100,4,15.0,3,179,320.96
6720,197,68,5,15.0,2,167,31.95
6721,197,60,3,1.0,1,216,393.57
6722,197,24,2,15.0,2,84,204.05
6723,197,108,6,6.0,3,141,167.48
6724,197,96,3,14.0,4,29,231.12
6725,197,99,1,7.0,1,201,21.99
6726,197,28,3,3.0,1,200,195.42
6727,197,55,4,15.0,2,53,268.55
6728,197,63,2,10.0,2,216,114.14
6729,197,19,2,1.0,2,67,153.88
6730,197,53,3,9.0,2,80,99.99
6731,198,116,3,12.0,1,123,74.33
6732,198,35,1,8.0,4,197,362.36
6733,198,5,4,8.0,1,86,282.42
6734,198,22,5,7.0,1,10,182.58
6735,198,46,5,9.0,1,27,2.86
6736,198,100,3,2.0,1,95,320.96
6737,198,70,1,12.0,1,55,18.65
6738,198,115,1,9.0,2,98,265.87
6739,198,40,4,14.0,1,51,162.24
6740,198,10,1,3.0,3,103,153.02
6741,198,3,3,12.0,2,162,184.85
6742,198,45,3,7.0,1,129,193.58
6743,198,49,5,15.0,4,218,217.79
6744,198,109,2,2.0,4,69,378.53
6745,198,26,3,11.0,2,70,196.47
6746,198,41,3,14.0,2,146,77.7
6747,198,53,4,,1,60,99.99
6748,198,109,1,7.0,5,165,378.53
6749,198,20,4,4.0,4,248,344.59
6750,198,103,5,5.0,2,176,105.16
6751,198,13,6,13.0,1,114,350.79
6752,198,103,2,9.0,2,60,105.16
6753,198,85,1,6.0,2,215,173.66
6754,198,58,1,10.0,2,50,86.84
6755,198,100,6,2.0,1,105,320.96
6756,198,117,3,,2,30,132.08
6757,198,53,6,14.0,1,229,99.99
6758,198,10055,1,14.0,2,136,268.55
6759,198,72,3,12.0,2,247,389.59
6760,198,60,1,,2,108,393.57
6761,198,63,5,11.0,1,148,114.14
6762,198,91,1,3.0,1,153,177.83
6763,198,33,3,7.0,4,110,136.56
6764,198,38,2,12.0,2,193,323.38
6765,198,108,6,6.0,2,217,167.48
6766,199,1,1,15.0,1,191,382.97
6767,199,114,6,11.0,3,115,392.33
6768,199,40,4,13.0,1,73,162.24
6769,199,41,5,6.0,2,173,77.7
6770,199,53,6,4.0,1,211,99.99
6771,199,36,6,8.0,1,184,112.83
6772,199,10060,6,1.0,1,24,393.57
6773,199,60,5,2.0,1,33,393.57
6774,199,80,3,6.0,2,115,351.06
6775,199,10,6,1.0,1,220,153.02
6776,199,100,5,5.0,1,24,320.96
6777,199,110,3,12.0,2,229,4.35
6778,199,114,2,6.0,2,199,392.33
6779,199,114,5,4.0,1,124,392.33
6780,199,69,4,14.0,1,104,334.17
6781,199,74,5,4.0,2,13,345.9
6782,199,54,3,11.0,3,117,263.63
6783,199,61,1,6.0,4,133,327.21
6784,199,114,6,2.0,2,214,392.33
6785,199,10060,4,11.0,2,228,393.57
6786,199,77,3,12.0,2,240,11.42
6787,199,94,5,7.0,1,31,323.01
6788,199,120,4,7.0,1,183,18.02
6789,199,10118,1,14.0,2,130,102.4
6790,199,98,5,13.0,1,78,89.1
6791,199,99,3,8.0,1,55,21.99
6792,200,105,6,9.0,4,220,115.72
6793,200,44,6,8.0,2,185,370.69
6794,200,38,5,12.0,2,127,323.38
6795,200,8,4,15.0,2,31,268.73
6796,200,44,2,15.0,2,25,370.69
6797,200,97,6,9.0,1,213,99.11
6798,200,21,2,10.0,1,249,307.9
6799,200,79,4,7.0,2,187,272.45
6800,200,70,4,12.0,1,216,18.65
6801,200,28,5,6.0,1,118,195.42
6802,200,40,4,11.0,1,136,162.24
6803,200,14,6,,1,4,354.1
6804,200,96,4,,1,194,231.12
6805,200,108,1,13.0,2,63,167.48
6806,200,100,1,9.0,2,193,320.96
6807,200,118,6,7.0,2,193,102.4
6808,200,75,2,8.0,2,205,45.02
6809,200,97,6,,2,247,99.11
6810,200,66,2,5.0,3,153,134.76
6811,200,89,6,12.0,1,78,228.5
6812,200,111,4,3.0,2,158,299.51
6813,200,8,4,11.0,1,222,268.73
6814,200,44,4,3.0,1,110,370.69
6815,200,47,6,13.0,2,154,279.24
6816,200,65,1,10.0,2,70,38.73
6817,200,74,3,,2,236,345.9
6818,200,25,3,3.0,2,194,381.49
6819,200,24,4,7.0,1,157,204.05
6820,200,29,1,14.0,5,191,264.58
6821,200,10055,3,15.0,1,96,268.55
6822,200,29,2,,4,234,264.58
6823,200,5,4,14.0,2,67,282.42
6824,200,6,6,6.0,2,23,342.42
6825,200,44,2,5.0,1,120,370.69
6826,200,62,3,6.0,1,182,107.26
6827,200,62,6,1.0,2,16,107.26
6828,200,46,2,15.0,2,197,2.86
6829,200,120,2,8.0,1,112,18.02
6830,201,69,3,3.0,1,198,334.17
6831,201,67,2,15.0,4,202,177.85
6832,201,105,2,3.0,2,48,115.72
6833,201,75,2,4.0,1,208,45.02
6834,201,61,6,15.0,1,14,327.21
6835,201,89,5,11.0,1,54,228.5
6836,201,115,1,8.0,1,3,265.87
6837,201,25,2,4.0,1,175,381.49
6838,201,81,5,9.0,1,54,45.14
6839,201,47,4,2.0,2,33,279.24
6840,201,63,5,1.0,1,69,114.14
6841,201,57,1,13.0,2,182,184.4
6842,201,48,6,8.0,2,244,77.58
6843,201,85,4,15.0,1,168,173.66
6844,201,38,3,6.0,2,79,323.38
6845,201,107,6,6.0,1,126,87.15
6846,201,70,2,11.0,2,41,18.65
6847,201,4,3,3.0,1,162,118.68
6848,201,26,6,10.0,2,110,196.47
6849,201,47,5,12.0,2,247,279.24
6850,201,72,2,10.0,1,10,389.59
6851,201,59,5,8.0,1,234,149.07
6852,201,87,5,11.0,3,55,267.42
6853,201,48,1,2.0,1,153,77.58
6854,201,97,5,7.0,2,247,99.11
6855,201,47,1,12.0,1,8,279.24
6856,201,2,4,15.0,1,234,144.87
6857,201,68,4,13.0,2,10,31.95
6858,201,59,2,8.0,1,107,149.07
6859,201,112,3,10.0,2,174,89.33
6860,201,32,2,6.0,2,186,360.05
6861,201,114,6,,2,136,392.33
6862,201,40,2,7.0,1,44,162.24
6863,201,42,3,7.0,1,62,186.13
6864,201,57,3,11.0,3,107,184.4
6865,201,78,3,15.0,1,153,386.82
6866,201,26,5,6.0,1,202,196.47
6867,201,54,3,11.0,2,168,263.63
6868,202,10,4,8.0,1,56,153.02
6869,202,20,6,1.0,1,170,344.59
6870,202,104,4,7.0,1,172,194.87
6871,202,88,6,6.0,1,189,52.66
6872,202,102,4,12.0,1,212,332.57
6873,202,10055,6,15.0,1,130,268.55
6874,202,73,2,2.0,2,110,352.8
6875,202,1,1,1.0,2,155,382.97
6876,202,71,5,12.0,1,249,273.46
6877,202,96,4,14.0,2,191,231.12
6878,202,40,3,8.0,1,199,162.24
6879,202,114,5,4.0,2,171,392.33
6880,202,46,5,5.0,2,24,2.86
6881,202,56,1,10.0,2,172,269.33
6882,202,26,4,7.0,1,75,196.47
6883,202,99,6,6.0,3,164,21.99
6884,202,14,1,13.0,4,126,354.1
6885,202,92,3,10.0,2,214,69.54
6886,202,118,4,12.0,1,246,102.4
6887,202,70,4,15.0,4,15,18.65
6888,202,101,6,9.0,2,242,380.12
6889,202,85,3,6.0,2,236,173.66
6890,202,71,2,13.0,5,229,273.46
6891,202,58,4,9.0,1,237,86.84
6892,202,65,2,5.0,2,63,38.73
6893,202,46,1,7.0,2,131,2.86
6894,202,28,5,3.0,1,192,195.42
6895,202,20,2,14.0,1,147,344.59
6896,202,107,6,7.0,2,206,87.15
6897,202,82,2,4.0,2,77,393.73
6898,202,30,3,7.0,2,153,349.23
6899,202,15,2,11.0,1,92,100.16
6900,202,106,2,2.0,1,2,57.07
6901,202,6,2,5.0,2,108,342.42
6902,202,49,4,,2,77,217.79
6903,202,8,2,5.0,2,113,268.73
6904,202,56,6,2.0,1,169,269.33
6905,202,11,4,3.0,2,30,274.48
6906,202,6,2,14.0,2,175,342.42
6907,202,41,3,7.0,1,182,77.7
6908,202,119,6,10.0,2,232,399.96
6909,202,6,3,9.0,2,155,342.42
6910,202,28,3,9.0,1,107,195.42
6911,202,85,4,,2,209,173.66
6912,202,41,3,13.0,1,221,77.7
6913,202,76,3,8.0,1,50,327.0
6914,202,2,1,15.0,2,8,144.87
6915,202,110,3,14.0,1,120,4.35
6916,202,70,1,9.0,1,15,18.65
6917,202,118,6,10.0,1,76,102.4
6918,202,99,5,15.0,2,103,21.99
6919,202,93,3,,2,92,39.17
6920,202,74,1,12.0,1,208,345.9
6921,202,107,5,8.0,2,21,87.15
6922,202,102,6,8.0,2,2,332.57
6923,202,83,3,3.0,2,153,19.67
6924,202,91,2,14.0,3,143,177.83
6925,202,10060,3,,3,236,393.57
6926,202,13,5,3.0,3,247,350.79
6927,203,98,2,6.0,1,42,89.1
6928,203,6,5,14.0,4,198,342.42
6929,203,6,6,14.0,2,55,342.42
6930,203,87,1,8.0,2,127,267.42
6931,203,72,3,12.0,1,115,389.59
6932,203,1,4,2.0,1,177,382.97
6933,203,10055,2,13.0,3,250,268.55
6934,203,93,1,15.0,2,16,39.17
6935,203,76,3,7.0,5,82,327.0
6936,203,12,2,9.0,2,111,322.41
6937,203,83,1,15.0,1,32,19.67
6938,203,17,6,13.0,2,59,198.42
6939,203,79,5,4.0,3,16,272.45
6940,203,46,5,9.0,1,197,2.86
6941,203,93,2,13.0,2,39,39.17
6942,203,102,3,6.0,1,154,332.57
6943,203,85,6,10.0,1,217,173.66
6944,203,109,1,12.0,2,100,378.53
6945,203,74,4,1.0,2,248,345.9
6946,203,4,3,2.0,1,37,118.68
6947,203,108,2,1.0,2,133,167.48
6948,203,101,3,12.0,1,228,380.12
6949,203,2,3,13.0,2,207,144.87
6950,203,6,5,12.0,1,157,342.42
6951,203,14,3,,2,199,354.1
6952,203,31,3,6.0,2,68,276.57
6953,203,113,3,,1,104,268.21
6954,203,88,6,15.0,1,234,52.66
6955,203,53,2,8.0,2,68,99.99
6956,203,56,5,11.0,1,159,269.33
6957,204,118,3,1.0,2,125,102.4
6958,204,78,3,3.0,1,171,386.82
6959,204,3,3,8.0,2,239,184.85
6960,204,84,4,3.0,3,81,288.33
6961,204,87,6,8.0,2,104,267.42
6962,204,78,1,13.0,2,89,386.82
6963,204,13,4,5.0,1,127,350.79
6964,204,81,4,5.0,1,173,45.14
6965,204,114,5,15.0,2,4,392.33
6966,204,101,6,10.0,1,207,380.12
6967,204,50,1,7.0,1,100,191.76
6968,204,93,5,1.0,1,197,39.17
6969,204,77,5,13.0,1,241,11.42
6970,204,71,5,13.0,1,173,273.46
6971,204,84,1,6.0,1,97,288.33
6972,204,64,6,11.0,1,76,254.43
6973,204,9,3,8.0,1,244,254.72
6974,204,12,6,6.0,1,38,322.41
6975,204,10118,2,6.0,1,212,102.4
6976,204,107,1,,2,83,87.15
6977,204,67,5,7.0,2,225,177.85
6978,204,24,1,14.0,1,15,204.05
6979,204,20,1,15.0,1,188,344.59
6980,204,43,2,4.0,3,185,40.97
6981,204,35,3,1.0,1,85,362.36
6982,204,107,5,11.0,2,39,87.15
6983,204,17,6,2.0,1,2,198.42
6984,204,114,2,10.0,2,70,392.33
6985,204,114,6,2.0,3,203,392.33
6986,204,117,6,2.0,2,72,132.08
6987,204,104,5,8.0,3,132,194.87
6988,204,89,2,11.0,1,120,228.5
6989,205,20,6,1.0,2,194,344.59
6990,205,119,1,9.0,1,38,399.96
6991,205,28,4,10.0,1,222,195.42
6992,205,96,5,2.0,2,168,231.12
6993,205,6,6,3.0,1,221,342.42
6994,205,53,3,9.0,1,198,99.99
6995,205,104,4,11.0,2,86,194.87
6996,205,61,4,13.0,1,242,327.21
6997,205,111,2,13.0,3,180,299.51
6998,205,67,5,12.0,1,194,177.85
6999,205,106,6,5.0,5,76,57.07
7000,205,17,6,6.0,2,30,198.42
7001,205,60,5,13.0,1,48,393.57
7002,205,43,1,5.0,2,87,40.97
7003,205,71,6,9.0,1,247,273.46
7004,205,1,3,8.0,2,112,382.97
7005,205,49,6,3.0,1,139,217.79
7006,205,64,3,12.0,2,212,254.43
7007,205,11,6,1.0,2,161,274.48
7008,205,27,1,14.0,2,56,25.05
7009,205,50,5,4.0,2,27,191.76
7010,205,97,6,3.0,1,25,99.11
7011,205,5,4,12.0,2,231,282.42
7012,205,33,3,11.0,4,210,136.56
7013,205,104,4,15.0,1,74,194.87
7014,205,76,5,5.0,1,91,327.0
7015,205,40,3,4.0,2,18,162.24
7016,205,79,4,2.0,2,175,272.45
7017,205,30,2,15.0,3,71,349.23
7018,205,120,4,7.0,2,216,18.02
7019,205,4,1,,2,12,118.68
7020,205,102,6,5.0,2,78,332.57
7021,205,64,3,9.0,2,180,254.43
7022,205,71,6,2.0,1,188,273.46
7023,205,65,1,8.0,2,132,38.73
7024,205,10055,6,13.0,1,226,268.55
7025,205,47,5,8.0,1,156,279.24
7026,205,59,4,4.0,1,132,149.07
7027,205,116,3,1.0,1,244,74.33
7028,205,28,1,3.0,3,59,195.42
7029,205,42,3,15.0,3,226,186.13
7030,206,38,4,2.0,1,80,323.38
7031,206,113,6,9.0,2,56,268.21
7032,206,72,4,8.0,2,186,389.59
7033,206,33,1,4.0,3,104,136.56
7034,206,111,3,1.0,1,173,299.51
7035,206,49,6,14.0,4,141,217.79
7036,206,16,2,11.0,3,138,359.33
7037,206,75,2,9.0,1,107,45.02
7038,206,69,2,13.0,3,67,334.17
7039,206,18,4,13.0,2,56,65.67
7040,206,26,1,12.0,2,200,196.47
7041,206,76,4,11.0,1,195,327.0
7042,206,52,4,7.0,1,9,29.05
7043,206,70,3,2.0,3,47,18.65
7044,206,84,3,6.0,1,134,288.33
7045,206,36,5,9.0,2,24,112.83
7046,206,67,6,14.0,1,205,177.85
7047,206,13,2,3.0,1,31,350.79
7048,206,50,6,9.0,1,175,191.76
7049,206,97,6,,1,144,99.11
7050,206,10096,2,5.0,2,161,231.12
7051,206,13,1,12.0,4,87,350.79
7052,206,119,3,14.0,2,142,399.96
7053,206,91,3,5.0,2,43,177.83
7054,206,32,4,4.0,1,236,360.05
7055,206,98,4,12.0,1,101,89.1
7056,206,64,2,8.0,1,110,254.43
7057,206,61,4,4.0,2,93,327.21
7058,207,100,3,5.0,1,153,320.96
7059,207,45,2,9.0,1,7,193.58
7060,207,84,5,3.0,4,111,288.33
7061,207,110,2,10.0,2,156,4.35
7062,207,104,4,2.0,1,94,194.87
7063,207,5,1,4.0,3,157,282.42
7064,207,40,5,5.0,1,73,162.24
7065,207,26,4,8.0,1,159,196.47
7066,207,10,3,10.0,1,4,153.02
7067,207,111,6,7.0,1,25,299.51
7068,207,50,3,12.0,2,156,191.76
7069,207,108,6,11.0,1,155,167.48
7070,207,12,3,8.0,2,58,322.41
7071,207,119,1,10.0,2,241,399.96
7072,207,60,6,8.0,2,47,393.57
7073,207,75,6,1.0,4,206,45.02
7074,207,25,4,5.0,1,58,381.49
7075,207,8,3,7.0,2,146,268.73
7076,207,21,3,10.0,2,121,307.9
7077,207,109,6,15.0,1,175,378.53
7078,207,26,2,8.0,1,120,196.47
7079,207,15,6,11.0,1,159,100.16
7080,207,10118,4,4.0,1,161,102.4
7081,207,94,4,,2,248,323.01
7082,207,66,3,9.0,2,177,134.76
7083,207,83,6,13.0,2,17,19.67
7084,207,97,5,10.0,1,122,99.11
7085,207,45,5,8.0,1,221,193.58
7086,207,118,5,4.0,2,243,102.4
7087,207,25,4,15.0,2,128,381.49
7088,207,49,2,7.0,1,215,217.79
7089,207,55,3,13.0,2,224,268.55
7090,207,95,3,11.0,2,190,245.29
7091,207,80,3,11.0,1,68,351.06
7092,207,96,1,14.0,4,161,231.12
7093,207,31,3,15.0,2,65,276.57
7094,207,83,1,3.0,3,65,19.67
7095,208,47,2,3.0,1,154,279.24
7096,208,72,6,14.0,2,192,389.59
7097,208,51,3,11.0,2,160,384.39
7098,208,113,1,13.0,1,209,268.21
7099,208,71,1,8.0,1,135,273.46
7100,208,30,5,12.0,1,137,349.23
7101,208,52,5,12.0,1,156,29.05
7102,208,53,5,12.0,1,135,99.99
7103,208,118,3,1.0,1,122,102.4
7104,208,27,1,15.0,1,71,25.05
7105,208,1,6,4.0,1,46,382.97
7106,208,91,3,6.0,2,27,177.83
7107,208,95,2,9.0,1,59,245.29
7108,208,58,6,4.0,3,52,86.84
7109,208,119,4,11.0,3,110,399.96
7110,208,101,4,12.0,1,10,380.12
7111,208,109,2,4.0,1,211,378.53
7112,208,80,4,6.0,2,153,351.06
7113,208,7,6,10.0,1,73,255.0
7114,208,9,1,1.0,2,46,254.72
7115,208,56,1,9.0,2,29,269.33
7116,208,77,3,5.0,2,133,11.42
7117,208,113,4,11.0,1,121,268.21
7118,208,26,2,1.0,1,110,196.47
7119,208,33,2,8.0,1,221,136.56
7120,208,35,6,9.0,2,152,362.36
7121,209,117,3,13.0,4,165,132.08
7122,209,53,1,8.0,2,8,99.99
7123,209,111,5,7.0,2,194,299.51
7124,209,62,1,15.0,2,180,107.26
7125,209,10096,1,10.0,2,47,231.12
7126,209,93,4,14.0,1,56,39.17
7127,209,17,2,5.0,2,94,198.42
7128,209,76,5,11.0,2,27,327.0
7129,209,10118,2,4.0,2,128,102.4
7130,209,65,4,,1,235,38.73
7131,209,100,1,2.0,2,195,320.96
7132,209,103,4,6.0,1,31,105.16
7133,209,105,4,8.0,3,10,115.72
7134,209,68,2,11.0,4,166,31.95
7135,209,68,6,4.0,1,207,31.95
7136,209,33,5,6.0,1,119,136.56
7137,209,120,3,12.0,1,174,18.02
7138,209,38,3,8.0,1,48,323.38
7139,209,79,1,14.0,2,116,272.45
7140,209,105,5,11.0,2,202,115.72
7141,209,33,2,2.0,1,110,136.56
7142,209,67,3,9.0,2,213,177.85
7143,209,34,3,9.0,1,144,4.86
7144,209,116,3,10.0,2,56,74.33
7145,209,24,6,,1,161,204.05
7146,209,56,1,14.0,3,88,269.33
7147,209,80,5,2.0,1,191,351.06
7148,209,27,6,,1,34,25.05
7149,209,77,6,7.0,2,51,11.42
7150,209,10060,5,3.0,1,234,393.57
7151,209,109,4,1.0,1,63,378.53
7152,209,77,6,13.0,1,91,11.42
7153,209,102,1,11.0,1,119,332.57
7154,209,21,1,14.0,1,250,307.9
7155,209,46,2,15.0,2,84,2.86
7156,209,38,2,11.0,1,243,323.38
7157,210,90,1,12.0,2,219,85.65
7158,210,67,2,1.0,1,78,177.85
7159,210,16,6,,2,61,359.33
7160,210,8,3,5.0,3,182,268.73
7161,210,118,5,13.0,1,212,102.4
7162,210,58,2,9.0,2,241,86.84
7163,210,35,6,11.0,2,84,362.36
7164,210,107,1,2.0,1,138,87.15
7165,210,19,6,9.0,1,223,153.88
7166,210,120,3,10.0,1,91,18.02
7167,210,13,5,14.0,3,93,350.79
7168,210,60,6,9.0,1,201,393.57
7169,210,93,1,6.0,2,152,39.17
7170,210,7,5,7.0,1,187,255.0
7171,210,107,5,5.0,2,68,87.15
7172,210,59,4,13.0,2,87,149.07
7173,210,91,3,5.0,1,150,177.83
7174,210,114,6,12.0,2,8,392.33
7175,210,18,6,7.0,2,183,65.67
7176,210,31,3,,1,239,276.57
7177,210,77,3,6.0,3,154,11.42
7178,210,100,2,6.0,2,131,320.96
7179,210,110,1,12.0,2,35,4.35
7180,210,58,4,5.0,2,115,86.84
7181,210,58,6,8.0,2,70,86.84
7182,210,112,2,15.0,1,182,89.33
7183,210,28,5,14.0,1,74,195.42
7184,210,104,2,8.0,2,158,194.87
7185,210,64,1,14.0,1,85,254.43
7186,210,77,3,5.0,3,146,11.42
7187,210,54,4,15.0,2,185,263.63
7188,210,14,4,4.0,2,174,354.1
7189,210,101,4,8.0,2,31,380.12
7190,210,47,5,15.0,1,8,279.24
7191,210,100,4,5.0,4,160,320.96
7192,210,3,4,13.0,2,40,184.85
7193,210,20,4,8.0,3,102,344.59
7194,210,104,1,14.0,1,95,194.87
7195,210,89,6,2.0,4,128,228.5
7196,210,82,1,5.0,3,246,393.73
7197,210,72,2,6.0,1,92,389.59
7198,210,44,3,13.0,2,48,370.69
7199,211,85,2,13.0,2,249,173.66
7200,211,62,6,13.0,3,107,107.26
7201,211,7,5,10.0,1,92,255.0
7202,211,39,6,1.0,2,129,170.58
7203,211,92,1,2.0,1,122,69.54
7204,211,117,3,9.0,1,83,132.08
7205,211,12,6,8.0,2,150,322.41
7206,211,51,5,1.0,1,200,384.39
7207,211,88,2,11.0,4,175,52.66
7208,211,68,5,15.0,1,133,31.95
7209,211,70,3,1.0,5,23,18.65
7210,211,48,5,2.0,1,24,77.58
7211,211,108,2,3.0,1,104,167.48
7212,211,5,5,11.0,1,174,282.42
7213,211,91,2,7.0,2,63,177.83
7214,211,6,2,11.0,2,172,342.42
7215,211,70,5,9.0,3,44,18.65
7216,211,10055,1,10.0,4,55,268.55
7217,211,37,4,13.0,2,194,374.33
7218,211,58,4,12.0,1,226,86.84
7219,211,108,2,9.0,1,60,167.48
7220,211,90,1,3.0,1,191,85.65
7221,211,56,3,3.0,2,187,269.33
7222,211,40,3,5.0,2,119,162.24
7223,211,25,6,13.0,2,127,381.49
7224,211,56,4,10.0,2,201,269.33
7225,211,67,1,9.0,2,122,177.85
7226,211,110,3,10.0,1,44,4.35
7227,211,68,4,5.0,1,239,31.95
7228,211,50,5,13.0,4,146,191.76
7229,211,43,2,6.0,2,85,40.97
7230,211,52,3,4.0,2,158,29.05
7231,211,10096,2,13.0,1,204,231.12
7232,211,2,5,13.0,2,97,144.87
7233,211,10060,5,7.0,1,171,393.57
7234,211,67,1,2.0,5,170,177.85
7235,211,24,2,13.0,5,38,204.05
7236,211,99,6,15.0,1,166,21.99
7237,211,50,5,3.0,1,232,191.76
7238,211,60,2,12.0,1,143,393.57
7239,211,7,4,2.0,2,53,255.0
7240,211,63,3,9.0,2,247,114.14
7241,211,65,2,5.0,1,202,38.73
7242,212,75,4,15.0,1,228,45.02
7243,212,100,4,11.0,1,210,320.96
7244,212,102,3,8.0,2,129,332.57
7245,212,87,1,6.0,1,87,267.42
7246,212,95,2,11.0,1,192,245.29
7247,212,55,3,10.0,2,68,268.55
7248,212,54,2,1.0,1,95,263.63
7249,212,33,4,15.0,1,65,136.56
7250,212,23,1,3.0,2,23,204.06
7251,212,66,4,8.0,5,184,134.76
7252,212,48,2,6.0,1,22,77.58
7253,212,12,5,6.0,2,172,322.41
7254,212,3,3,11.0,4,26,184.85
7255,212,41,5,9.0,1,23,77.7
7256,212,25,2,12.0,2,145,381.49
7257,212,119,4,7.0,2,182,399.96
7258,212,24,4,12.0,5,184,204.05
7259,212,36,2,9.0,1,25,112.83
7260,212,6,6,10.0,1,249,342.42
7261,212,106,4,6.0,1,39,57.07
7262,212,11,5,8.0,1,231,274.48
7263,212,100,3,13.0,2,105,320.96
7264,212,77,1,3.0,1,122,11.42
7265,212,24,3,7.0,1,25,204.05
7266,212,103,3,15.0,4,129,105.16
7267,212,6,3,1.0,2,161,342.42
7268,212,94,6,2.0,2,57,323.01
7269,212,10,1,3.0,1,230,153.02
7270,212,18,1,10.0,3,117,65.67
7271,212,103,2,2.0,1,73,105.16
7272,212,31,2,4.0,5,22,276.57
7273,212,57,3,2.0,2,46,184.4
7274,213,6,2,7.0,1,23,342.42
7275,213,10118,3,1.0,3,108,102.4
7276,213,33,4,6.0,2,39,136.56
7277,213,10096,2,11.0,1,62,231.12
7278,213,115,4,3.0,1,117,265.87
7279,213,15,1,,2,246,100.16
7280,213,96,6,9.0,1,125,231.12
7281,213,75,1,2.0,1,198,45.02
7282,213,23,1,2.0,1,218,204.06
7283,213,112,6,13.0,1,47,89.33
7284,213,47,2,4.0,4,195,279.24
7285,213,30,1,6.0,2,70,349.23
7286,213,94,5,2.0,2,223,323.01
7287,213,43,4,15.0,3,114,40.97
7288,213,25,2,12.0,2,136,381.49
7289,213,19,3,11.0,1,68,153.88
7290,213,68,3,11.0,1,85,31.95
7291,213,74,1,1.0,2,78,345.9
7292,213,100,6,6.0,1,182,320.96
7293,213,65,1,2.0,1,13,38.73
7294,213,25,3,6.0,2,186,381.49
7295,213,54,2,1.0,1,81,263.63
7296,213,99,3,4.0,2,120,21.99
7297,213,7,1,9.0,2,231,255.0
7298,213,52,3,15.0,1,115,29.05
7299,213,83,2,8.0,1,3,19.67
7300,213,96,3,2.0,2,210,231.12
7301,214,91,6,3.0,1,142,177.83
7302,214,107,2,15.0,3,234,87.15
7303,214,73,6,8.0,2,165,352.8
7304,214,70,3,2.0,2,117,18.65
7305,214,57,3,,1,155,184.4
7306,214,10055,6,12.0,1,199,268.55
7307,214,4,6,1.0,2,176,118.68
7308,214,47,5,7.0,1,156,279.24
7309,214,25,2,2.0,2,125,381.49
7310,214,114,4,8.0,2,8,392.33
7311,214,92,3,1.0,2,99,69.54
7312,214,92,6,14.0,1,91,69.54
7313,214,95,3,15.0,2,216,245.29
7314,214,3,6,7.0,1,222,184.85
7315,214,74,3,14.0,1,4,345.9
7316,214,113,6,3.0,2,168,268.21
7317,214,24,4,11.0,4,210,204.05
7318,214,4,2,14.0,1,162,118.68
7319,214,101,6,2.0,2,32,380.12
7320,214,66,1,1.0,2,156,134.76
7321,214,101,2,1.0,3,151,380.12
7322,214,76,3,1.0,2,209,327.0
7323,214,84,4,14.0,2,51,288.33
7324,214,64,6,3.0,5,136,254.43
7325,214,119,6,9.0,1,119,399.96
7326,214,63,4,2.0,2,72,114.14
7327,214,60,2,9.0,2,34,393.57
7328,214,13,1,7.0,3,166,350.79
7329,214,95,5,5.0,2,112,245.29
7330,214,63,4,6.0,1,247,114.14
7331,214,50,6,11.0,2,29,191.76
7332,214,105,2,6.0,5,222,115.72
7333,214,109,1,6.0,2,103,378.53
7334,214,119,6,15.0,1,190,399.96
7335,214,103,3,13.0,2,172,105.16
7336,214,46,1,6.0,2,28,2.86
7337,214,96,3,12.0,1,135,231.12
7338,214,61,2,2.0,1,142,327.21
7339,214,15,4,5.0,1,131,100.16
7340,215,78,2,10.0,2,238,386.82
7341,215,87,3,5.0,2,56,267.42
7342,215,48,4,10.0,2,121,77.58
7343,215,23,3,1.0,2,216,204.06
7344,215,26,1,15.0,1,66,196.47
7345,215,74,1,13.0,1,126,345.9
7346,215,12,5,10.0,1,148,322.41
7347,215,48,2,4.0,1,161,77.58
7348,215,98,5,4.0,1,11,89.1
7349,215,51,5,13.0,1,189,384.39
7350,215,62,3,6.0,2,216,107.26
7351,215,55,6,3.0,1,154,268.55
7352,215,100,5,5.0,2,123,320.96
7353,216,15,2,7.0,2,152,100.16
7354,216,76,2,6.0,3,32,327.0
7355,216,74,2,3.0,2,149,345.9
7356,216,57,6,7.0,1,86,184.4
7357,216,2,2,5.0,3,176,144.87
7358,216,109,4,13.0,2,165,378.53
7359,216,41,3,12.0,2,170,77.7
7360,216,62,5,5.0,2,53,107.26
7361,216,17,6,5.0,1,165,198.42
7362,216,45,2,12.0,1,20,193.58
7363,216,43,4,14.0,1,151,40.97
7364,216,10118,4,10.0,1,70,102.4
7365,216,94,2,12.0,2,219,323.01
7366,216,83,3,3.0,1,226,19.67
7367,216,26,2,7.0,2,138,196.47
7368,216,106,4,13.0,1,134,57.07
7369,216,42,1,13.0,2,70,186.13
7370,216,119,5,5.0,1,69,399.96
7371,216,8,6,5.0,2,38,268.73
7372,216,100,6,5.0,3,160,320.96
7373,216,36,5,15.0,1,246,112.83
7374,216,109,5,9.0,1,140,378.53
7375,216,79,4,10.0,3,165,272.45
7376,216,10060,2,14.0,1,161,393.57
7377,216,48,4,6.0,2,54,77.58
7378,216,102,5,2.0,2,26,332.57
7379,216,92,4,,1,49,69.54
7380,216,48,4,2.0,1,223,77.58
7381,216,53,3,15.0,4,176,99.99
7382,216,24,3,6.0,1,233,204.05
7383,216,54,2,,1,46,263.63
7384,216,107,2,5.0,4,204,87.15
7385,216,91,6,11.0,1,64,177.83
7386,216,1,4,2.0,2,193,382.97
7387,216,86,3,7.0,1,99,266.03
7388,216,118,5,14.0,3,238,102.4
7389,216,88,1,1.0,1,107,52.66
7390,216,102,2,9.0,1,219,332.57
7391,216,7,4,13.0,5,92,255.0
7392,216,25,3,5.0,1,162,381.49
7393,216,11,6,15.0,2,44,274.48
7394,216,82,1,7.0,1,18,393.73
7395,217,56,3,2.0,2,136,269.33
7396,217,117,3,4.0,2,56,132.08
7397,217,56,4,13.0,2,4,269.33
7398,217,44,5,2.0,1,85,370.69
7399,217,90,3,8.0,3,166,85.65
7400,217,86,3,9.0,2,44,266.03
7401,217,91,3,13.0,2,78,177.83
7402,217,22,1,14.0,2,30,182.58
7403,217,14,6,10.0,2,150,354.1
7404,217,35,5,2.0,3,73,362.36
7405,217,11,2,6.0,1,178,274.48
7406,217,116,5,10.0,2,31,74.33
7407,217,22,4,1.0,1,232,182.58
7408,217,21,6,,1,116,307.9
7409,217,6,2,15.0,1,130,342.42
7410,217,90,3,9.0,2,132,85.65
7411,217,51,4,5.0,4,140,384.39
7412,217,70,2,13.0,1,154,18.65
7413,217,85,4,11.0,1,84,173.66
7414,217,10055,1,5.0,4,245,268.55
7415,217,82,5,15.0,1,248,393.73
7416,217,102,2,9.0,1,168,332.57
7417,217,13,1,9.0,1,81,350.79
7418,217,28,1,14.0,3,225,195.42
7419,217,22,2,9.0,2,65,182.58
7420,217,2,6,15.0,4,186,144.87
7421,217,118,3,7.0,3,123,102.4
7422,217,81,2,3.0,2,3,45.14
7423,217,41,2,13.0,5,226,77.7
7424,217,31,5,13.0,1,11,276.57
7425,217,61,4,,2,198,327.21
7426,217,118,6,11.0,1,240,102.4
7427,217,76,5,12.0,2,233,327.0
7428,218,91,4,5.0,3,14,177.83
7429,218,90,4,3.0,4,20,85.65
7430,218,84,3,5.0,1,216,288.33
7431,218,3,2,12.0,2,10,184.85
7432,218,48,1,,3,173,77.58
7433,218,97,5,8.0,2,248,99.11
7434,218,37,4,3.0,3,89,374.33
7435,218,56,3,2.0,1,112,269.33
7436,218,86,5,4.0,2,152,266.03
7437,218,109,4,13.0,1,182,378.53
7438,218,75,5,3.0,2,57,45.02
7439,218,14,5,15.0,2,131,354.1
7440,218,117,4,11.0,2,161,132.08
7441,218,107,4,7.0,1,133,87.15
7442,218,114,6,5.0,1,47,392.33
7443,218,30,3,8.0,2,198,349.23
7444,218,11,5,6.0,2,149,274.48
7445,218,106,1,11.0,1,149,57.07
7446,218,87,1,6.0,2,64,267.42
7447,218,60,6,1.0,1,209,393.57
7448,218,110,6,,2,123,4.35
7449,218,93,5,13.0,1,232,39.17
7450,218,37,6,10.0,1,203,374.33
7451,218,26,3,9.0,3,107,196.47
7452,218,54,2,4.0,2,140,263.63
7453,218,104,3,6.0,4,19,194.87
7454,218,106,3,12.0,2,92,57.07
7455,218,22,2,10.0,1,86,182.58
7456,218,26,2,12.0,1,84,196.47
7457,218,45,3,7.0,2,54,193.58
7458,218,46,1,12.0,2,237,2.86
7459,218,4,5,5.0,3,88,118.68
7460,218,30,4,13.0,1,92,349.23
7461,218,2,3,5.0,2,17,144.87
7462,218,64,2,5.0,2,35,254.43
7463,218,90,4,13.0,1,208,85.65
7464,219,91,2,14.0,1,174,177.83
7465,219,82,5,9.0,1,21,393.73
7466,219,114,5,11.0,1,186,392.33
7467,219,30,3,5.0,2,173,349.23
7468,219,88,6,3.0,1,245,52.66
7469,219,10,2,6.0,2,243,153.02
7470,219,32,4,4.0,2,19,360.05
7471,219,78,2,2.0,1,230,386.82
7472,219,69,5,4.0,1,14,334.17
7473,219,94,3,10.0,2,228,323.01
7474,219,107,1,,1,209,87.15
7475,219,13,5,4.0,3,181,350.79
7476,219,71,3,11.0,1,10,273.46
7477,219,17,1,5.0,3,20,198.42
7478,219,4,5,1.0,2,35,118.68
7479,220,55,1,9.0,2,121,268.55
7480,220,83,6,13.0,2,17,19.67
7481,220,78,5,15.0,1,219,386.82
7482,220,86,2,5.0,1,49,266.03
7483,220,86,4,12.0,2,53,266.03
7484,220,17,1,6.0,1,17,198.42
7485,220,104,1,7.0,3,1,194.87
7486,220,81,3,2.0,1,61,45.14
7487,220,43,6,5.0,1,35,40.97
7488,220,61,2,3.0,1,174,327.21
7489,220,10060,3,14.0,1,178,393.57
7490,220,85,1,13.0,2,200,173.66
7491,220,67,5,9.0,1,241,177.85
7492,220,64,6,14.0,2,211,254.43
7493,220,55,4,15.0,2,95,268.55
7494,220,28,5,11.0,3,20,195.42
7495,220,28,5,9.0,1,249,195.42
7496,220,79,4,13.0,2,42,272.45
7497,220,65,4,5.0,1,93,38.73
7498,220,33,3,9.0,1,105,136.56
7499,220,104,1,13.0,3,117,194.87
7500,220,29,3,9.0,2,231,264.58
7501,220,64,5,13.0,2,80,254.43
7502,220,6,2,13.0,2,28,342.42
7503,220,63,3,10.0,1,50,114.14
7504,220,14,5,4.0,3,170,354.1
7505,220,18,1,5.0,1,212,65.67
7506,220,25,2,8.0,1,21,381.49
7507,220,41,3,,2,106,77.7
7508,220,41,4,1.0,1,36,77.7
7509,220,95,4,2.0,4,197,245.29
7510,220,59,5,3.0,1,15,149.07
7511,220,45,3,6.0,2,185,193.58
7512,220,29,6,5.0,1,240,264.58
7513,220,5,4,15.0,2,133,282.42
7514,220,87,4,12.0,2,248,267.42
7515,220,68,5,10.0,2,238,31.95
7516,220,83,6,3.0,3,250,19.67
7517,220,14,1,8.0,4,200,354.1
7518,221,3,5,13.0,3,249,184.85
7519,221,16,2,2.0,1,177,359.33
7520,221,86,4,1.0,1,229,266.03
7521,221,13,1,5.0,4,142,350.79
7522,221,62,1,5.0,1,244,107.26
7523,221,10060,4,5.0,1,77,393.57
7524,221,10118,4,5.0,2,145,102.4
7525,221,61,1,1.0,2,31,327.21
7526,221,60,1,3.0,2,84,393.57
7527,221,7,6,5.0,2,58,255.0
7528,221,4,4,5.0,2,216,118.68
7529,221,55,5,10.0,1,224,268.55
7530,221,115,3,13.0,2,174,265.87
7531,221,28,6,5.0,1,205,195.42
7532,221,66,1,8.0,4,160,134.76
7533,221,95,5,10.0,2,37,245.29
7534,221,108,5,8.0,1,6,167.48
7535,221,68,1,15.0,1,175,31.95
7536,221,12,5,5.0,1,63,322.41
7537,221,11,3,12.0,1,98,274.48
7538,221,13,5,3.0,2,119,350.79
7539,221,11,4,4.0,1,70,274.48
7540,221,98,4,12.0,1,216,89.1
7541,221,114,4,8.0,1,76,392.33
7542,221,105,6,7.0,1,36,115.72
7543,221,113,6,4.0,1,32,268.21
7544,221,44,3,2.0,1,30,370.69
7545,221,118,1,1.0,2,98,102.4
7546,221,14,2,11.0,1,150,354.1
7547,221,101,1,3.0,1,46,380.12
7548,221,87,3,11.0,1,222,267.42
7549,221,119,4,4.0,1,192,399.96
7550,221,105,2,11.0,2,35,115.72
7551,221,55,1,7.0,1,28,268.55
7552,221,41,6,10.0,4,184,77.7
7553,221,35,6,13.0,2,180,362.36
7554,221,36,3,8.0,1,196,112.83
7555,221,113,3,3.0,2,103,268.21
7556,221,93,6,1.0,2,137,39.17
7557,221,109,5,14.0,1,169,378.53
7558,221,5,2,3.0,1,50,282.42
7559,221,48,5,6.0,1,131,77.58
7560,222,27,6,11.0,1,86,25.05
7561,222,22,5,6.0,3,8,182.58
7562,222,64,3,8.0,3,184,254.43
7563,222,12,5,15.0,2,162,322.41
7564,222,104,2,13.0,2,203,194.87
7565,222,117,2,5.0,2,181,132.08
7566,222,64,4,5.0,2,200,254.43
7567,222,73,4,10.0,3,63,352.8
7568,222,55,3,1.0,1,112,268.55
7569,222,73,5,15.0,1,35,352.8
7570,222,70,4,12.0,1,172,18.65
7571,222,104,3,8.0,2,119,194.87
7572,222,101,5,11.0,2,222,380.12
7573,222,103,4,,1,26,105.16
7574,222,3,3,,1,41,184.85
7575,222,33,3,10.0,3,112,136.56
7576,222,97,4,14.0,1,158,99.11
7577,222,105,2,11.0,3,191,115.72
7578,222,4,4,7.0,1,244,118.68
7579,222,86,1,5.0,1,52,266.03
7580,222,51,1,6.0,1,16,384.39
7581,222,30,6,12.0,2,199,349.23
7582,222,32,6,9.0,2,240,360.05
7583,222,10055,3,8.0,2,143,268.55
7584,222,20,6,7.0,2,24,344.59
7585,222,64,5,10.0,2,107,254.43
7586,222,44,3,12.0,2,230,370.69
7587,222,80,3,12.0,1,130,351.06
7588,222,23,4,12.0,3,28,204.06
7589,222,112,3,14.0,2,169,89.33
7590,222,57,6,4.0,2,34,184.4
7591,222,120,6,1.0,3,42,18.02
7592,222,10118,2,11.0,1,235,102.4
7593,222,50,1,15.0,1,209,191.76
7594,222,4,6,1.0,1,72,118.68
7595,222,50,3,2.0,2,21,191.76
7596,222,49,2,2.0,1,247,217.79
7597,222,1,2,13.0,1,34,382.97
7598,222,78,2,,2,199,386.82
7599,222,87,6,6.0,2,44,267.42
7600,222,120,5,3.0,2,114,18.02
7601,222,116,4,13.0,2,70,74.33
7602,222,80,2,5.0,1,56,351.06
7603,222,30,6,8.0,3,50,349.23
7604,223,10118,2,13.0,1,192,102.4
7605,223,11,3,1.0,2,36,274.48
7606,223,63,4,2.0,1,66,114.14
7607,223,81,6,12.0,1,134,45.14
7608,223,113,5,7.0,1,249,268.21
7609,223,107,3,8.0,2,18,87.15
7610,223,46,4,1.0,1,92,2.86
7611,223,72,5,2.0,1,143,389.59
7612,223,4,6,6.0,2,14,118.68
7613,223,27,2,14.0,2,213,25.05
7614,223,14,2,4.0,3,228,354.1
7615,223,10096,1,9.0,4,88,231.12
7616,223,99,2,8.0,1,172,21.99
7617,223,48,5,15.0,3,179,77.58
7618,223,20,4,1.0,1,1,344.59
7619,223,61,2,9.0,2,168,327.21
7620,223,11,2,2.0,2,134,274.48
7621,223,97,3,4.0,2,153,99.11
7622,223,90,3,13.0,5,10,85.65
7623,223,27,1,13.0,1,159,25.05
7624,223,115,5,8.0,3,243,265.87
7625,223,59,3,10.0,1,8,149.07
7626,223,26,1,9.0,1,135,196.47
7627,223,102,4,15.0,2,155,332.57
7628,223,9,4,3.0,1,245,254.72
7629,223,36,1,15.0,2,7,112.83
7630,223,66,6,8.0,1,167,134.76
7631,223,90,4,11.0,1,139,85.65
7632,223,1,5,13.0,1,25,382.97
7633,223,6,3,15.0,1,113,342.42
7634,223,32,4,5.0,1,174,360.05
7635,223,58,2,6.0,1,27,86.84
7636,223,16,3,3.0,2,11,359.33
7637,223,10118,2,5.0,1,196,102.4
7638,224,117,1,12.0,2,67,132.08
7639,224,19,1,7.0,3,67,153.88
7640,224,119,3,4.0,2,220,399.96
7641,224,37,1,15.0,2,236,374.33
7642,224,97,4,1.0,4,114,99.11
7643,224,87,5,12.0,2,108,267.42
7644,224,95,6,6.0,2,137,245.29
7645,224,35,5,13.0,1,23,362.36
7646,224,83,4,3.0,1,110,19.67
7647,224,12,5,4.0,1,168,322.41
7648,224,69,5,4.0,2,117,334.17
7649,224,10,2,4.0,2,225,153.02
7650,224,56,6,11.0,2,172,269.33
7651,224,19,3,15.0,2,113,153.88
7652,224,35,4,,2,11,362.36
7653,224,76,2,2.0,2,206,327.0
7654,224,58,3,10.0,2,46,86.84
7655,224,116,6,3.0,5,194,74.33
7656,224,100,2,12.0,1,41,320.96
7657,224,27,3,2.0,2,37,25.05
7658,224,115,4,2.0,1,40,265.87
7659,224,1,1,6.0,3,118,382.97
7660,224,111,5,10.0,2,30,299.51
7661,224,19,6,6.0,1,199,153.88
7662,224,3,1,13.0,1,186,184.85
7663,224,113,3,13.0,3,138,268.21
7664,224,84,5,4.0,1,8,288.33
7665,224,117,3,15.0,1,250,132.08
7666,224,82,4,4.0,1,33,393.73
7667,224,42,4,9.0,2,69,186.13
7668,225,57,6,14.0,5,248,184.4
7669,225,64,1,1.0,1,128,254.43
7670,225,49,1,13.0,1,62,217.79
7671,225,57,1,13.0,1,72,184.4
7672,225,11,6,8.0,2,80,274.48
7673,225,37,2,8.0,3,22,374.33
7674,225,82,4,15.0,2,180,393.73
7675,225,24,1,15.0,2,123,204.05
7676,225,103,3,12.0,2,84,105.16
7677,225,48,5,2.0,1,135,77.58
7678,225,98,5,5.0,1,18,89.1
7679,225,63,5,4.0,1,161,114.14
7680,225,14,6,9.0,1,129,354.1
7681,225,54,2,11.0,2,147,263.63
7682,225,82,2,12.0,1,57,393.73
7683,225,75,5,14.0,2,236,45.02
7684,225,41,5,1.0,1,119,77.7
7685,225,16,2,3.0,2,170,359.33
7686,225,38,6,9.0,2,67,323.38
7687,225,45,4,13.0,3,124,193.58
7688,225,107,6,12.0,1,244,87.15
7689,225,90,4,5.0,2,81,85.65
7690,225,76,2,15.0,1,26,327.0
7691,225,105,6,8.0,1,168,115.72
7692,225,118,6,13.0,1,209,102.4
7693,225,48,4,7.0,1,103,77.58
7694,226,62,4,6.0,3,33,107.26
7695,226,86,6,14.0,1,165,266.03
7696,226,56,3,6.0,1,238,269.33
7697,226,63,3,10.0,1,160,114.14
7698,226,64,5,9.0,2,129,254.43
7699,226,19,4,12.0,2,71,153.88
7700,226,1,4,12.0,1,142,382.97
7701,226,6,4,3.0,1,153,342.42
7702,226,60,6,9.0,2,111,393.57
7703,226,36,1,13.0,2,123,112.83
7704,226,54,4,1.0,1,63,263.63
7705,226,111,1,1.0,1,50,299.51
7706,226,90,2,14.0,1,230,85.65
7707,226,106,1,2.0,1,236,57.07
7708,226,112,5,1.0,1,103,89.33
7709,226,65,5,9.0,1,128,38.73
7710,226,18,6,3.0,1,146,65.67
7711,226,44,1,7.0,1,156,370.69
7712,226,33,3,9.0,2,55,136.56
7713,226,120,4,15.0,1,140,18.02
7714,226,65,4,2.0,1,169,38.73
7715,226,45,4,15.0,1,159,193.58
7716,226,113,2,4.0,1,207,268.21
7717,226,92,5,15.0,2,191,69.54
7718,226,86,3,11.0,2,137,266.03
7719,226,42,6,1.0,3,178,186.13
7720,227,15,6,5.0,2,221,100.16
7721,227,78,3,7.0,1,181,386.82
7722,227,76,2,15.0,4,176,327.0
7723,227,37,2,14.0,4,93,374.33
7724,227,63,5,7.0,2,124,114.14
7725,227,108,5,1.0,2,24,167.48
7726,227,1,2,15.0,2,210,382.97
7727,227,105,1,1.0,2,174,115.72
7728,227,80,3,12.0,2,174,351.06
7729,227,108,1,11.0,3,117,167.48
7730,227,118,2,14.0,1,206,102.4
7731,227,10,5,5.0,1,231,153.02
7732,227,102,4,5.0,1,209,332.57
7733,227,35,4,3.0,5,10,362.36
7734,227,44,4,11.0,1,203,370.69
7735,227,28,6,9.0,1,40,195.42
7736,227,94,2,6.0,1,62,323.01
7737,227,12,3,,2,14,322.41
7738,227,41,3,10.0,2,194,77.7
7739,227,37,1,15.0,2,41,374.33
7740,227,114,3,4.0,1,193,392.33
7741,227,7,4,1.0,4,195,255.0
7742,227,77,2,4.0,4,242,11.42
7743,227,7,5,15.0,1,145,255.0
7744,227,60,1,5.0,2,2,393.57
7745,227,101,2,15.0,1,159,380.12
7746,227,62,1,3.0,1,61,107.26
7747,227,90,6,15.0,2,34,85.65
7748,227,63,4,4.0,2,126,114.14
7749,227,44,3,2.0,1,113,370.69
7750,227,46,4,6.0,1,83,2.86
7751,227,119,1,2.0,1,47,399.96
7752,227,53,4,15.0,3,175,99.99
7753,227,28,5,3.0,1,156,195.42
7754,227,60,6,3.0,1,247,393.57
7755,227,8,6,15.0,1,66,268.73
7756,227,29,6,1.0,2,112,264.58
7757,227,80,6,10.0,1,165,351.06
7758,227,65,2,13.0,3,115,38.73
7759,227,28,6,10.0,2,18,195.42
7760,227,78,5,4.0,2,116,386.82
7761,227,89,5,8.0,3,89,228.5
7762,228,73,6,6.0,2,119,352.8
7763,228,12,3,2.0,2,203,322.41
7764,228,54,6,3.0,2,9,263.63
7765,228,91,4,12.0,2,173,177.83
7766,228,12,1,,1,71,322.41
7767,228,25,4,4.0,2,101,381.49
7768,228,33,2,12.0,1,200,136.56
7769,228,102,4,5.0,2,38,332.57
7770,228,98,6,,1,15,89.1
7771,228,20,2,8.0,2,102,344.59
7772,228,31,3,9.0,2,13,276.57
7773,228,65,4,6.0,2,172,38.73
7774,228,8,5,4.0,2,139,268.73
7775,228,28,1,,2,151,195.42
7776,228,8,6,11.0,1,250,268.73
7777,228,66,6,11.0,1,246,134.76
7778,228,58,3,6.0,2,142,86.84
7779,228,62,2,5.0,1,247,107.26
7780,228,4,2,13.0,2,108,118.68
7781,228,29,2,14.0,2,97,264.58
7782,228,101,6,14.0,1,136,380.12
7783,228,106,1,12.0,1,106,57.07
7784,228,43,1,8.0,2,53,40.97
7785,228,97,1,9.0,1,94,99.11
7786,228,94,4,11.0,1,99,323.01
7787,228,105,5,10.0,1,105,115.72
7788,228,53,1,15.0,1,164,99.99
7789,228,118,2,8.0,3,191,102.4
7790,228,24,5,12.0,1,70,204.05
7791,228,82,2,10.0,2,41,393.73
7792,228,114,2,12.0,1,68,392.33
7793,228,62,5,14.0,1,185,107.26
7794,228,83,2,7.0,1,106,19.67
7795,228,9,3,7.0,1,79,254.72
7796,228,24,5,1.0,1,140,204.05
7797,228,102,4,10.0,1,144,332.57
7798,228,3,5,6.0,1,164,184.85
7799,228,40,6,3.0,2,43,162.24
7800,228,48,1,11.0,2,171,77.58
7801,228,40,5,3.0,4,143,162.24
7802,228,59,4,11.0,1,152,149.07
7803,228,26,5,9.0,2,120,196.47
7804,229,38,4,11.0,5,160,323.38
7805,229,10055,4,5.0,1,78,268.55
7806,229,51,4,12.0,1,144,384.39
7807,229,119,6,11.0,1,248,399.96
7808,229,40,2,9.0,2,41,162.24
7809,229,96,3,1.0,3,136,231.12
7810,229,75,2,11.0,1,110,45.02
7811,229,62,2,10.0,1,193,107.26
7812,229,27,2,12.0,3,209,25.05
7813,229,32,6,12.0,1,212,360.05
7814,229,118,5,10.0,3,183,102.4
7815,229,10118,1,5.0,1,120,102.4
7816,229,100,6,5.0,1,164,320.96
7817,229,113,4,2.0,1,12,268.21
7818,229,120,3,12.0,1,99,18.02
7819,229,7,4,7.0,1,44,255.0
7820,229,71,4,12.0,2,134,273.46
7821,229,10060,4,10.0,2,248,393.57
7822,229,33,5,5.0,1,228,136.56
7823,229,32,6,13.0,1,167,360.05
7824,229,80,3,7.0,2,160,351.06
7825,229,54,1,5.0,2,70,263.63
7826,229,72,5,11.0,1,61,389.59
7827,229,70,2,2.0,3,102,18.65
7828,229,25,3,10.0,2,18,381.49
7829,229,83,2,8.0,2,155,19.67
7830,229,32,6,9.0,4,207,360.05
7831,229,100,6,3.0,1,239,320.96
7832,229,10,4,9.0,2,196,153.02
7833,230,4,1,4.0,1,149,118.68
7834,230,20,2,4.0,1,63,344.59
7835,230,51,6,4.0,2,174,384.39
7836,230,99,1,3.0,1,21,21.99
7837,230,6,2,9.0,1,153,342.42
7838,230,62,2,,3,29,107.26
7839,230,45,5,,1,218,193.58
7840,230,13,6,8.0,4,163,350.79
7841,230,116,5,1.0,1,2,74.33
7842,230,89,1,11.0,2,193,228.5
7843,230,10055,4,6.0,2,216,268.55
7844,230,28,2,14.0,4,80,195.42
7845,230,33,2,9.0,2,233,136.56
7846,230,15,3,6.0,2,73,100.16
7847,230,39,4,2.0,2,120,170.58
7848,230,8,6,8.0,4,3,268.73
7849,230,19,5,15.0,1,9,153.88
7850,230,7,1,11.0,2,188,255.0
7851,230,2,5,4.0,2,73,144.87
7852,230,73,6,14.0,2,53,352.8
7853,230,49,6,1.0,1,96,217.79
7854,230,112,6,5.0,3,179,89.33
7855,230,30,2,13.0,1,90,349.23
7856,230,58,4,3.0,1,168,86.84
7857,230,114,2,2.0,3,26,392.33
7858,230,73,3,3.0,1,136,352.8
7859,230,96,2,7.0,4,127,231.12
7860,230,13,6,7.0,2,115,350.79
7861,230,15,4,8.0,2,204,100.16
7862,230,69,4,10.0,2,2,334.17
7863,230,13,3,7.0,1,224,350.79
7864,230,22,4,13.0,1,5,182.58
7865,230,6,5,2.0,1,124,342.42
7866,231,83,1,11.0,1,4,19.67
7867,231,26,1,5.0,1,200,196.47
7868,231,86,3,,1,83,266.03
7869,231,1,5,6.0,2,42,382.97
7870,231,53,4,4.0,2,201,99.99
7871,231,33,4,8.0,2,13,136.56
7872,231,72,6,1.0,2,167,389.59
7873,231,35,6,1.0,1,87,362.36
7874,231,30,3,15.0,4,2,349.23
7875,231,116,2,8.0,1,165,74.33
7876,231,57,2,3.0,2,141,184.4
7877,231,4,1,9.0,1,233,118.68
7878,231,2,3,13.0,1,41,144.87
7879,231,25,3,,1,230,381.49
7880,231,50,5,,1,227,191.76
7881,231,6,3,,2,78,342.42
7882,231,41,1,8.0,1,164,77.7
7883,231,35,4,12.0,2,23,362.36
7884,231,86,4,6.0,2,241,266.03
7885,231,57,5,9.0,2,143,184.4
7886,231,25,6,3.0,1,229,381.49
7887,231,102,3,8.0,4,189,332.57
7888,231,4,3,9.0,2,176,118.68
7889,231,32,5,9.0,1,31,360.05
7890,231,117,1,13.0,2,243,132.08
7891,231,106,3,8.0,2,204,57.07
7892,231,60,4,2.0,2,150,393.57
7893,232,17,3,12.0,3,8,198.42
7894,232,5,5,2.0,1,116,282.42
7895,232,43,1,8.0,1,223,40.97
7896,232,98,1,3.0,4,171,89.1
7897,232,1,3,6.0,1,246,382.97
7898,232,58,5,8.0,1,118,86.84
7899,232,42,2,1.0,2,159,186.13
7900,232,82,5,3.0,3,137,393.73
7901,232,73,5,4.0,1,93,352.8
7902,232,64,2,3.0,2,159,254.43
7903,232,10055,2,12.0,2,87,268.55
7904,232,115,6,3.0,2,180,265.87
7905,232,4,5,9.0,3,103,118.68
7906,232,26,6,9.0,2,79,196.47
7907,232,37,5,3.0,2,174,374.33
7908,232,75,5,12.0,2,195,45.02
7909,232,87,3,4.0,1,155,267.42
7910,233,59,4,3.0,1,122,149.07
7911,233,111,2,14.0,1,80,299.51
7912,233,10096,4,1.0,3,219,231.12
7913,233,55,2,13.0,1,16,268.55
7914,233,89,2,7.0,1,177,228.5
7915,233,113,6,3.0,1,249,268.21
7916,233,28,4,14.0,3,136,195.42
7917,233,24,2,8.0,2,9,204.05
7918,233,35,3,12.0,1,31,362.36
7919,233,114,6,4.0,2,70,392.33
7920,233,120,2,2.0,3,120,18.02
7921,233,114,5,10.0,1,86,392.33
7922,233,37,2,2.0,2,162,374.33
7923,233,92,3,11.0,2,197,69.54
7924,233,31,5,6.0,1,20,276.57
7925,233,15,1,7.0,1,70,100.16
7926,233,83,5,5.0,2,170,19.67
7927,233,23,5,9.0,1,114,204.06
7928,233,57,6,4.0,1,167,184.4
7929,233,80,5,6.0,3,196,351.06
7930,233,104,1,14.0,2,1,194.87
7931,233,41,1,11.0,1,20,77.7
7932,233,29,3,10.0,2,46,264.58
7933,233,115,2,8.0,3,209,265.87
7934,233,22,3,4.0,3,20,182.58
7935,233,65,1,7.0,1,77,38.73
7936,233,31,6,11.0,3,175,276.57
7937,233,50,2,12.0,2,13,191.76
7938,233,82,1,11.0,5,107,393.73
7939,233,54,6,7.0,1,30,263.63
7940,233,49,5,4.0,2,192,217.79
7941,233,40,5,13.0,1,38,162.24
7942,233,102,1,8.0,2,154,332.57
7943,233,81,1,1.0,4,109,45.14
7944,233,99,3,6.0,1,149,21.99
7945,233,14,2,3.0,1,187,354.1
7946,233,11,4,15.0,5,66,274.48
7947,233,24,4,15.0,2,208,204.05
7948,233,54,5,11.0,2,35,263.63
7949,233,23,1,15.0,1,21,204.06
7950,233,90,5,3.0,1,96,85.65
7951,233,60,5,7.0,1,159,393.57
7952,233,82,4,5.0,2,42,393.73
7953,233,8,6,2.0,1,72,268.73
7954,233,18,3,11.0,2,122,65.67
7955,233,63,2,14.0,1,137,114.14
7956,234,9,6,10.0,3,95,254.72
7957,234,91,3,12.0,1,222,177.83
7958,234,59,3,12.0,2,112,149.07
7959,234,97,4,10.0,1,129,99.11
7960,234,30,1,8.0,1,123,349.23
7961,234,85,5,14.0,2,213,173.66
7962,234,57,4,,1,80,184.4
7963,234,13,1,4.0,2,155,350.79
7964,234,87,5,1.0,1,198,267.42
7965,234,109,2,4.0,1,88,378.53
7966,234,56,6,,4,35,269.33
7967,234,99,5,10.0,2,162,21.99
7968,234,55,6,,4,159,268.55
7969,234,46,3,15.0,1,235,2.86
7970,234,117,4,2.0,1,205,132.08
7971,234,8,1,3.0,1,100,268.73
7972,234,18,4,11.0,1,74,65.67
7973,234,68,1,3.0,3,219,31.95
7974,234,75,3,6.0,1,202,45.02
7975,234,30,3,4.0,2,87,349.23
7976,234,36,6,13.0,1,117,112.83
7977,234,10096,5,14.0,2,115,231.12
7978,234,54,6,13.0,2,199,263.63
7979,234,115,2,14.0,1,65,265.87
7980,234,96,6,15.0,2,192,231.12
7981,234,10,2,6.0,1,241,153.02
7982,234,71,3,13.0,2,152,273.46
7983,234,7,1,13.0,2,84,255.0
7984,234,110,2,10.0,2,193,4.35
7985,234,23,5,11.0,2,195,204.06
7986,234,55,3,4.0,2,202,268.55
7987,234,64,3,10.0,2,244,254.43
7988,234,79,1,14.0,4,58,272.45
7989,234,44,3,,2,1,370.69
7990,234,34,1,12.0,1,22,4.86
7991,234,37,2,12.0,4,82,374.33
7992,234,41,2,9.0,2,88,77.7
7993,234,26,6,14.0,1,124,196.47
7994,234,32,3,5.0,1,107,360.05
7995,234,17,6,3.0,1,6,198.42
7996,234,66,3,7.0,1,203,134.76
7997,235,9,5,9.0,1,127,254.72
7998,235,19,5,7.0,1,231,153.88
7999,235,78,2,12.0,1,130,386.82
8000,235,14,6,2.0,1,124,354.1
8001,235,114,4,4.0,1,52,392.33
8002,235,95,6,9.0,5,209,245.29
8003,235,37,1,5.0,1,64,374.33
8004,235,103,4,3.0,1,174,105.16
8005,235,78,2,8.0,1,234,386.82
8006,235,7,6,15.0,2,18,255.0
8007,235,31,4,12.0,1,239,276.57
8008,235,10096,4,8.0,1,62,231.12
8009,235,44,4,6.0,3,90,370.69
8010,235,80,1,15.0,1,247,351.06
8011,235,79,3,12.0,2,65,272.45
8012,235,99,6,2.0,1,231,21.99
8013,235,49,5,6.0,1,96,217.79
8014,235,106,1,12.0,1,193,57.07
8015,235,89,2,15.0,1,22,228.5
8016,235,87,6,5.0,1,250,267.42
8017,235,41,3,1.0,2,119,77.7
8018,235,49,3,,1,36,217.79
8019,235,55,1,5.0,2,184,268.55
8020,235,81,1,5.0,1,79,45.14
8021,235,62,4,15.0,2,240,107.26
8022,235,54,3,4.0,3,189,263.63
8023,235,85,2,15.0,5,214,173.66
8024,235,59,2,10.0,3,73,149.07
8025,235,73,3,15.0,1,44,352.8
8026,235,86,1,12.0,1,205,266.03
8027,235,47,5,8.0,2,119,279.24
8028,235,21,3,9.0,2,68,307.9
8029,235,99,5,2.0,2,152,21.99
8030,235,106,6,5.0,2,213,57.07
8031,235,10055,1,12.0,2,86,268.55
8032,236,9,6,10.0,2,71,254.72
8033,236,105,4,5.0,1,77,115.72
8034,236,99,3,14.0,1,150,21.99
8035,236,34,1,3.0,1,78,4.86
8036,236,113,6,8.0,3,138,268.21
8037,236,33,4,13.0,1,18,136.56
8038,236,61,4,6.0,2,196,327.21
8039,236,115,6,8.0,1,241,265.87
8040,236,120,5,4.0,1,109,18.02
8041,236,98,6,15.0,2,12,89.1
8042,236,117,5,1.0,2,205,132.08
8043,236,86,1,15.0,2,183,266.03
8044,236,82,4,12.0,1,218,393.73
8045,236,87,2,2.0,1,57,267.42
8046,236,2,6,10.0,2,33,144.87
8047,236,96,1,5.0,2,90,231.12
8048,236,108,2,5.0,2,166,167.48
8049,236,65,6,14.0,1,52,38.73
8050,236,98,5,8.0,3,176,89.1
8051,236,44,1,11.0,3,14,370.69
8052,236,114,4,9.0,1,18,392.33
8053,236,96,4,6.0,1,94,231.12
8054,236,87,4,7.0,2,107,267.42
8055,236,75,3,10.0,2,62,45.02
8056,236,96,2,7.0,1,164,231.12
8057,236,73,3,12.0,1,106,352.8
8058,236,117,1,10.0,1,86,132.08
8059,236,25,2,15.0,1,96,381.49
8060,236,66,2,10.0,4,104,134.76
8061,236,17,1,11.0,1,182,198.42
8062,236,73,4,15.0,1,80,352.8
8063,236,98,6,10.0,2,125,89.1
8064,236,68,4,14.0,2,130,31.95
8065,236,53,6,10.0,2,109,99.99
8066,236,8,3,11.0,3,14,268.73
8067,236,27,4,14.0,1,47,25.05
8068,236,45,5,7.0,1,65,193.58
8069,236,1,1,5.0,1,104,382.97
8070,236,92,1,7.0,2,53,69.54
8071,236,97,5,14.0,4,129,99.11
8072,236,32,4,11.0,3,5,360.05
8073,237,104,4,,1,202,194.87
8074,237,25,1,6.0,1,107,381.49
8075,237,83,6,8.0,2,96,19.67
8076,237,94,3,10.0,1,134,323.01
8077,237,9,1,15.0,1,3,254.72
8078,237,91,1,12.0,2,41,177.83
8079,237,3,2,5.0,2,197,184.85
8080,237,91,4,12.0,2,98,177.83
8081,237,102,3,12.0,1,59,332.57
8082,237,108,4,9.0,2,132,167.48
8083,237,20,1,14.0,2,250,344.59
8084,237,88,4,11.0,2,181,52.66
8085,237,43,5,7.0,2,248,40.97
8086,237,9,5,15.0,1,167,254.72
8087,237,112,1,2.0,4,168,89.33
8088,237,65,1,13.0,4,155,38.73
8089,237,10096,2,7.0,1,99,231.12
8090,237,51,6,10.0,1,78,384.39
8091,237,65,1,3.0,2,107,38.73
8092,237,42,5,6.0,4,3,186.13
8093,237,88,4,12.0,1,45,52.66
8094,237,77,3,1.0,2,214,11.42
8095,237,47,2,12.0,1,51,279.24
8096,237,14,6,12.0,2,65,354.1
8097,237,17,6,12.0,2,85,198.42
8098,237,107,1,6.0,1,13,87.15
8099,237,107,6,6.0,2,104,87.15
8100,237,72,1,2.0,2,33,389.59
8101,237,99,4,5.0,2,218,21.99
8102,237,38,5,9.0,3,92,323.38
8103,237,93,5,4.0,1,130,39.17
8104,237,22,1,2.0,2,84,182.58
8105,237,76,4,7.0,1,69,327.0
8106,237,32,4,7.0,2,220,360.05
8107,237,53,3,15.0,1,43,99.99
8108,237,91,4,10.0,4,168,177.83
8109,237,35,6,11.0,1,209,362.36
8110,237,110,2,9.0,1,220,4.35
8111,238,100,3,14.0,1,191,320.96
8112,238,95,3,14.0,2,208,245.29
8113,238,111,4,15.0,5,61,299.51
8114,238,69,4,6.0,3,5,334.17
8115,238,10060,1,10.0,2,218,393.57
8116,238,48,5,7.0,1,191,77.58
8117,238,25,2,10.0,1,179,381.49
8118,238,95,3,13.0,2,152,245.29
8119,238,50,1,10.0,2,200,191.76
8120,238,20,6,7.0,1,99,344.59
8121,238,100,3,7.0,1,9,320.96
8122,238,64,5,15.0,2,113,254.43
8123,238,86,2,,1,220,266.03
8124,238,119,6,9.0,3,241,399.96
8125,238,10096,1,13.0,2,234,231.12
8126,238,55,4,7.0,2,57,268.55
8127,238,10096,1,8.0,1,58,231.12
8128,238,33,5,15.0,1,97,136.56
8129,238,62,1,2.0,1,149,107.26
8130,238,1,3,14.0,2,84,382.97
8131,238,37,2,8.0,2,123,374.33
8132,238,34,4,4.0,1,154,4.86
8133,238,51,3,1.0,1,152,384.39
8134,238,44,3,15.0,4,141,370.69
8135,238,64,6,12.0,2,170,254.43
8136,238,46,5,7.0,1,137,2.86
8137,238,109,2,2.0,1,35,378.53
8138,238,103,2,15.0,4,108,105.16
8139,239,66,1,10.0,2,84,134.76
8140,239,40,1,13.0,2,76,162.24
8141,239,107,3,8.0,1,197,87.15
8142,239,6,1,10.0,2,172,342.42
8143,239,114,1,9.0,1,130,392.33
8144,239,33,4,13.0,4,182,136.56
8145,239,40,6,4.0,1,217,162.24
8146,239,74,2,11.0,1,249,345.9
8147,239,78,3,2.0,1,148,386.82
8148,239,10055,5,2.0,2,135,268.55
8149,239,14,2,6.0,1,76,354.1
8150,239,85,5,11.0,1,203,173.66
8151,239,46,6,2.0,2,248,2.86
8152,239,84,1,6.0,3,154,288.33
8153,239,96,1,3.0,1,170,231.12
8154,239,9,2,8.0,2,160,254.72
8155,239,106,5,,2,175,57.07
8156,239,99,2,9.0,1,182,21.99
8157,239,54,4,7.0,1,10,263.63
8158,239,50,2,9.0,5,148,191.76
8159,239,115,1,13.0,4,243,265.87
8160,239,3,6,10.0,2,210,184.85
8161,239,71,2,5.0,4,75,273.46
8162,239,84,2,,2,26,288.33
8163,239,53,2,13.0,2,146,99.99
8164,239,82,5,14.0,2,115,393.73
8165,239,24,4,4.0,2,131,204.05
8166,239,1,4,15.0,1,80,382.97
8167,239,71,3,4.0,2,212,273.46
8168,239,10,4,1.0,3,88,153.02
8169,239,58,4,8.0,1,19,86.84
8170,239,91,6,10.0,2,35,177.83
8171,239,112,2,3.0,2,136,89.33
8172,239,57,3,5.0,4,9,184.4
8173,239,80,2,14.0,1,4,351.06
8174,239,2,4,9.0,1,124,144.87
8175,239,112,6,13.0,1,153,89.33
8176,239,119,2,6.0,2,193,399.96
8177,239,9,2,5.0,3,148,254.72
8178,240,62,3,2.0,2,178,107.26
8179,240,41,2,13.0,2,46,77.7
8180,240,93,3,5.0,1,174,39.17
8181,240,106,5,14.0,2,83,57.07
8182,240,54,6,10.0,1,147,263.63
8183,240,91,1,6.0,4,243,177.83
8184,240,119,1,6.0,1,189,399.96
8185,240,115,2,9.0,1,222,265.87
8186,240,41,4,12.0,1,108,77.7
8187,240,5,6,11.0,2,106,282.42
8188,240,109,5,,2,156,378.53
8189,240,65,6,2.0,2,221,38.73
8190,240,34,4,1.0,2,46,4.86
8191,240,41,5,1.0,2,64,77.7
8192,240,39,6,6.0,3,97,170.58
8193,240,31,2,10.0,1,39,276.57
8194,240,80,3,13.0,1,83,351.06
8195,240,44,1,15.0,2,224,370.69
8196,240,61,5,11.0,1,35,327.21
8197,240,69,5,,1,164,334.17
8198,240,22,3,12.0,1,224,182.58
8199,240,60,1,11.0,3,135,393.57
8200,240,50,2,12.0,2,131,191.76
8201,240,49,5,12.0,3,65,217.79
8202,240,93,2,4.0,2,162,39.17
8203,240,27,6,11.0,2,72,25.05
8204,240,97,4,12.0,2,48,99.11
8205,240,13,5,4.0,1,236,350.79
8206,240,79,2,10.0,1,244,272.45
8207,240,99,6,15.0,1,247,21.99
8208,240,18,5,1.0,2,222,65.67
8209,240,110,4,4.0,4,176,4.35
8210,240,112,6,9.0,2,93,89.33
8211,240,48,3,9.0,1,157,77.58
8212,240,69,5,15.0,1,62,334.17
8213,240,99,1,4.0,1,89,21.99
8214,240,4,2,3.0,1,130,118.68
8215,240,61,2,5.0,1,223,327.21
8216,240,40,4,13.0,2,140,162.24
8217,241,107,5,7.0,1,168,87.15
8218,241,25,2,13.0,1,94,381.49
8219,241,54,2,7.0,1,233,263.63
8220,241,50,3,4.0,2,77,191.76
8221,241,7,6,14.0,1,224,255.0
8222,241,23,2,,4,44,204.06
8223,241,70,4,10.0,3,203,18.65
8224,241,38,4,15.0,2,171,323.38
8225,241,27,1,4.0,1,5,25.05
8226,241,38,4,8.0,3,41,323.38
8227,241,10118,2,1.0,2,61,102.4
8228,241,90,4,1.0,4,132,85.65
8229,241,37,6,10.0,2,21,374.33
8230,241,56,2,11.0,2,182,269.33
8231,241,88,1,2.0,1,16,52.66
8232,241,89,1,4.0,2,197,228.5
8233,241,23,2,6.0,1,215,204.06
8234,241,10,3,9.0,1,163,153.02
8235,241,79,4,15.0,1,148,272.45
8236,241,98,1,9.0,1,80,89.1
8237,241,11,1,13.0,2,107,274.48
8238,241,95,6,3.0,2,222,245.29
8239,241,1,3,1.0,1,164,382.97
8240,241,34,5,4.0,1,131,4.86
8241,241,80,1,12.0,2,98,351.06
8242,241,18,3,1.0,3,107,65.67
8243,241,63,5,6.0,1,121,114.14
8244,241,29,2,7.0,3,90,264.58
8245,241,23,6,15.0,1,55,204.06
8246,241,74,2,12.0,2,66,345.9
8247,241,2,4,2.0,2,165,144.87
8248,241,88,4,10.0,3,133,52.66
8249,241,22,2,1.0,1,89,182.58
8250,241,96,1,7.0,2,114,231.12
8251,241,70,3,4.0,1,169,18.65
8252,241,16,4,5.0,1,117,359.33
8253,241,41,3,13.0,2,17,77.7
8254,241,118,5,5.0,1,193,102.4
8255,241,23,2,,2,201,204.06
8256,241,10060,6,2.0,1,92,393.57
8257,241,24,1,14.0,2,175,204.05
8258,241,15,4,9.0,1,1,100.16
8259,242,105,2,7.0,1,43,115.72
8260,242,6,3,8.0,1,189,342.42
8261,242,92,2,15.0,1,154,69.54
8262,242,114,5,1.0,1,64,392.33
8263,242,89,2,12.0,2,194,228.5
8264,242,33,5,3.0,1,202,136.56
8265,242,72,2,5.0,4,76,389.59
8266,242,117,6,8.0,1,165,132.08
8267,242,33,2,10.0,1,69,136.56
8268,242,94,5,12.0,1,135,323.01
8269,242,29,1,11.0,1,66,264.58
8270,242,37,5,4.0,2,213,374.33
8271,242,84,1,13.0,1,6,288.33
8272,242,8,3,9.0,1,219,268.73
8273,242,14,3,14.0,2,81,354.1
8274,242,17,2,3.0,1,27,198.42
8275,242,7,4,5.0,1,121,255.0
8276,242,30,5,2.0,2,121,349.23
8277,242,10096,3,1.0,1,8,231.12
8278,242,33,3,11.0,1,228,136.56
8279,242,36,5,11.0,2,239,112.83
8280,242,27,4,5.0,2,154,25.05
8281,242,49,1,4.0,1,101,217.79
8282,242,8,3,13.0,1,121,268.73
8283,242,19,1,9.0,1,1,153.88
8284,242,67,5,11.0,1,40,177.85
8285,242,110,2,11.0,1,242,4.35
8286,242,37,1,10.0,2,64,374.33
8287,242,15,4,,2,102,100.16
8288,242,91,3,8.0,2,96,177.83
8289,242,118,4,5.0,1,243,102.4
8290,242,7,2,2.0,2,110,255.0
8291,243,41,2,11.0,1,142,77.7
8292,243,44,2,15.0,1,69,370.69
8293,243,107,5,10.0,1,57,87.15
8294,243,10060,5,6.0,1,62,393.57
8295,243,18,6,14.0,2,102,65.67
8296,243,84,5,4.0,1,47,288.33
8297,243,72,4,5.0,2,181,389.59
8298,243,12,1,13.0,3,155,322.41
8299,243,93,3,6.0,2,70,39.17
8300,243,26,6,8.0,2,220,196.47
8301,243,36,5,1.0,2,148,112.83
8302,243,59,5,5.0,5,94,149.07
8303,243,50,3,8.0,2,60,191.76
8304,243,13,1,13.0,2,176,350.79
8305,243,44,4,15.0,1,103,370.69
8306,243,109,6,15.0,2,14,378.53
8307,243,96,1,2.0,2,181,231.12
8308,243,10118,3,11.0,2,72,102.4
8309,243,5,4,15.0,3,42,282.42
8310,243,115,6,13.0,2,130,265.87
8311,243,59,1,7.0,2,244,149.07
8312,243,76,1,9.0,3,119,327.0
8313,243,53,2,2.0,1,31,99.99
8314,243,69,3,9.0,1,235,334.17
8315,243,58,1,7.0,2,84,86.84
8316,243,89,2,2.0,2,142,228.5
8317,243,108,5,3.0,4,218,167.48
8318,243,72,5,9.0,2,131,389.59
8319,243,84,2,11.0,1,150,288.33
8320,243,113,4,,1,136,268.21
8321,243,93,6,9.0,1,200,39.17
8322,243,48,2,4.0,1,16,77.58
8323,243,36,2,7.0,2,53,112.83
8324,243,42,3,8.0,1,6,186.13
8325,243,16,4,14.0,2,66,359.33
8326,243,91,1,5.0,1,1,177.83
8327,243,96,6,13.0,1,114,231.12
8328,244,6,2,14.0,1,32,342.42
8329,244,55,3,1.0,1,114,268.55
8330,244,78,4,7.0,2,135,386.82
8331,244,23,6,11.0,2,230,204.06
8332,244,102,3,15.0,1,53,332.57
8333,244,34,5,10.0,2,211,4.86
8334,244,20,3,14.0,2,165,344.59
8335,244,62,6,7.0,3,105,107.26
8336,244,113,3,8.0,2,188,268.21
8337,244,66,4,12.0,4,241,134.76
8338,244,94,2,8.0,2,233,323.01
8339,244,8,6,10.0,1,191,268.73
8340,244,46,6,1.0,2,204,2.86
8341,244,104,4,9.0,1,83,194.87
8342,244,52,1,2.0,1,122,29.05
8343,244,29,6,,1,16,264.58
8344,244,21,3,13.0,4,16,307.9
8345,244,16,2,7.0,1,175,359.33
8346,244,64,4,8.0,1,199,254.43
8347,244,57,1,15.0,5,115,184.4
8348,244,91,6,2.0,2,113,177.83
8349,244,95,3,,1,224,245.29
8350,244,38,2,8.0,2,41,323.38
8351,244,78,1,4.0,2,132,386.82
8352,244,13,4,7.0,2,119,350.79
8353,244,120,2,8.0,1,9,18.02
8354,244,45,3,2.0,1,102,193.58
8355,244,30,5,9.0,2,80,349.23
8356,244,35,4,7.0,5,14,362.36
8357,244,50,4,9.0,2,41,191.76
8358,244,6,6,10.0,5,6,342.42
8359,244,117,1,13.0,1,180,132.08
8360,244,85,2,2.0,1,61,173.66
8361,244,90,5,8.0,1,58,85.65
8362,244,18,2,11.0,1,15,65.67
8363,244,92,4,7.0,2,104,69.54
8364,244,37,6,,4,60,374.33
8365,244,23,3,11.0,2,30,204.06
8366,244,53,5,6.0,2,58,99.99
8367,244,10096,5,15.0,2,19,231.12
8368,244,86,1,15.0,2,18,266.03
8369,244,10118,5,,1,86,102.4
8370,244,24,1,13.0,2,207,204.05
8371,245,84,5,6.0,4,86,288.33
8372,245,18,4,2.0,2,8,65.67
8373,245,95,3,8.0,1,3,245.29
8374,245,10060,2,6.0,1,10,393.57
8375,245,69,4,5.0,2,75,334.17
8376,245,99,2,11.0,1,151,21.99
8377,245,109,6,7.0,2,168,378.53
8378,245,120,3,10.0,1,39,18.02
8379,245,32,3,1.0,3,99,360.05
8380,245,43,6,6.0,2,23,40.97
8381,245,98,5,8.0,2,178,89.1
8382,245,10,5,15.0,4,134,153.02
8383,245,43,2,3.0,1,117,40.97
8384,245,35,3,6.0,2,136,362.36
8385,245,86,1,8.0,2,109,266.03
8386,245,15,2,7.0,2,196,100.16
8387,245,36,6,6.0,1,39,112.83
8388,245,103,4,4.0,4,39,105.16
8389,245,17,6,15.0,2,225,198.42
8390,245,6,6,2.0,2,1,342.42
8391,245,68,6,10.0,1,185,31.95
8392,245,79,5,1.0,1,199,272.45
8393,245,77,6,8.0,2,197,11.42
8394,245,39,5,15.0,2,222,170.58
8395,245,105,6,13.0,2,35,115.72
8396,246,66,1,15.0,3,154,134.76
8397,246,94,1,1.0,1,83,323.01
8398,246,104,5,1.0,2,85,194.87
8399,246,117,5,2.0,3,69,132.08
8400,246,28,3,1.0,1,88,195.42
8401,246,71,6,12.0,5,229,273.46
8402,246,49,6,11.0,1,133,217.79
8403,246,85,4,10.0,2,152,173.66
8404,246,24,1,2.0,1,25,204.05
8405,246,54,5,1.0,1,228,263.63
8406,246,82,1,15.0,1,75,393.73
8407,246,10118,4,13.0,3,67,102.4
8408,246,15,2,12.0,1,187,100.16
8409,246,68,2,3.0,1,14,31.95
8410,246,104,3,14.0,2,144,194.87
8411,246,34,5,12.0,2,83,4.86
8412,246,109,2,14.0,2,149,378.53
8413,246,32,2,14.0,1,67,360.05
8414,246,48,4,6.0,2,127,77.58
8415,246,112,1,7.0,2,91,89.33
8416,246,111,5,4.0,2,6,299.51
8417,246,74,5,1.0,1,78,345.9
8418,246,65,5,7.0,1,75,38.73
8419,246,51,3,9.0,2,99,384.39
8420,246,93,6,15.0,1,83,39.17
8421,246,114,2,14.0,1,58,392.33
8422,246,19,3,9.0,1,235,153.88
8423,246,33,1,7.0,2,26,136.56
8424,246,86,5,14.0,3,239,266.03
8425,246,63,3,7.0,2,31,114.14
8426,246,2,6,9.0,2,52,144.87
8427,246,40,1,6.0,2,70,162.24
8428,246,119,3,11.0,2,164,399.96
8429,246,68,3,15.0,2,131,31.95
8430,246,23,1,7.0,1,96,204.06
8431,246,26,2,15.0,1,154,196.47
8432,246,19,4,3.0,1,36,153.88
8433,246,69,2,3.0,1,121,334.17
8434,247,27,5,12.0,1,193,25.05
8435,247,10118,3,8.0,5,214,102.4
8436,247,96,1,13.0,2,238,231.12
8437,247,109,2,1.0,2,23,378.53
8438,247,64,1,1.0,3,108,254.43
8439,247,38,3,1.0,1,35,323.38
8440,247,85,5,8.0,2,58,173.66
8441,247,86,2,15.0,2,215,266.03
8442,247,90,2,1.0,2,191,85.65
8443,247,10055,2,2.0,1,212,268.55
8444,247,108,6,8.0,2,220,167.48
8445,247,7,4,8.0,2,246,255.0
8446,247,61,4,3.0,2,193,327.21
8447,247,119,1,14.0,1,16,399.96
8448,247,71,2,4.0,1,190,273.46
8449,247,72,2,13.0,2,22,389.59
8450,247,58,4,13.0,2,159,86.84
8451,247,83,2,15.0,2,192,19.67
8452,247,19,2,10.0,4,58,153.88
8453,247,17,2,6.0,4,227,198.42
8454,247,62,4,8.0,2,117,107.26
8455,247,58,6,3.0,1,28,86.84
8456,247,67,5,3.0,2,24,177.85
8457,247,119,3,7.0,1,9,399.96
8458,247,49,2,10.0,1,212,217.79
8459,248,99,5,14.0,1,130,21.99
8460,248,23,1,13.0,3,171,204.06
8461,248,43,6,15.0,1,151,40.97
8462,248,32,3,13.0,2,153,360.05
8463,248,97,4,7.0,1,148,99.11
8464,248,93,2,3.0,2,135,39.17
8465,248,17,6,3.0,1,250,198.42
8466,248,40,4,7.0,4,183,162.24
8467,248,83,4,5.0,2,106,19.67
8468,248,57,6,11.0,2,204,184.4
8469,248,98,5,7.0,1,56,89.1
8470,248,96,1,14.0,2,147,231.12
8471,248,92,3,6.0,1,202,69.54
8472,248,91,1,9.0,2,86,177.83
8473,248,23,2,6.0,2,247,204.06
8474,248,12,5,4.0,2,127,322.41
8475,248,55,2,4.0,2,130,268.55
8476,248,75,4,6.0,3,75,45.02
8477,248,73,5,11.0,2,119,352.8
8478,248,91,4,11.0,2,40,177.83
8479,248,102,2,,2,141,332.57
8480,248,16,1,2.0,2,191,359.33
8481,248,65,4,10.0,1,15,38.73
8482,248,41,1,6.0,1,151,77.7
8483,248,33,5,13.0,1,11,136.56
8484,248,51,4,12.0,2,201,384.39
8485,248,103,1,1.0,2,1,105.16
8486,248,81,3,8.0,2,231,45.14
8487,248,21,6,14.0,1,173,307.9
8488,248,38,6,7.0,3,109,323.38
8489,248,85,2,14.0,1,133,173.66
8490,248,6,3,2.0,1,151,342.42
8491,248,96,3,11.0,2,56,231.12
8492,248,33,2,4.0,3,84,136.56
8493,248,56,4,8.0,1,175,269.33
8494,248,57,2,12.0,2,202,184.4
8495,248,50,3,8.0,2,83,191.76
8496,248,86,1,,1,182,266.03
8497,248,57,5,1.0,2,121,184.4
8498,248,10,6,11.0,3,47,153.02
8499,248,4,4,11.0,3,148,118.68
8500,248,62,3,7.0,2,228,107.26
8501,248,53,5,14.0,2,172,99.99
8502,248,20,6,2.0,1,193,344.59
8503,248,38,2,7.0,4,129,323.38
8504,248,32,6,3.0,2,90,360.05
8505,248,50,5,3.0,2,227,191.76
8506,248,69,4,15.0,1,98,334.17
8507,248,41,6,,2,249,77.7
8508,249,64,2,4.0,1,168,254.43
8509,249,104,4,5.0,2,243,194.87
8510,249,96,6,2.0,2,47,231.12
8511,249,12,3,11.0,2,202,322.41
8512,249,85,4,4.0,2,28,173.66
8513,249,51,2,15.0,2,113,384.39
8514,249,90,3,10.0,1,223,85.65
8515,249,75,3,10.0,2,215,45.02
8516,249,114,4,1.0,1,16,392.33
8517,249,26,4,15.0,2,31,196.47
8518,249,7,3,7.0,2,67,255.0
8519,249,66,4,13.0,1,183,134.76
8520,249,8,3,9.0,2,28,268.73
8521,249,95,6,14.0,1,229,245.29
8522,249,112,6,12.0,2,162,89.33
8523,249,81,2,6.0,5,239,45.14
8524,249,119,6,13.0,1,206,399.96
8525,249,75,6,8.0,2,118,45.02
8526,249,8,3,9.0,2,152,268.73
8527,249,99,1,3.0,2,178,21.99
8528,249,78,4,10.0,2,239,386.82
8529,249,38,6,14.0,1,241,323.38
8530,249,7,6,4.0,2,56,255.0
8531,249,106,1,3.0,2,101,57.07
8532,249,25,4,7.0,2,6,381.49
8533,249,32,4,14.0,1,138,360.05
8534,249,47,4,12.0,1,35,279.24
8535,249,9,5,12.0,2,161,254.72
8536,249,9,6,13.0,2,106,254.72
8537,249,61,4,15.0,2,94,327.21
8538,249,77,2,12.0,1,95,11.42
8539,250,17,6,9.0,1,126,198.42
8540,250,112,4,13.0,2,171,89.33
8541,250,19,5,12.0,1,46,153.88
8542,250,29,2,3.0,2,140,264.58
8543,250,68,5,6.0,3,186,31.95
8544,250,45,5,5.0,3,125,193.58
8545,250,53,5,14.0,4,189,99.99
8546,250,53,3,6.0,2,9,99.99
8547,250,20,5,13.0,2,3,344.59
8548,250,16,5,12.0,3,176,359.33
8549,250,70,1,8.0,1,81,18.65
8550,250,40,3,12.0,1,174,162.24
8551,250,15,6,,1,136,100.16
8552,250,1,5,9.0,1,228,382.97
8553,250,54,4,13.0,2,248,263.63
8554,250,64,4,4.0,1,115,254.43
8555,250,99,6,7.0,2,97,21.99
8556,250,50,6,13.0,1,85,191.76
8557,250,29,2,8.0,1,114,264.58
8558,250,74,4,4.0,1,244,345.9
8559,250,115,2,14.0,2,239,265.87
8560,250,118,2,10.0,2,237,102.4
8561,250,1,2,5.0,1,53,382.97
8562,250,82,4,6.0,2,13,393.73
8563,250,22,1,1.0,1,82,182.58
8564,250,1,3,13.0,3,107,382.97
8565,250,62,6,3.0,1,153,107.26
8566,250,46,5,4.0,1,250,2.86
8567,250,49,1,13.0,4,190,217.79
8568,250,75,1,2.0,4,113,45.02
8569,250,63,6,7.0,2,94,114.14
8570,250,57,6,6.0,1,135,184.4
8571,250,39,5,11.0,2,175,170.58
8572,251,15,2,11.0,1,157,100.16
8573,251,10060,3,13.0,2,186,393.57
8574,251,50,1,4.0,2,217,191.76
8575,251,24,3,8.0,2,123,204.05
8576,251,31,4,2.0,2,37,276.57
8577,251,36,5,6.0,1,99,112.83
8578,251,10,5,9.0,3,194,153.02
8579,251,67,4,8.0,2,152,177.85
8580,251,69,2,3.0,3,209,334.17
8581,251,82,1,6.0,2,151,393.73
8582,251,37,3,8.0,1,59,374.33
8583,251,71,3,6.0,1,187,273.46
8584,251,74,2,15.0,2,48,345.9
8585,251,17,6,8.0,1,27,198.42
8586,251,25,5,15.0,5,234,381.49
8587,251,98,4,4.0,1,96,89.1
8588,251,25,6,8.0,3,81,381.49
8589,251,106,5,1.0,4,147,57.07
8590,251,104,2,12.0,1,181,194.87
8591,251,52,1,9.0,1,126,29.05
8592,251,42,6,11.0,2,221,186.13
8593,251,100,6,4.0,2,120,320.96
8594,251,55,2,15.0,3,121,268.55
8595,251,75,6,12.0,2,64,45.02
8596,251,109,4,10.0,3,128,378.53
8597,251,64,5,15.0,2,86,254.43
8598,251,102,1,5.0,4,72,332.57
8599,251,85,1,3.0,5,154,173.66
8600,252,10096,5,12.0,1,249,231.12
8601,252,4,6,15.0,2,114,118.68
8602,252,91,2,3.0,2,104,177.83
8603,252,58,5,5.0,1,99,86.84
8604,252,43,5,2.0,1,189,40.97
8605,252,64,1,8.0,1,82,254.43
8606,252,71,6,8.0,1,43,273.46
8607,252,82,3,12.0,1,226,393.73
8608,252,109,5,1.0,2,130,378.53
8609,252,39,1,12.0,2,81,170.58
8610,252,89,5,6.0,2,51,228.5
8611,252,44,5,3.0,2,112,370.69
8612,252,112,5,1.0,2,197,89.33
8613,252,90,1,13.0,2,49,85.65
8614,252,53,5,3.0,3,17,99.99
8615,252,69,1,9.0,2,63,334.17
8616,252,101,1,3.0,2,124,380.12
8617,252,67,3,10.0,3,225,177.85
8618,252,99,2,12.0,2,147,21.99
8619,252,11,2,8.0,1,62,274.48
8620,252,114,4,10.0,1,10,392.33
8621,252,68,3,1.0,2,105,31.95
8622,252,88,5,14.0,2,109,52.66
8623,252,98,5,7.0,2,114,89.1
8624,252,69,4,11.0,1,106,334.17
8625,252,52,4,15.0,1,90,29.05
8626,252,58,2,13.0,2,203,86.84
8627,252,13,1,12.0,1,194,350.79
8628,252,114,4,11.0,2,34,392.33
8629,252,2,3,,1,85,144.87
8630,252,103,6,10.0,2,189,105.16
8631,252,9,1,15.0,2,82,254.72
8632,252,68,4,6.0,2,125,31.95
8633,252,97,3,11.0,2,39,99.11
8634,252,3,2,2.0,1,5,184.85
8635,252,11,3,8.0,2,189,274.48
8636,252,98,3,2.0,4,104,89.1
8637,252,67,6,13.0,1,175,177.85
8638,252,12,3,11.0,2,98,322.41
8639,252,12,2,1.0,4,181,322.41
8640,252,85,6,1.0,1,11,173.66
8641,252,40,3,1.0,3,243,162.24
8642,252,76,2,8.0,2,6,327.0
8643,252,115,5,1.0,1,238,265.87
8644,253,80,2,11.0,2,90,351.06
8645,253,110,6,1.0,2,236,4.35
8646,253,101,6,9.0,2,56,380.12
8647,253,63,2,5.0,1,93,114.14
8648,253,66,6,1.0,1,135,134.76
8649,253,31,3,13.0,2,198,276.57
8650,253,83,6,5.0,1,166,19.67
8651,253,101,5,12.0,2,105,380.12
8652,253,32,6,13.0,1,11,360.05
8653,253,34,3,15.0,2,243,4.86
8654,253,3,3,14.0,2,231,184.85
8655,253,112,5,7.0,2,127,89.33
8656,253,108,3,1.0,2,176,167.48
8657,253,15,6,10.0,2,149,100.16
8658,253,58,2,14.0,2,4,86.84
8659,253,65,1,7.0,4,246,38.73
8660,253,72,1,1.0,2,59,389.59
8661,253,70,3,2.0,3,174,18.65
8662,253,13,3,7.0,1,65,350.79
8663,253,119,4,3.0,1,95,399.96
8664,253,15,2,4.0,1,108,100.16
8665,253,57,4,8.0,1,102,184.4
8666,253,111,2,15.0,1,150,299.51
8667,253,64,6,5.0,1,126,254.43
8668,253,5,5,10.0,1,166,282.42
8669,253,101,4,15.0,2,60,380.12
8670,253,12,3,2.0,2,239,322.41
8671,253,115,3,14.0,1,22,265.87
8672,253,117,3,15.0,1,107,132.08
8673,253,109,3,2.0,1,95,378.53
8674,254,34,3,11.0,1,169,4.86
8675,254,82,2,13.0,2,107,393.73
8676,254,37,6,5.0,2,23,374.33
8677,254,108,5,2.0,2,214,167.48
8678,254,94,4,5.0,1,153,323.01
8679,254,107,4,10.0,2,49,87.15
8680,254,104,2,10.0,2,101,194.87
8681,254,95,2,3.0,4,210,245.29
8682,254,54,1,8.0,2,73,263.63
8683,254,16,3,14.0,2,196,359.33
8684,254,1,2,2.0,3,49,382.97
8685,254,37,2,6.0,1,99,374.33
8686,254,26,2,7.0,1,185,196.47
8687,254,12,2,2.0,1,221,322.41
8688,254,45,1,10.0,2,171,193.58
8689,254,120,2,11.0,1,93,18.02
8690,254,111,4,6.0,2,103,299.51
8691,254,65,6,15.0,3,71,38.73
8692,254,68,2,8.0,2,41,31.95
8693,254,20,4,5.0,2,9,344.59
8694,254,24,6,8.0,2,136,204.05
8695,254,94,2,8.0,4,41,323.01
8696,254,32,2,3.0,2,115,360.05
8697,254,93,4,7.0,1,226,39.17
8698,254,117,5,14.0,2,32,132.08
8699,254,109,3,9.0,2,249,378.53
8700,254,91,4,10.0,1,176,177.83
8701,254,74,3,10.0,1,50,345.9
8702,254,26,4,11.0,2,227,196.47
8703,255,97,4,5.0,2,182,99.11
8704,255,10118,1,6.0,2,59,102.4
8705,255,55,4,4.0,1,196,268.55
8706,255,25,1,15.0,1,183,381.49
8707,255,27,1,10.0,2,4,25.05
8708,255,39,1,9.0,1,175,170.58
8709,255,25,2,6.0,2,204,381.49
8710,255,10096,6,1.0,4,27,231.12
8711,255,36,5,3.0,1,64,112.83
8712,255,69,1,14.0,1,153,334.17
8713,255,68,6,10.0,1,165,31.95
8714,256,10060,2,6.0,3,71,393.57
8715,256,86,2,9.0,2,233,266.03
8716,256,63,2,2.0,1,221,114.14
8717,256,103,1,,1,97,105.16
8718,256,2,5,3.0,2,61,144.87
8719,256,46,1,1.0,2,244,2.86
8720,256,117,6,3.0,1,80,132.08
8721,256,64,5,3.0,3,38,254.43
8722,256,10060,3,13.0,4,141,393.57
8723,256,19,4,2.0,5,242,153.88
8724,256,32,3,7.0,2,33,360.05
8725,256,68,3,,1,83,31.95
8726,256,109,5,8.0,3,237,378.53
8727,256,51,2,15.0,2,135,384.39
8728,256,73,5,6.0,1,48,352.8
8729,256,55,5,15.0,3,96,268.55
8730,256,69,2,2.0,1,196,334.17
8731,256,120,6,2.0,1,75,18.02
8732,256,10060,2,4.0,1,14,393.57
8733,256,59,1,13.0,2,51,149.07
8734,256,25,5,,2,229,381.49
8735,256,4,1,13.0,4,190,118.68
8736,256,23,4,8.0,2,2,204.06
8737,256,84,3,9.0,2,212,288.33
8738,256,84,4,12.0,1,137,288.33
8739,256,79,2,3.0,2,119,272.45
8740,256,16,3,3.0,1,153,359.33
8741,256,27,2,8.0,2,172,25.05
8742,256,10118,3,2.0,2,76,102.4
8743,256,110,6,11.0,2,244,4.35
8744,256,38,4,6.0,2,75,323.38
8745,256,11,5,13.0,1,80,274.48
8746,256,35,4,1.0,1,122,362.36
8747,256,107,5,5.0,2,193,87.15
8748,256,52,4,14.0,1,134,29.05
8749,257,82,6,1.0,1,72,393.73
8750,257,44,5,8.0,2,93,370.69
8751,257,112,6,8.0,1,249,89.33
8752,257,75,1,2.0,1,114,45.02
8753,257,13,6,13.0,2,59,350.79
8754,257,76,6,5.0,2,50,327.0
8755,257,15,3,10.0,1,108,100.16
8756,257,15,1,7.0,1,8,100.16
8757,257,80,6,15.0,1,236,351.06
8758,257,24,1,7.0,1,43,204.05
8759,257,104,4,10.0,5,54,194.87
8760,257,50,6,13.0,1,99,191.76
8761,257,120,2,7.0,1,25,18.02
8762,257,116,5,4.0,1,27,74.33
8763,257,61,1,2.0,1,155,327.21
8764,257,38,3,12.0,2,65,323.38
8765,257,98,1,11.0,1,147,89.1
8766,257,71,1,12.0,1,3,273.46
8767,257,107,3,8.0,1,205,87.15
8768,257,82,3,7.0,2,58,393.73
8769,257,48,1,7.0,1,62,77.58
8770,257,34,1,1.0,1,39,4.86
8771,257,104,5,7.0,2,123,194.87
8772,257,7,4,12.0,5,109,255.0
8773,257,38,5,4.0,1,94,323.38
8774,257,57,4,11.0,3,78,184.4
8775,257,48,4,6.0,2,50,77.58
8776,257,92,4,10.0,1,239,69.54
8777,257,107,4,11.0,2,197,87.15
8778,257,51,1,8.0,1,242,384.39
8779,257,80,6,15.0,3,135,351.06
8780,257,92,1,12.0,2,142,69.54
8781,257,13,4,6.0,3,222,350.79
8782,257,12,1,12.0,4,68,322.41
8783,257,38,6,5.0,1,94,323.38
8784,258,10118,4,2.0,3,235,102.4
8785,258,27,4,12.0,2,121,25.05
8786,258,114,6,10.0,3,229,392.33
8787,258,88,4,6.0,3,80,52.66
8788,258,41,6,6.0,3,122,77.7
8789,258,1,2,15.0,2,32,382.97
8790,258,102,1,7.0,2,227,332.57
8791,258,60,1,4.0,3,167,393.57
8792,258,15,1,8.0,3,55,100.16
8793,258,110,1,9.0,2,162,4.35
8794,258,12,4,4.0,2,247,322.41
8795,258,76,4,14.0,1,109,327.0
8796,258,4,1,11.0,1,199,118.68
8797,258,120,6,5.0,3,220,18.02
8798,258,52,6,15.0,1,224,29.05
8799,258,105,2,2.0,1,32,115.72
8800,258,36,2,12.0,1,45,112.83
8801,258,85,6,2.0,1,215,173.66
8802,258,113,4,5.0,1,169,268.21
8803,258,56,2,13.0,1,136,269.33
8804,258,30,1,15.0,1,226,349.23
8805,258,96,1,7.0,1,236,231.12
8806,258,52,1,13.0,2,244,29.05
8807,258,104,3,12.0,4,87,194.87
8808,258,31,3,7.0,2,101,276.57
8809,258,9,4,5.0,1,84,254.72
8810,258,119,2,7.0,1,193,399.96
8811,258,75,3,,3,9,45.02
8812,258,83,3,12.0,2,226,19.67
8813,258,119,6,4.0,1,165,399.96
8814,258,83,4,13.0,2,62,19.67
8815,258,97,6,,2,128,99.11
8816,258,109,6,8.0,2,138,378.53
8817,258,107,6,8.0,1,192,87.15
8818,258,15,5,9.0,1,59,100.16
8819,258,36,1,6.0,5,163,112.83
8820,258,36,6,5.0,3,215,112.83
8821,258,31,3,6.0,2,168,276.57
8822,258,110,5,7.0,2,195,4.35
8823,258,5,1,9.0,2,198,282.42
8824,258,108,3,2.0,1,171,167.48
8825,258,90,4,6.0,2,13,85.65
8826,258,1,5,1.0,1,22,382.97
8827,258,15,5,7.0,3,143,100.16
8828,258,58,3,12.0,2,159,86.84
8829,258,73,1,13.0,1,169,352.8
8830,258,5,5,15.0,4,147,282.42
8831,258,9,5,12.0,1,40,254.72
8832,258,65,1,4.0,1,190,38.73
8833,258,78,6,5.0,3,20,386.82
8834,259,45,3,,1,177,193.58
8835,259,119,6,13.0,2,98,399.96
8836,259,63,5,15.0,1,157,114.14
8837,259,69,6,1.0,1,101,334.17
8838,259,26,1,3.0,2,246,196.47
8839,259,16,4,6.0,2,155,359.33
8840,259,71,2,15.0,1,42,273.46
8841,259,10060,1,7.0,1,125,393.57
8842,259,45,1,12.0,2,214,193.58
8843,259,109,3,15.0,1,110,378.53
8844,259,23,6,2.0,1,246,204.06
8845,259,12,2,3.0,4,128,322.41
8846,259,64,2,6.0,2,167,254.43
8847,259,90,4,3.0,2,233,85.65
8848,259,87,3,1.0,2,156,267.42
8849,259,5,4,15.0,1,124,282.42
8850,259,48,6,2.0,1,159,77.58
8851,259,37,2,14.0,2,170,374.33
8852,259,73,2,14.0,1,204,352.8
8853,259,10055,6,1.0,1,222,268.55
8854,259,47,3,12.0,2,176,279.24
8855,259,64,5,12.0,2,156,254.43
8856,259,38,6,8.0,1,54,323.38
8857,259,45,4,9.0,2,185,193.58
8858,260,55,6,2.0,2,33,268.55
8859,260,11,2,2.0,2,169,274.48
8860,260,10,2,1.0,3,28,153.02
8861,260,43,2,13.0,1,174,40.97
8862,260,112,3,10.0,1,72,89.33
8863,260,107,3,15.0,4,27,87.15
8864,260,18,6,4.0,1,220,65.67
8865,260,5,5,4.0,1,135,282.42
8866,260,114,6,8.0,2,16,392.33
8867,260,97,6,4.0,4,150,99.11
8868,260,14,2,9.0,2,250,354.1
8869,260,113,4,4.0,1,123,268.21
8870,260,16,2,2.0,2,109,359.33
8871,260,95,5,7.0,2,167,245.29
8872,260,1,5,10.0,1,54,382.97
8873,260,48,1,2.0,1,237,77.58
8874,260,70,3,10.0,1,140,18.65
8875,260,99,2,4.0,2,114,21.99
8876,260,84,4,13.0,2,60,288.33
8877,260,13,2,8.0,2,16,350.79
8878,260,74,3,5.0,2,216,345.9
8879,260,40,1,8.0,1,226,162.24
8880,260,2,3,15.0,5,92,144.87
8881,260,10096,5,14.0,1,53,231.12
8882,260,71,6,2.0,3,200,273.46
8883,260,86,5,10.0,2,167,266.03
8884,260,67,3,15.0,2,35,177.85
8885,260,69,3,10.0,2,250,334.17
8886,260,22,3,12.0,2,91,182.58
8887,260,9,3,5.0,1,26,254.72
8888,260,109,2,1.0,1,115,378.53
8889,260,49,4,15.0,2,127,217.79
8890,260,114,6,4.0,1,196,392.33
8891,260,12,1,2.0,3,184,322.41
8892,260,12,1,10.0,1,86,322.41
8893,260,29,1,8.0,1,53,264.58
8894,260,108,2,1.0,2,59,167.48
8895,260,80,1,1.0,2,199,351.06
8896,260,63,5,4.0,4,8,114.14
8897,260,104,5,15.0,1,14,194.87
8898,261,67,2,3.0,3,207,177.85
8899,261,24,3,12.0,1,77,204.05
8900,261,56,5,8.0,1,63,269.33
8901,261,113,3,7.0,1,242,268.21
8902,261,18,5,1.0,1,86,65.67
8903,261,29,4,8.0,2,160,264.58
8904,261,17,1,3.0,2,233,198.42
8905,261,94,1,8.0,3,141,323.01
8906,261,78,1,6.0,2,179,386.82
8907,261,42,1,9.0,4,26,186.13
8908,261,97,4,13.0,2,241,99.11
8909,261,34,3,6.0,4,244,4.86
8910,261,96,6,13.0,2,21,231.12
8911,261,58,3,3.0,2,9,86.84
8912,261,34,1,11.0,4,93,4.86
8913,261,115,3,11.0,3,84,265.87
8914,261,103,3,,1,202,105.16
8915,261,15,6,8.0,1,205,100.16
8916,261,95,5,1.0,1,237,245.29
8917,261,10,2,14.0,5,161,153.02
8918,261,112,1,11.0,1,138,89.33
8919,261,81,4,,1,19,45.14
8920,261,101,3,6.0,2,80,380.12
8921,261,1,1,,2,228,382.97
8922,261,3,3,5.0,1,218,184.85
8923,261,80,4,13.0,1,55,351.06
8924,261,10118,5,6.0,1,44,102.4
8925,261,3,3,9.0,1,149,184.85
8926,261,111,3,3.0,2,81,299.51
8927,261,8,1,9.0,1,11,268.73
8928,261,78,3,2.0,2,130,386.82
8929,261,86,1,7.0,1,91,266.03
8930,261,85,3,11.0,1,31,173.66
8931,261,43,5,,1,62,40.97
8932,261,10096,1,14.0,1,238,231.12
8933,261,100,4,11.0,3,111,320.96
8934,261,62,4,12.0,2,170,107.26
8935,261,25,1,12.0,1,247,381.49
8936,261,100,2,2.0,3,150,320.96
8937,261,61,1,5.0,2,247,327.21
8938,262,53,5,5.0,1,72,99.99
8939,262,54,3,11.0,1,130,263.63
8940,262,98,2,5.0,2,22,89.1
8941,262,70,2,15.0,4,198,18.65
8942,262,12,2,11.0,1,33,322.41
8943,262,96,6,13.0,1,127,231.12
8944,262,77,6,10.0,4,118,11.42
8945,262,42,5,14.0,2,69,186.13
8946,262,39,5,10.0,3,79,170.58
8947,262,1,5,7.0,1,87,382.97
8948,262,111,5,7.0,3,61,299.51
8949,262,102,5,12.0,3,75,332.57
8950,262,108,5,1.0,2,165,167.48
8951,262,97,2,11.0,4,164,99.11
8952,262,62,4,14.0,2,147,107.26
8953,262,27,4,6.0,2,64,25.05
8954,262,19,3,2.0,1,219,153.88
8955,262,16,4,9.0,2,147,359.33
8956,262,57,4,7.0,1,109,184.4
8957,262,52,1,2.0,2,151,29.05
8958,262,25,3,14.0,1,65,381.49
8959,262,74,6,4.0,1,29,345.9
8960,262,111,5,15.0,1,217,299.51
8961,262,102,3,14.0,1,115,332.57
8962,262,15,1,14.0,1,168,100.16
8963,262,101,2,12.0,1,152,380.12
8964,262,106,4,11.0,2,78,57.07
8965,262,101,4,8.0,3,235,380.12
8966,262,15,3,,2,207,100.16
8967,262,109,4,1.0,2,35,378.53
8968,262,10055,6,,4,22,268.55
8969,263,37,1,13.0,1,159,374.33
8970,263,113,5,13.0,2,83,268.21
8971,263,50,6,5.0,1,244,191.76
8972,263,120,6,6.0,3,87,18.02
8973,263,91,6,7.0,2,242,177.83
8974,263,97,6,4.0,2,212,99.11
8975,263,35,2,,1,232,362.36
8976,263,4,5,4.0,5,200,118.68
8977,263,58,2,12.0,1,121,86.84
8978,263,81,6,3.0,1,122,45.14
8979,263,42,6,9.0,1,128,186.13
8980,263,92,5,5.0,1,216,69.54
8981,263,21,6,7.0,4,210,307.9
8982,263,31,4,13.0,1,157,276.57
8983,263,101,6,8.0,2,112,380.12
8984,263,40,3,11.0,2,232,162.24
8985,263,10118,3,6.0,2,12,102.4
8986,263,62,5,13.0,1,27,107.26
8987,263,29,4,13.0,1,120,264.58
8988,263,33,2,2.0,2,108,136.56
8989,263,73,1,7.0,5,50,352.8
8990,264,55,5,14.0,4,215,268.55
8991,264,103,2,3.0,2,89,105.16
8992,264,50,5,7.0,1,157,191.76
8993,264,8,4,3.0,2,54,268.73
8994,264,86,1,,1,17,266.03
8995,264,97,6,12.0,1,149,99.11
8996,264,27,4,3.0,1,213,25.05
8997,264,74,6,13.0,5,72,345.9
8998,264,13,5,,2,179,350.79
8999,264,74,6,10.0,1,157,345.9
9000,264,83,6,14.0,1,77,19.67
9001,264,34,1,2.0,1,139,4.86
9002,264,60,5,5.0,1,112,393.57
9003,264,76,3,2.0,3,168,327.0
9004,264,104,2,10.0,1,209,194.87
9005,264,8,3,7.0,3,111,268.73
9006,264,83,5,4.0,2,147,19.67
9007,264,38,2,4.0,4,185,323.38
9008,264,113,6,5.0,2,227,268.21
9009,264,65,3,8.0,1,185,38.73
9010,264,40,6,13.0,2,84,162.24
9011,264,32,1,12.0,1,46,360.05
9012,264,61,2,2.0,3,117,327.21
9013,264,105,1,6.0,2,12,115.72
9014,264,43,3,7.0,4,114,40.97
9015,264,19,3,11.0,2,163,153.88
9016,264,100,6,12.0,1,120,320.96
9017,264,10060,5,13.0,1,182,393.57
9018,264,114,2,15.0,2,171,392.33
9019,264,107,3,2.0,2,206,87.15
9020,264,68,4,9.0,1,125,31.95
9021,264,64,5,10.0,2,22,254.43
9022,264,3,4,14.0,1,220,184.85
9023,264,77,4,13.0,2,98,11.42
9024,264,107,6,12.0,1,82,87.15
9025,264,10,6,3.0,2,5,153.02
9026,264,34,1,1.0,1,118,4.86
9027,264,73,1,13.0,2,206,352.8
9028,264,101,6,1.0,1,238,380.12
9029,264,47,4,2.0,1,75,279.24
9030,264,29,3,2.0,2,150,264.58
9031,264,27,1,1.0,1,226,25.05
9032,264,42,5,7.0,1,114,186.13
9033,264,10060,1,8.0,2,15,393.57
9034,264,93,6,11.0,2,178,39.17
9035,264,73,2,8.0,2,93,352.8
9036,264,4,4,1.0,1,48,118.68
9037,264,91,6,14.0,4,250,177.83
9038,264,59,2,10.0,1,124,149.07
9039,264,85,1,15.0,2,224,173.66
9040,265,73,2,2.0,4,212,352.8
9041,265,71,5,15.0,2,222,273.46
9042,265,93,6,1.0,1,1,39.17
9043,265,27,5,5.0,1,217,25.05
9044,265,55,4,15.0,2,167,268.55
9045,265,11,3,9.0,1,185,274.48
9046,265,36,4,14.0,1,143,112.83
9047,265,4,1,6.0,2,14,118.68
9048,265,41,6,2.0,1,182,77.7
9049,265,10096,3,15.0,1,229,231.12
9050,265,105,6,14.0,4,247,115.72
9051,265,52,5,13.0,1,228,29.05
9052,265,36,4,10.0,2,112,112.83
9053,265,109,3,9.0,1,216,378.53
9054,265,49,2,6.0,3,3,217.79
9055,265,22,2,14.0,2,67,182.58
9056,265,50,5,11.0,2,192,191.76
9057,265,54,1,13.0,2,126,263.63
9058,265,34,1,3.0,1,128,4.86
9059,265,14,1,9.0,2,212,354.1
9060,265,49,1,9.0,2,6,217.79
9061,265,73,4,14.0,4,85,352.8
9062,265,63,1,7.0,1,126,114.14
9063,265,49,3,5.0,2,70,217.79
9064,265,12,3,5.0,2,192,322.41
9065,265,119,3,12.0,1,104,399.96
9066,265,81,1,1.0,2,180,45.14
9067,265,6,1,2.0,1,59,342.42
9068,265,66,6,13.0,1,226,134.76
9069,265,66,3,8.0,1,12,134.76
9070,265,33,1,10.0,1,171,136.56
9071,265,38,2,15.0,2,2,323.38
9072,265,49,6,8.0,1,168,217.79
9073,265,55,5,5.0,1,57,268.55
9074,265,74,4,15.0,1,58,345.9
9075,265,84,4,12.0,2,27,288.33
9076,265,41,3,8.0,2,201,77.7
9077,265,5,1,7.0,1,4,282.42
9078,265,107,4,2.0,1,182,87.15
9079,265,113,1,,2,115,268.21
9080,265,71,3,5.0,3,250,273.46
9081,265,59,4,11.0,1,110,149.07
9082,265,62,1,8.0,3,34,107.26
9083,265,78,6,14.0,2,46,386.82
9084,265,30,3,2.0,2,67,349.23
9085,265,10055,6,3.0,1,29,268.55
9086,266,58,2,10.0,1,125,86.84
9087,266,26,4,8.0,2,234,196.47
9088,266,101,6,9.0,4,174,380.12
9089,266,22,6,6.0,2,152,182.58
9090,266,35,3,11.0,2,225,362.36
9091,266,76,6,14.0,2,139,327.0
9092,266,23,6,6.0,1,194,204.06
9093,266,17,1,7.0,1,25,198.42
9094,266,111,5,3.0,2,92,299.51
9095,266,85,1,14.0,2,104,173.66
9096,266,22,6,11.0,3,102,182.58
9097,266,59,1,6.0,2,238,149.07
9098,266,46,5,2.0,1,101,2.86
9099,266,49,1,7.0,1,39,217.79
9100,266,52,3,7.0,5,237,29.05
9101,266,25,4,1.0,3,34,381.49
9102,266,32,4,4.0,2,238,360.05
9103,266,8,5,6.0,1,224,268.73
9104,266,6,5,15.0,1,6,342.42
9105,266,35,1,9.0,1,205,362.36
9106,266,105,2,15.0,4,167,115.72
9107,266,64,1,9.0,3,235,254.43
9108,266,114,3,13.0,1,15,392.33
9109,266,82,1,6.0,5,139,393.73
9110,266,37,2,13.0,1,208,374.33
9111,266,30,1,5.0,2,111,349.23
9112,266,90,3,12.0,1,107,85.65
9113,266,69,5,11.0,1,128,334.17
9114,266,50,3,14.0,3,175,191.76
9115,266,48,5,5.0,1,73,77.58
9116,266,79,1,6.0,2,192,272.45
9117,266,32,1,1.0,2,33,360.05
9118,266,68,5,,2,218,31.95
9119,266,34,3,4.0,2,2,4.86
9120,266,99,1,11.0,2,204,21.99
9121,267,70,3,6.0,3,77,18.65
9122,267,116,5,1.0,2,139,74.33
9123,267,63,3,,1,41,114.14
9124,267,65,3,8.0,2,42,38.73
9125,267,29,2,,1,178,264.58
9126,267,69,3,14.0,1,95,334.17
9127,267,15,2,5.0,3,120,100.16
9128,267,103,4,8.0,1,173,105.16
9129,267,100,3,,2,93,320.96
9130,267,111,5,2.0,1,225,299.51
9131,267,35,1,6.0,2,192,362.36
9132,267,38,1,12.0,1,240,323.38
9133,267,64,3,1.0,2,71,254.43
9134,267,48,1,10.0,2,155,77.58
9135,267,28,2,3.0,3,122,195.42
9136,267,80,2,7.0,1,144,351.06
9137,267,118,5,4.0,2,131,102.4
9138,267,79,2,15.0,2,39,272.45
9139,267,23,2,7.0,2,14,204.06
9140,267,26,4,8.0,1,21,196.47
9141,267,107,1,4.0,1,157,87.15
9142,267,79,1,6.0,2,138,272.45
9143,267,9,5,7.0,5,100,254.72
9144,267,112,2,4.0,2,248,89.33
9145,267,87,6,11.0,1,79,267.42
9146,267,10118,3,10.0,3,250,102.4
9147,267,48,4,2.0,2,95,77.58
9148,267,70,5,2.0,1,235,18.65
9149,267,90,2,15.0,1,28,85.65
9150,267,80,5,15.0,2,106,351.06
9151,267,31,6,3.0,2,51,276.57
9152,267,20,2,4.0,1,178,344.59
9153,267,81,2,10.0,2,99,45.14
9154,267,19,3,,1,186,153.88
9155,267,20,4,,2,2,344.59
9156,267,40,2,9.0,1,235,162.24
9157,267,49,4,8.0,1,11,217.79
9158,267,84,2,12.0,2,42,288.33
9159,267,62,6,7.0,2,244,107.26
9160,267,53,5,,1,53,99.99
9161,267,63,2,14.0,4,143,114.14
9162,267,10118,2,15.0,2,219,102.4
9163,267,59,1,13.0,1,149,149.07
9164,267,38,4,11.0,2,176,323.38
9165,267,13,5,7.0,2,36,350.79
9166,267,73,5,15.0,1,204,352.8
9167,267,116,4,7.0,2,118,74.33
9168,267,88,2,11.0,2,18,52.66
9169,267,70,5,1.0,3,97,18.65
9170,268,116,4,9.0,2,175,74.33
9171,268,9,2,1.0,3,80,254.72
9172,268,21,3,11.0,2,69,307.9
9173,268,65,1,13.0,1,20,38.73
9174,268,77,2,5.0,2,26,11.42
9175,268,79,4,8.0,2,3,272.45
9176,268,6,5,4.0,1,68,342.42
9177,268,1,5,14.0,2,89,382.97
9178,268,34,3,8.0,3,142,4.86
9179,268,10096,3,9.0,2,64,231.12
9180,268,54,3,15.0,1,178,263.63
9181,268,95,6,1.0,2,47,245.29
9182,268,9,6,12.0,1,8,254.72
9183,268,55,6,5.0,1,15,268.55
9184,268,82,5,8.0,1,163,393.73
9185,268,29,6,,2,128,264.58
9186,268,2,6,9.0,2,45,144.87
9187,268,83,3,14.0,3,62,19.67
9188,268,17,4,14.0,1,135,198.42
9189,268,3,3,2.0,2,86,184.85
9190,268,41,4,11.0,2,26,77.7
9191,268,94,4,2.0,1,73,323.01
9192,268,16,4,7.0,2,36,359.33
9193,268,77,5,12.0,1,65,11.42
9194,268,107,1,9.0,1,41,87.15
9195,268,93,1,14.0,1,158,39.17
9196,268,56,2,,2,80,269.33
9197,268,118,4,12.0,2,235,102.4
9198,268,115,1,6.0,1,114,265.87
9199,268,53,4,10.0,1,158,99.99
9200,268,66,6,7.0,2,88,134.76
9201,268,41,3,5.0,2,39,77.7
9202,268,72,4,3.0,1,157,389.59
9203,268,78,1,3.0,1,35,386.82
9204,268,54,4,1.0,5,111,263.63
9205,268,13,3,5.0,2,27,350.79
9206,268,21,4,15.0,1,60,307.9
9207,268,86,5,4.0,2,158,266.03
9208,268,26,5,10.0,1,135,196.47
9209,269,33,4,12.0,2,108,136.56
9210,269,53,4,1.0,1,59,99.99
9211,269,48,4,9.0,1,14,77.58
9212,269,40,2,15.0,2,21,162.24
9213,269,107,5,3.0,2,124,87.15
9214,269,47,1,1.0,1,14,279.24
9215,269,20,4,5.0,2,219,344.59
9216,269,106,1,7.0,1,20,57.07
9217,269,101,1,14.0,1,22,380.12
9218,269,77,1,6.0,1,214,11.42
9219,269,112,3,5.0,2,240,89.33
9220,269,5,1,15.0,2,133,282.42
9221,269,110,4,12.0,3,223,4.35
9222,269,39,6,13.0,2,211,170.58
9223,269,83,3,12.0,1,34,19.67
9224,269,87,5,15.0,1,229,267.42
9225,269,120,2,13.0,2,246,18.02
9226,269,14,4,6.0,1,211,354.1
9227,269,52,5,1.0,2,192,29.05
9228,269,81,5,7.0,1,193,45.14
9229,269,111,1,2.0,3,55,299.51
9230,269,33,1,6.0,2,9,136.56
9231,269,53,3,8.0,4,108,99.99
9232,269,33,2,10.0,3,166,136.56
9233,269,86,4,15.0,1,111,266.03
9234,269,118,3,6.0,2,250,102.4
9235,269,64,4,5.0,1,21,254.43
9236,269,53,1,6.0,1,180,99.99
9237,269,46,2,15.0,2,245,2.86
9238,269,93,4,10.0,2,164,39.17
9239,269,64,3,12.0,3,48,254.43
9240,270,93,1,15.0,1,83,39.17
9241,270,102,5,14.0,1,235,332.57
9242,270,30,1,2.0,1,103,349.23
9243,270,36,6,15.0,3,169,112.83
9244,270,10118,2,8.0,1,118,102.4
9245,270,38,6,4.0,2,59,323.38
9246,270,19,5,6.0,2,174,153.88
9247,270,55,4,12.0,2,73,268.55
9248,270,7,3,15.0,3,121,255.0
9249,270,17,3,13.0,4,101,198.42
9250,270,117,5,13.0,2,223,132.08
9251,270,104,5,13.0,2,76,194.87
9252,270,102,1,11.0,1,230,332.57
9253,270,112,1,,2,153,89.33
9254,270,72,3,3.0,2,158,389.59
9255,270,75,5,7.0,2,163,45.02
9256,270,16,2,7.0,1,92,359.33
9257,270,10060,5,13.0,2,13,393.57
9258,270,111,2,10.0,4,19,299.51
9259,270,83,3,10.0,1,146,19.67
9260,270,99,5,4.0,1,68,21.99
9261,270,45,4,2.0,2,167,193.58
9262,270,99,2,15.0,1,68,21.99
9263,270,92,4,9.0,1,198,69.54
9264,270,110,6,12.0,1,62,4.35
9265,270,79,6,6.0,2,239,272.45
9266,270,96,6,14.0,1,84,231.12
9267,270,96,4,12.0,2,187,231.12
9268,270,20,5,11.0,2,26,344.59
9269,270,24,4,3.0,2,25,204.05
9270,270,66,1,5.0,4,197,134.76
9271,270,71,5,13.0,2,119,273.46
9272,270,59,1,6.0,2,220,149.07
9273,270,4,5,11.0,1,185,118.68
9274,270,52,2,4.0,1,48,29.05
9275,270,23,3,14.0,1,196,204.06
9276,270,26,2,8.0,3,40,196.47
9277,271,7,3,1.0,2,124,255.0
9278,271,102,6,4.0,2,113,332.57
9279,271,67,4,6.0,2,42,177.85
9280,271,84,2,10.0,2,112,288.33
9281,271,25,4,2.0,2,208,381.49
9282,271,47,3,14.0,2,174,279.24
9283,271,70,6,9.0,2,235,18.65
9284,271,92,5,3.0,1,103,69.54
9285,271,96,5,,2,108,231.12
9286,271,46,1,12.0,2,148,2.86
9287,271,62,3,13.0,1,140,107.26
9288,271,64,1,6.0,2,189,254.43
9289,271,10118,2,11.0,1,115,102.4
9290,271,100,2,11.0,2,55,320.96
9291,271,105,4,7.0,2,226,115.72
9292,271,107,4,14.0,1,119,87.15
9293,271,81,1,13.0,1,6,45.14
9294,271,101,1,9.0,2,109,380.12
9295,271,79,5,14.0,1,211,272.45
9296,271,118,4,1.0,2,90,102.4
9297,271,17,3,15.0,1,167,198.42
9298,271,84,4,10.0,1,180,288.33
9299,271,116,2,14.0,1,230,74.33
9300,271,77,2,9.0,1,120,11.42
9301,271,117,6,14.0,2,237,132.08
9302,271,37,6,7.0,4,199,374.33
9303,271,51,5,8.0,1,82,384.39
9304,271,10,6,3.0,1,172,153.02
9305,271,102,2,3.0,1,220,332.57
9306,271,57,3,4.0,2,188,184.4
9307,271,111,6,11.0,1,156,299.51
9308,271,101,1,10.0,1,97,380.12
9309,271,41,6,13.0,2,196,77.7
9310,271,23,6,4.0,2,142,204.06
9311,271,10118,5,12.0,1,213,102.4
9312,271,64,4,2.0,1,217,254.43
9313,271,110,2,7.0,1,136,4.35
9314,271,83,4,11.0,1,29,19.67
9315,271,20,3,15.0,3,31,344.59
9316,271,10096,2,9.0,2,112,231.12
9317,271,3,4,2.0,2,71,184.85
9318,271,95,3,15.0,1,20,245.29
9319,271,104,4,11.0,2,97,194.87
9320,271,10118,1,1.0,2,184,102.4
9321,271,35,1,1.0,1,48,362.36
9322,271,48,3,12.0,1,78,77.58
9323,271,54,6,14.0,2,238,263.63
9324,271,96,4,12.0,1,36,231.12
9325,272,62,4,2.0,2,196,107.26
9326,272,1,4,10.0,1,6,382.97
9327,272,103,6,4.0,2,14,105.16
9328,272,39,4,3.0,2,31,170.58
9329,272,63,6,,1,108,114.14
9330,272,108,4,6.0,2,57,167.48
9331,272,115,4,14.0,2,203,265.87
9332,272,27,3,10.0,1,1,25.05
9333,272,91,5,15.0,4,214,177.83
9334,272,75,2,10.0,1,206,45.02
9335,272,15,3,8.0,2,29,100.16
9336,272,7,4,7.0,3,155,255.0
9337,272,56,4,10.0,1,16,269.33
9338,272,16,4,10.0,1,164,359.33
9339,272,61,4,11.0,3,52,327.21
9340,272,74,3,1.0,1,146,345.9
9341,272,50,6,8.0,4,70,191.76
9342,272,106,1,3.0,2,155,57.07
9343,272,66,2,,3,172,134.76
9344,272,70,5,8.0,2,116,18.65
9345,272,70,5,3.0,2,66,18.65
9346,272,59,3,9.0,2,190,149.07
9347,272,88,4,8.0,1,65,52.66
9348,272,24,6,14.0,3,200,204.05
9349,272,73,6,15.0,4,84,352.8
9350,272,105,3,6.0,1,5,115.72
9351,272,25,2,14.0,1,39,381.49
9352,272,12,1,7.0,2,115,322.41
9353,272,67,1,9.0,2,41,177.85
9354,272,24,3,7.0,3,79,204.05
9355,272,83,1,8.0,4,21,19.67
9356,272,42,1,11.0,1,164,186.13
9357,272,104,2,6.0,1,233,194.87
9358,272,82,2,9.0,2,22,393.73
9359,272,16,6,2.0,2,94,359.33
9360,273,49,5,1.0,2,71,217.79
9361,273,77,1,12.0,3,79,11.42
9362,273,34,1,11.0,1,207,4.86
9363,273,43,1,4.0,2,158,40.97
9364,273,20,4,15.0,1,24,344.59
9365,273,91,6,10.0,5,176,177.83
9366,273,102,5,1.0,1,160,332.57
9367,273,55,6,7.0,2,212,268.55
9368,273,10,3,2.0,3,110,153.02
9369,273,55,6,2.0,3,123,268.55
9370,273,88,2,5.0,2,42,52.66
9371,273,53,4,1.0,4,88,99.99
9372,273,96,3,5.0,2,174,231.12
9373,273,80,6,12.0,1,176,351.06
9374,273,90,3,3.0,2,73,85.65
9375,273,5,2,2.0,5,94,282.42
9376,273,101,5,2.0,1,115,380.12
9377,273,72,5,13.0,1,39,389.59
9378,273,79,3,8.0,2,108,272.45
9379,273,10060,1,10.0,1,248,393.57
9380,273,111,5,3.0,2,93,299.51
9381,273,74,1,3.0,1,221,345.9
9382,273,52,2,15.0,3,160,29.05
9383,273,19,4,8.0,2,179,153.88
9384,273,8,5,5.0,2,218,268.73
9385,273,55,5,10.0,2,169,268.55
9386,273,95,3,12.0,2,72,245.29
9387,273,101,2,9.0,1,163,380.12
9388,273,16,3,6.0,1,123,359.33
9389,273,36,1,6.0,1,223,112.83
9390,273,27,5,15.0,4,93,25.05
9391,273,104,2,15.0,5,53,194.87
9392,273,2,5,10.0,2,127,144.87
9393,273,60,3,14.0,1,82,393.57
9394,273,92,2,4.0,1,65,69.54
9395,273,13,6,6.0,2,205,350.79
9396,273,102,5,6.0,2,242,332.57
9397,273,71,1,15.0,1,58,273.46
9398,273,2,4,14.0,1,177,144.87
9399,273,42,6,15.0,1,79,186.13
9400,273,22,5,1.0,2,122,182.58
9401,273,70,2,3.0,3,94,18.65
9402,273,67,4,10.0,2,49,177.85
9403,273,96,4,,3,110,231.12
9404,273,21,6,14.0,3,130,307.9
9405,274,93,2,9.0,4,16,39.17
9406,274,69,2,3.0,1,108,334.17
9407,274,26,6,7.0,1,118,196.47
9408,274,3,1,4.0,1,218,184.85
9409,274,10096,4,13.0,1,56,231.12
9410,274,99,1,14.0,2,74,21.99
9411,274,57,4,13.0,4,98,184.4
9412,274,70,5,7.0,3,55,18.65
9413,274,12,2,10.0,2,151,322.41
9414,274,2,5,,2,208,144.87
9415,274,109,3,3.0,2,139,378.53
9416,274,71,6,13.0,4,46,273.46
9417,274,84,2,14.0,2,157,288.33
9418,274,106,3,12.0,1,94,57.07
9419,274,98,6,13.0,2,100,89.1
9420,274,37,3,11.0,1,84,374.33
9421,274,20,2,9.0,3,247,344.59
9422,274,27,3,14.0,3,66,25.05
9423,274,103,2,11.0,2,188,105.16
9424,274,27,5,2.0,1,144,25.05
9425,274,10096,4,12.0,2,111,231.12
9426,274,103,6,10.0,2,68,105.16
9427,274,5,4,9.0,1,52,282.42
9428,274,20,5,7.0,2,38,344.59
9429,274,67,6,5.0,4,178,177.85
9430,274,65,3,13.0,1,205,38.73
9431,274,8,2,4.0,1,163,268.73
9432,274,49,5,11.0,1,194,217.79
9433,274,23,3,11.0,1,149,204.06
9434,274,39,1,6.0,1,44,170.58
9435,274,70,5,13.0,2,211,18.65
9436,274,10118,5,13.0,1,196,102.4
9437,274,50,1,2.0,2,227,191.76
9438,274,59,1,12.0,3,45,149.07
9439,274,27,6,4.0,3,200,25.05
9440,274,66,1,6.0,4,143,134.76
9441,274,37,3,5.0,2,54,374.33
9442,274,63,2,14.0,2,51,114.14
9443,274,110,6,8.0,1,219,4.35
9444,274,111,5,4.0,1,199,299.51
9445,274,92,5,15.0,4,130,69.54
9446,274,39,2,5.0,1,179,170.58
9447,275,73,4,13.0,5,97,352.8
9448,275,101,3,9.0,2,32,380.12
9449,275,10060,1,9.0,2,218,393.57
9450,275,36,4,2.0,2,183,112.83
9451,275,115,2,3.0,4,247,265.87
9452,275,80,6,7.0,1,2,351.06
9453,275,17,6,3.0,1,19,198.42
9454,275,15,4,1.0,2,79,100.16
9455,275,32,2,6.0,1,135,360.05
9456,275,12,1,10.0,2,208,322.41
9457,275,54,2,,1,67,263.63
9458,275,45,2,3.0,1,225,193.58
9459,275,71,5,10.0,1,89,273.46
9460,275,120,1,,1,231,18.02
9461,275,59,5,3.0,2,194,149.07
9462,275,29,4,3.0,1,40,264.58
9463,275,84,1,11.0,1,115,288.33
9464,275,23,1,11.0,4,228,204.06
9465,275,109,1,5.0,2,2,378.53
9466,275,118,3,7.0,1,22,102.4
9467,275,31,4,,3,120,276.57
9468,275,115,4,11.0,2,191,265.87
9469,275,7,6,9.0,1,2,255.0
9470,275,108,2,15.0,1,227,167.48
9471,275,31,2,2.0,1,245,276.57
9472,275,24,4,2.0,1,10,204.05
9473,275,107,5,2.0,1,125,87.15
9474,275,113,3,13.0,1,187,268.21
9475,275,13,2,3.0,4,8,350.79
9476,275,57,2,14.0,2,240,184.4
9477,275,120,2,1.0,2,123,18.02
9478,275,82,2,11.0,1,175,393.73
9479,275,44,2,1.0,1,57,370.69
9480,275,29,6,6.0,2,124,264.58
9481,275,29,5,6.0,1,224,264.58
9482,276,90,1,,2,142,85.65
9483,276,51,2,8.0,1,93,384.39
9484,276,92,3,4.0,1,166,69.54
9485,276,51,3,,1,213,384.39
9486,276,29,5,11.0,2,232,264.58
9487,276,112,3,11.0,5,186,89.33
9488,276,38,4,5.0,2,165,323.38
9489,276,13,5,11.0,1,235,350.79
9490,276,18,2,2.0,2,97,65.67
9491,276,14,5,15.0,4,155,354.1
9492,276,96,1,2.0,1,219,231.12
9493,276,45,1,6.0,2,31,193.58
9494,276,96,5,7.0,3,209,231.12
9495,276,61,6,1.0,3,72,327.21
9496,276,114,4,11.0,1,38,392.33
9497,276,117,5,5.0,2,51,132.08
9498,276,87,4,9.0,2,226,267.42
9499,276,82,5,11.0,2,128,393.73
9500,276,22,1,1.0,2,66,182.58
9501,276,10055,5,2.0,2,228,268.55
9502,276,30,4,6.0,1,59,349.23
9503,276,49,3,5.0,1,202,217.79
9504,276,10118,6,8.0,1,30,102.4
9505,276,75,4,6.0,2,56,45.02
9506,276,38,3,6.0,1,4,323.38
9507,276,10118,1,11.0,4,159,102.4
9508,276,55,6,5.0,3,121,268.55
9509,276,41,4,5.0,1,35,77.7
9510,276,89,2,4.0,2,106,228.5
9511,276,5,5,,2,134,282.42
9512,276,34,3,9.0,4,30,4.86
9513,276,56,6,1.0,1,39,269.33
9514,276,54,1,2.0,2,126,263.63
9515,276,55,1,6.0,1,44,268.55
9516,276,117,2,2.0,1,49,132.08
9517,276,12,4,3.0,1,140,322.41
9518,276,74,3,2.0,1,126,345.9
9519,276,87,1,4.0,1,115,267.42
9520,276,45,5,3.0,2,142,193.58
9521,276,25,5,13.0,1,218,381.49
9522,276,52,5,2.0,2,7,29.05
9523,276,10060,5,10.0,2,109,393.57
9524,276,46,4,3.0,2,208,2.86
9525,276,108,4,5.0,1,185,167.48
9526,276,10096,4,8.0,1,143,231.12
9527,276,49,2,1.0,2,143,217.79
9528,276,46,1,2.0,1,167,2.86
9529,276,114,3,14.0,3,248,392.33
9530,277,113,1,10.0,1,227,268.21
9531,277,56,1,,1,134,269.33
9532,277,43,1,9.0,1,174,40.97
9533,277,42,6,1.0,3,64,186.13
9534,277,119,6,9.0,1,195,399.96
9535,277,107,5,13.0,1,247,87.15
9536,277,108,5,9.0,1,10,167.48
9537,277,24,5,13.0,2,155,204.05
9538,277,113,1,6.0,2,50,268.21
9539,277,56,4,1.0,1,188,269.33
9540,277,29,1,15.0,2,135,264.58
9541,277,14,6,8.0,1,119,354.1
9542,277,76,2,14.0,2,17,327.0
9543,277,83,1,6.0,2,4,19.67
9544,277,113,1,1.0,2,155,268.21
9545,277,63,3,13.0,1,79,114.14
9546,277,91,3,,1,112,177.83
9547,277,15,3,8.0,2,205,100.16
9548,277,27,5,4.0,1,30,25.05
9549,277,119,6,13.0,2,96,399.96
9550,277,55,5,15.0,1,119,268.55
9551,277,73,4,7.0,2,59,352.8
9552,277,61,2,5.0,1,243,327.21
9553,277,97,1,14.0,1,163,99.11
9554,277,74,6,6.0,2,105,345.9
9555,278,42,6,2.0,1,237,186.13
9556,278,9,6,4.0,4,6,254.72
9557,278,51,5,4.0,3,39,384.39
9558,278,100,5,13.0,4,178,320.96
9559,278,83,6,1.0,2,239,19.67
9560,278,93,6,2.0,1,121,39.17
9561,278,21,6,14.0,2,61,307.9
9562,278,31,4,11.0,1,56,276.57
9563,278,69,1,2.0,2,135,334.17
9564,278,25,3,6.0,5,221,381.49
9565,278,92,1,12.0,2,144,69.54
9566,278,16,1,5.0,1,119,359.33
9567,278,115,2,,1,53,265.87
9568,278,69,4,13.0,1,59,334.17
9569,278,40,1,6.0,2,239,162.24
9570,278,120,4,8.0,1,232,18.02
9571,278,25,1,13.0,4,102,381.49
9572,278,42,5,7.0,2,60,186.13
9573,278,93,1,,2,223,39.17
9574,278,114,5,9.0,2,50,392.33
9575,278,39,5,8.0,1,130,170.58
9576,278,114,1,15.0,2,111,392.33
9577,278,68,1,13.0,1,242,31.95
9578,278,9,5,1.0,1,193,254.72
9579,278,17,3,7.0,4,207,198.42
9580,278,72,5,7.0,2,17,389.59
9581,278,34,6,15.0,2,241,4.86
9582,278,59,2,7.0,2,214,149.07
9583,278,34,5,2.0,1,133,4.86
9584,278,58,2,10.0,1,189,86.84
9585,279,44,1,1.0,1,199,370.69
9586,279,68,6,10.0,3,29,31.95
9587,279,52,3,5.0,2,149,29.05
9588,279,62,2,7.0,1,143,107.26
9589,279,27,2,8.0,2,167,25.05
9590,279,90,2,13.0,1,179,85.65
9591,279,14,5,6.0,2,230,354.1
9592,279,75,2,9.0,1,137,45.02
9593,279,120,2,7.0,1,125,18.02
9594,279,7,6,9.0,1,80,255.0
9595,279,93,4,8.0,1,104,39.17
9596,279,66,4,1.0,1,121,134.76
9597,279,117,6,9.0,1,131,132.08
9598,279,44,6,,1,151,370.69
9599,279,62,5,9.0,1,131,107.26
9600,279,57,5,10.0,2,166,184.4
9601,279,116,6,13.0,2,15,74.33
9602,279,115,2,13.0,2,48,265.87
9603,279,83,5,7.0,2,147,19.67
9604,279,76,3,13.0,1,108,327.0
9605,279,94,2,13.0,2,45,323.01
9606,279,22,6,9.0,1,107,182.58
9607,279,87,1,13.0,1,228,267.42
9608,279,101,2,1.0,2,210,380.12
9609,279,64,5,,2,174,254.43
9610,279,50,4,,2,22,191.76
9611,279,10,2,1.0,1,66,153.02
9612,279,14,2,,1,144,354.1
9613,279,54,2,8.0,1,79,263.63
9614,279,52,2,8.0,2,140,29.05
9615,279,72,4,8.0,2,238,389.59
9616,279,103,2,8.0,1,249,105.16
9617,279,91,4,4.0,1,157,177.83
9618,279,88,3,12.0,3,62,52.66
9619,279,73,5,6.0,1,198,352.8
9620,279,10,6,9.0,2,65,153.02
9621,279,10060,4,12.0,2,63,393.57
9622,279,61,6,6.0,2,107,327.21
9623,280,116,5,4.0,2,88,74.33
9624,280,62,6,9.0,2,93,107.26
9625,280,89,5,6.0,2,130,228.5
9626,280,10,5,15.0,1,206,153.02
9627,280,90,2,5.0,2,139,85.65
9628,280,116,2,10.0,3,227,74.33
9629,280,5,3,5.0,5,84,282.42
9630,280,45,4,1.0,1,40,193.58
9631,280,62,5,6.0,1,203,107.26
9632,280,72,5,15.0,4,102,389.59
9633,280,93,1,8.0,2,185,39.17
9634,280,98,2,1.0,1,58,89.1
9635,280,66,6,5.0,2,55,134.76
9636,280,12,6,10.0,2,229,322.41
9637,280,10096,1,7.0,2,82,231.12
9638,280,16,1,13.0,1,219,359.33
9639,280,106,5,1.0,1,222,57.07
9640,280,93,6,10.0,2,203,39.17
9641,280,11,2,5.0,1,9,274.48
9642,280,61,3,3.0,1,92,327.21
9643,280,9,4,6.0,3,94,254.72
9644,280,39,5,11.0,1,39,170.58
9645,280,2,6,8.0,2,172,144.87
9646,280,1,3,14.0,2,228,382.97
9647,280,41,4,12.0,1,161,77.7
9648,280,108,3,10.0,2,104,167.48
9649,280,4,6,7.0,1,212,118.68
9650,280,113,6,11.0,1,88,268.21
9651,280,11,4,1.0,1,206,274.48
9652,280,38,3,7.0,2,154,323.38
9653,280,76,1,5.0,2,55,327.0
9654,280,89,4,8.0,1,85,228.5
9655,280,109,3,13.0,2,5,378.53
9656,280,25,3,3.0,1,107,381.49
9657,280,25,2,9.0,1,41,381.49
9658,280,40,5,7.0,2,151,162.24
9659,280,93,1,13.0,1,219,39.17
9660,280,105,6,8.0,4,194,115.72
9661,280,72,1,5.0,1,164,389.59
9662,280,54,2,9.0,1,114,263.63
9663,280,14,2,7.0,1,31,354.1
9664,280,113,2,10.0,3,15,268.21
9665,280,21,6,10.0,3,54,307.9
9666,280,77,6,5.0,3,56,11.42
9667,280,9,6,13.0,4,51,254.72
9668,280,109,6,14.0,1,113,378.53
9669,280,77,1,8.0,2,48,11.42
9670,281,97,5,4.0,3,15,99.11
9671,281,27,4,14.0,1,135,25.05
9672,281,57,6,11.0,4,95,184.4
9673,281,101,1,4.0,1,103,380.12
9674,281,62,4,10.0,2,93,107.26
9675,281,85,6,12.0,2,33,173.66
9676,281,17,3,7.0,2,123,198.42
9677,281,11,5,6.0,1,85,274.48
9678,281,75,1,1.0,2,215,45.02
9679,281,43,3,15.0,2,42,40.97
9680,281,80,6,5.0,2,53,351.06
9681,281,95,5,14.0,2,151,245.29
9682,281,74,3,4.0,1,173,345.9
9683,281,63,3,9.0,1,110,114.14
9684,281,78,5,14.0,2,3,386.82
9685,281,62,5,10.0,2,234,107.26
9686,281,10060,3,12.0,1,62,393.57
9687,281,5,6,10.0,1,74,282.42
9688,281,88,3,5.0,2,120,52.66
9689,281,59,1,6.0,1,77,149.07
9690,281,93,2,7.0,1,17,39.17
9691,281,43,3,11.0,1,42,40.97
9692,281,36,1,2.0,2,224,112.83
9693,281,79,1,7.0,2,205,272.45
9694,281,58,5,9.0,1,241,86.84
9695,281,30,3,10.0,3,156,349.23
9696,281,87,1,11.0,2,96,267.42
9697,281,62,4,,2,185,107.26
9698,281,4,1,11.0,2,173,118.68
9699,281,108,5,6.0,2,101,167.48
9700,282,58,5,8.0,4,178,86.84
9701,282,99,6,14.0,2,63,21.99
9702,282,62,4,7.0,1,47,107.26
9703,282,94,4,14.0,1,136,323.01
9704,282,52,2,13.0,1,144,29.05
9705,282,102,5,1.0,1,241,332.57
9706,282,96,4,11.0,1,210,231.12
9707,282,54,3,,2,65,263.63
9708,282,47,3,8.0,1,8,279.24
9709,282,29,4,13.0,2,64,264.58
9710,282,10118,5,5.0,2,27,102.4
9711,282,84,4,1.0,1,232,288.33
9712,282,5,1,14.0,2,136,282.42
9713,282,115,3,3.0,2,137,265.87
9714,282,4,6,14.0,1,5,118.68
9715,282,110,4,5.0,1,163,4.35
9716,282,68,4,10.0,1,11,31.95
9717,282,11,5,4.0,1,49,274.48
9718,282,116,3,5.0,1,4,74.33
9719,282,115,1,11.0,4,117,265.87
9720,282,89,3,3.0,1,119,228.5
9721,282,54,1,3.0,1,123,263.63
9722,282,118,6,10.0,1,191,102.4
9723,282,103,2,14.0,3,85,105.16
9724,282,108,5,3.0,1,6,167.48
9725,282,35,3,8.0,1,101,362.36
9726,282,11,4,12.0,4,172,274.48
9727,282,114,5,15.0,4,184,392.33
9728,282,7,6,2.0,2,4,255.0
9729,282,69,3,11.0,1,241,334.17
9730,282,63,2,11.0,3,105,114.14
9731,282,18,2,7.0,1,95,65.67
9732,282,115,3,12.0,2,17,265.87
9733,282,85,1,13.0,1,139,173.66
9734,282,53,4,7.0,1,67,99.99
9735,282,7,1,14.0,1,193,255.0
9736,282,23,6,15.0,2,155,204.06
9737,282,39,6,6.0,1,55,170.58
9738,282,105,6,3.0,1,88,115.72
9739,282,10118,4,9.0,2,172,102.4
9740,282,104,6,8.0,3,178,194.87
9741,283,101,5,12.0,2,117,380.12
9742,283,109,1,13.0,2,66,378.53
9743,283,60,6,2.0,2,129,393.57
9744,283,41,1,15.0,3,138,77.7
9745,283,18,6,13.0,3,89,65.67
9746,283,41,3,6.0,2,20,77.7
9747,283,52,5,,1,161,29.05
9748,283,14,1,13.0,2,185,354.1
9749,283,76,4,8.0,1,40,327.0
9750,283,102,1,6.0,1,137,332.57
9751,283,40,2,10.0,1,201,162.24
9752,283,115,2,12.0,1,83,265.87
9753,283,3,1,3.0,1,200,184.85
9754,283,97,2,6.0,3,240,99.11
9755,283,10060,4,4.0,3,4,393.57
9756,283,44,6,1.0,3,218,370.69
9757,283,98,3,13.0,1,162,89.1
9758,283,24,6,15.0,1,100,204.05
9759,283,115,3,13.0,1,182,265.87
9760,283,45,6,14.0,1,38,193.58
9761,283,39,5,7.0,3,204,170.58
9762,283,119,4,4.0,1,214,399.96
9763,283,30,5,10.0,5,198,349.23
9764,283,10,1,6.0,1,21,153.02
9765,283,65,5,8.0,4,141,38.73
9766,283,118,2,9.0,1,241,102.4
9767,283,87,5,3.0,3,186,267.42
9768,283,66,2,9.0,3,51,134.76
9769,283,110,1,9.0,1,111,4.35
9770,283,81,6,13.0,2,175,45.14
9771,283,52,6,1.0,2,214,29.05
9772,283,38,3,3.0,2,172,323.38
9773,283,96,4,1.0,1,230,231.12
9774,283,21,4,9.0,1,207,307.9
9775,283,58,3,14.0,2,85,86.84
9776,283,75,5,11.0,1,34,45.02
9777,283,44,6,1.0,1,65,370.69
9778,283,115,5,15.0,1,119,265.87
9779,284,27,5,,5,103,25.05
9780,284,118,5,8.0,2,49,102.4
9781,284,6,2,13.0,2,66,342.42
9782,284,100,3,,2,123,320.96
9783,284,13,5,15.0,1,139,350.79
9784,284,96,6,,2,18,231.12
9785,284,97,2,8.0,1,233,99.11
9786,284,88,6,7.0,1,159,52.66
9787,284,33,2,2.0,2,164,136.56
9788,284,51,4,5.0,2,124,384.39
9789,284,4,4,4.0,1,89,118.68
9790,284,44,4,12.0,1,182,370.69
9791,284,32,1,15.0,1,230,360.05
9792,284,25,1,2.0,2,189,381.49
9793,284,82,5,2.0,1,85,393.73
9794,284,73,1,8.0,1,76,352.8
9795,284,95,4,12.0,1,179,245.29
9796,284,10055,1,1.0,1,206,268.55
9797,284,72,6,7.0,1,126,389.59
9798,284,17,3,12.0,1,65,198.42
9799,284,61,1,,5,13,327.21
9800,284,8,4,11.0,2,61,268.73
9801,284,59,5,10.0,2,43,149.07
9802,284,16,5,1.0,1,118,359.33
9803,284,78,1,5.0,1,121,386.82
9804,284,10096,5,12.0,2,27,231.12
9805,284,59,1,13.0,2,101,149.07
9806,284,82,6,6.0,1,139,393.73
9807,284,59,3,1.0,2,227,149.07
9808,284,94,2,8.0,1,223,323.01
9809,284,82,5,15.0,2,72,393.73
9810,284,120,5,14.0,2,250,18.02
9811,284,75,5,10.0,1,215,45.02
9812,284,96,4,9.0,2,184,231.12
9813,285,6,5,,1,81,342.42
9814,285,25,3,1.0,2,68,381.49
9815,285,70,2,,2,119,18.65
9816,285,1,1,13.0,2,120,382.97
9817,285,34,4,13.0,1,182,4.86
9818,285,56,3,2.0,2,243,269.33
9819,285,68,2,2.0,1,121,31.95
9820,285,19,6,4.0,3,216,153.88
9821,285,65,2,13.0,2,246,38.73
9822,285,50,2,14.0,1,8,191.76
9823,285,117,1,12.0,2,236,132.08
9824,285,120,6,1.0,1,138,18.02
9825,285,66,6,12.0,3,21,134.76
9826,285,99,3,5.0,1,78,21.99
9827,285,30,1,6.0,2,175,349.23
9828,285,60,4,2.0,2,35,393.57
9829,285,90,4,1.0,1,145,85.65
9830,285,13,6,7.0,2,231,350.79
9831,285,30,3,6.0,1,39,349.23
9832,285,62,2,8.0,4,30,107.26
9833,285,58,1,9.0,1,106,86.84
9834,285,56,3,12.0,2,213,269.33
9835,285,38,4,6.0,1,224,323.38
9836,285,40,4,6.0,2,50,162.24
9837,285,38,2,6.0,2,118,323.38
9838,285,49,5,10.0,1,164,217.79
9839,285,92,4,4.0,2,175,69.54
9840,285,48,1,15.0,2,99,77.58
9841,285,93,2,11.0,1,64,39.17
9842,285,95,1,11.0,2,186,245.29
9843,285,79,3,1.0,1,174,272.45
9844,285,83,1,13.0,1,25,19.67
9845,285,10055,4,11.0,2,189,268.55
9846,285,29,1,8.0,1,234,264.58
9847,285,44,6,2.0,2,180,370.69
9848,285,82,6,12.0,1,89,393.73
9849,285,81,2,13.0,2,130,45.14
9850,285,12,4,13.0,2,175,322.41
9851,285,88,1,9.0,2,189,52.66
9852,286,12,3,12.0,2,105,322.41
9853,286,85,2,,1,239,173.66
9854,286,8,3,11.0,2,134,268.73
9855,286,120,2,10.0,1,53,18.02
9856,286,42,4,12.0,1,239,186.13
9857,286,57,5,13.0,2,248,184.4
9858,286,37,4,15.0,3,180,374.33
9859,286,91,4,3.0,1,25,177.83
9860,286,63,6,1.0,2,159,114.14
9861,286,64,3,11.0,1,52,254.43
9862,286,68,2,9.0,1,124,31.95
9863,286,93,6,14.0,1,86,39.17
9864,286,87,2,10.0,1,11,267.42
9865,286,45,3,3.0,2,97,193.58
9866,286,62,2,14.0,1,237,107.26
9867,286,67,1,13.0,1,244,177.85
9868,286,117,4,7.0,2,58,132.08
9869,286,33,1,14.0,1,191,136.56
9870,286,118,4,12.0,1,47,102.4
9871,286,17,3,10.0,2,103,198.42
9872,286,43,1,3.0,2,18,40.97
9873,286,10,4,6.0,2,177,153.02
9874,286,81,5,5.0,2,165,45.14
9875,286,92,6,1.0,2,161,69.54
9876,286,104,4,6.0,1,182,194.87
9877,286,6,4,5.0,2,137,342.42
9878,286,39,1,11.0,2,64,170.58
9879,286,59,4,9.0,1,198,149.07
9880,286,45,5,3.0,1,164,193.58
9881,287,47,2,13.0,3,194,279.24
9882,287,16,4,11.0,2,49,359.33
9883,287,104,2,8.0,3,109,194.87
9884,287,46,3,13.0,2,68,2.86
9885,287,83,5,1.0,1,168,19.67
9886,287,87,4,10.0,1,165,267.42
9887,287,114,1,14.0,2,148,392.33
9888,287,84,2,6.0,2,134,288.33
9889,287,72,6,,1,26,389.59
9890,287,61,1,8.0,1,126,327.21
9891,287,118,3,9.0,2,87,102.4
9892,287,107,5,,1,152,87.15
9893,287,58,3,10.0,1,233,86.84
9894,287,2,5,,4,50,144.87
9895,287,103,5,3.0,1,43,105.16
9896,287,6,4,2.0,2,155,342.42
9897,287,50,3,5.0,2,9,191.76
9898,287,73,2,5.0,1,83,352.8
9899,287,54,6,8.0,1,248,263.63
9900,287,2,2,15.0,1,99,144.87
9901,287,23,4,1.0,1,142,204.06
9902,287,75,5,,1,223,45.02
9903,287,68,5,1.0,1,179,31.95
9904,287,1,3,8.0,1,138,382.97
9905,287,51,5,11.0,1,42,384.39
9906,287,84,6,15.0,2,194,288.33
9907,287,2,4,14.0,5,139,144.87
9908,287,98,4,3.0,1,241,89.1
9909,287,112,6,7.0,1,242,89.33
9910,287,22,1,2.0,2,90,182.58
9911,287,90,1,9.0,3,16,85.65
9912,287,108,6,8.0,1,188,167.48
9913,287,85,2,12.0,1,153,173.66
9914,287,106,2,7.0,1,56,57.07
9915,287,99,2,3.0,1,181,21.99
9916,287,26,5,15.0,3,164,196.47
9917,287,63,6,10.0,2,83,114.14
9918,287,12,1,13.0,1,199,322.41
9919,287,10096,2,14.0,2,135,231.12
9920,287,59,2,11.0,2,57,149.07
9921,287,84,2,14.0,1,156,288.33
9922,287,56,1,1.0,1,90,269.33
9923,287,117,5,4.0,1,5,132.08
9924,287,20,5,5.0,2,185,344.59
9925,287,86,1,15.0,2,174,266.03
9926,287,120,5,7.0,3,120,18.02
9927,287,81,6,1.0,2,48,45.14
9928,288,100,5,12.0,2,177,320.96
9929,288,43,3,2.0,1,208,40.97
9930,288,10055,5,8.0,1,161,268.55
9931,288,36,3,5.0,1,138,112.83
9932,288,35,5,14.0,2,12,362.36
9933,288,23,4,15.0,2,200,204.06
9934,288,51,3,14.0,2,6,384.39
9935,288,64,6,1.0,5,213,254.43
9936,288,82,6,,1,117,393.73
9937,288,11,5,5.0,2,222,274.48
9938,288,98,6,6.0,1,115,89.1
9939,288,19,6,3.0,1,85,153.88
9940,288,105,6,14.0,1,163,115.72
9941,288,4,6,5.0,1,109,118.68
9942,288,94,1,,2,87,323.01
9943,288,72,1,4.0,2,98,389.59
9944,288,35,6,10.0,3,166,362.36
9945,288,37,4,1.0,5,35,374.33
9946,288,45,1,1.0,4,101,193.58
9947,288,58,2,5.0,3,200,86.84
9948,288,80,3,8.0,1,177,351.06
9949,288,21,3,8.0,2,74,307.9
9950,288,32,1,9.0,2,55,360.05
9951,288,17,6,1.0,1,242,198.42
9952,288,110,6,12.0,2,177,4.35
9953,288,32,3,5.0,2,161,360.05
9954,288,11,5,,2,68,274.48
9955,288,18,1,3.0,3,50,65.67
9956,289,113,3,4.0,2,199,268.21
9957,289,72,6,15.0,2,129,389.59
9958,289,49,3,6.0,2,187,217.79
9959,289,18,3,9.0,1,83,65.67
9960,289,113,5,12.0,4,245,268.21
9961,289,50,3,9.0,1,123,191.76
9962,289,85,4,9.0,2,122,173.66
9963,289,6,1,6.0,1,91,342.42
9964,289,83,3,4.0,1,62,19.67
9965,289,80,5,10.0,1,68,351.06
9966,289,66,3,1.0,2,74,134.76
9967,289,89,6,1.0,2,85,228.5
9968,289,50,2,8.0,2,11,191.76
9969,289,117,3,14.0,1,17,132.08
9970,289,76,4,4.0,2,137,327.0
9971,289,110,3,6.0,2,84,4.35
9972,289,21,2,2.0,2,171,307.9
9973,289,114,6,2.0,1,158,392.33
9974,289,59,4,2.0,2,134,149.07
9975,289,14,6,8.0,1,179,354.1
9976,289,38,2,14.0,2,68,323.38
9977,289,1,5,10.0,2,40,382.97
9978,289,34,2,10.0,1,198,4.86
9979,289,33,5,11.0,1,79,136.56
9980,289,50,6,9.0,2,150,191.76
9981,289,65,4,11.0,1,189,38.73
9982,289,119,5,13.0,1,118,399.96
9983,289,10118,6,11.0,1,15,102.4
9984,289,25,1,7.0,2,163,381.49
9985,289,93,1,8.0,1,215,39.17
9986,289,5,6,14.0,2,83,282.42
9987,289,9,2,1.0,1,95,254.72
9988,289,109,4,3.0,1,233,378.53
9989,289,103,5,5.0,2,238,105.16
9990,289,48,5,8.0,1,109,77.58
9991,289,48,5,2.0,2,164,77.58
9992,289,67,1,8.0,1,133,177.85
9993,289,111,2,9.0,1,178,299.51
9994,289,45,5,2.0,2,44,193.58
9995,289,98,6,6.0,2,150,89.1
9996,289,26,2,12.0,2,133,196.47
9997,289,96,2,6.0,1,215,231.12
9998,289,118,1,3.0,2,208,102.4
9999,289,35,2,15.0,2,201,362.36
10000,289,17,5,4.0,1,35,198.42
10001,289,8,2,8.0,2,66,268.73
10002,289,10060,1,12.0,2,20,393.57
10003,289,49,1,14.0,1,125,217.79
10004,290,107,3,4.0,1,72,87.15
10005,290,1,2,15.0,2,192,382.97
10006,290,10060,2,6.0,1,102,393.57
10007,290,91,4,10.0,1,207,177.83
10008,290,10096,4,,2,44,231.12
10009,290,13,3,15.0,1,23,350.79
10010,290,82,6,6.0,1,219,393.73
10011,290,61,2,11.0,3,98,327.21
10012,290,47,1,12.0,3,204,279.24
10013,290,69,3,1.0,2,163,334.17
10014,290,19,6,6.0,3,74,153.88
10015,290,20,2,15.0,2,82,344.59
10016,290,120,3,15.0,3,61,18.02
10017,290,52,1,4.0,1,157,29.05
10018,290,35,3,15.0,1,155,362.36
10019,290,47,6,5.0,1,14,279.24
10020,290,5,3,13.0,2,232,282.42
10021,290,86,2,6.0,5,244,266.03
10022,290,31,5,9.0,1,17,276.57
10023,290,20,5,4.0,2,157,344.59
10024,290,57,3,7.0,2,149,184.4
10025,290,6,3,8.0,2,183,342.42
10026,290,106,2,1.0,4,118,57.07
10027,290,95,2,7.0,2,1,245.29
10028,290,37,1,8.0,2,227,374.33
10029,290,4,1,6.0,3,4,118.68
10030,290,87,4,6.0,1,133,267.42
10031,290,79,6,1.0,2,166,272.45
10032,290,69,4,8.0,1,222,334.17
10033,290,92,6,4.0,2,44,69.54
10034,290,6,3,1.0,1,103,342.42
10035,290,9,5,1.0,1,212,254.72
10036,290,73,4,2.0,1,190,352.8
10037,290,49,2,2.0,2,196,217.79
10038,290,103,1,12.0,2,38,105.16
10039,290,108,2,2.0,2,35,167.48
10040,291,87,1,12.0,2,198,267.42
10041,291,37,3,3.0,1,67,374.33
10042,291,20,2,1.0,2,39,344.59
10043,291,17,6,1.0,1,25,198.42
10044,291,58,5,3.0,1,140,86.84
10045,291,21,3,6.0,2,16,307.9
10046,291,108,4,12.0,2,239,167.48
10047,291,30,2,7.0,1,30,349.23
10048,291,63,4,5.0,2,229,114.14
10049,291,67,3,8.0,2,205,177.85
10050,291,8,5,15.0,1,221,268.73
10051,291,59,4,6.0,2,56,149.07
10052,291,116,3,,1,49,74.33
10053,291,60,1,7.0,1,63,393.57
10054,291,31,4,8.0,3,243,276.57
10055,291,16,6,7.0,1,121,359.33
10056,291,21,4,12.0,2,239,307.9
10057,291,26,4,3.0,3,75,196.47
10058,291,77,6,8.0,1,182,11.42
10059,291,59,2,12.0,2,47,149.07
10060,291,25,5,5.0,2,111,381.49
10061,291,21,2,3.0,1,243,307.9
10062,291,29,2,13.0,2,22,264.58
10063,291,10096,3,3.0,1,56,231.12
10064,291,4,4,11.0,1,8,118.68
10065,291,111,6,14.0,2,218,299.51
10066,291,93,6,5.0,1,77,39.17
10067,291,40,3,3.0,1,152,162.24
10068,291,33,3,11.0,5,7,136.56
10069,291,106,6,10.0,2,181,57.07
10070,291,112,6,1.0,1,72,89.33
10071,291,21,6,12.0,1,49,307.9
10072,291,10060,4,6.0,1,237,393.57
10073,291,44,5,12.0,1,227,370.69
10074,291,30,2,8.0,3,131,349.23
10075,291,75,3,2.0,2,188,45.02
10076,291,119,5,,3,63,399.96
10077,292,75,6,6.0,2,144,45.02
10078,292,74,3,12.0,2,48,345.9
10079,292,117,4,3.0,1,190,132.08
10080,292,25,1,,2,2,381.49
10081,292,112,1,10.0,2,209,89.33
10082,292,106,3,8.0,1,73,57.07
10083,292,81,3,10.0,2,26,45.14
10084,292,32,6,11.0,1,98,360.05
10085,292,6,5,7.0,3,147,342.42
10086,292,108,2,14.0,1,240,167.48
10087,292,96,2,3.0,2,174,231.12
10088,292,103,6,5.0,2,229,105.16
10089,292,102,1,1.0,2,229,332.57
10090,292,48,3,3.0,2,168,77.58
10091,292,10,2,7.0,1,115,153.02
10092,292,83,5,,1,166,19.67
10093,292,106,3,12.0,4,81,57.07
10094,292,39,4,,2,52,170.58
10095,292,35,2,14.0,1,197,362.36
10096,292,26,6,7.0,1,82,196.47
10097,292,93,6,7.0,1,163,39.17
10098,292,29,3,12.0,1,171,264.58
10099,292,108,2,6.0,3,39,167.48
10100,292,92,3,2.0,3,12,69.54
10101,292,43,6,7.0,2,137,40.97
10102,292,117,1,15.0,1,189,132.08
10103,292,94,1,3.0,1,42,323.01
10104,292,21,6,7.0,5,71,307.9
10105,292,37,4,1.0,2,112,374.33
10106,293,37,2,11.0,1,240,374.33
10107,293,5,4,12.0,3,8,282.42
10108,293,11,6,,2,18,274.48
10109,293,14,2,14.0,2,249,354.1
10110,293,99,1,10.0,1,164,21.99
10111,293,17,1,9.0,1,124,198.42
10112,293,76,6,,1,72,327.0
10113,293,9,1,13.0,1,186,254.72
10114,293,22,6,2.0,1,188,182.58
10115,293,38,5,1.0,2,73,323.38
10116,293,27,1,7.0,2,75,25.05
10117,293,34,1,1.0,1,118,4.86
10118,293,109,3,4.0,1,20,378.53
10119,293,45,3,4.0,1,23,193.58
10120,293,67,5,6.0,1,10,177.85
10121,293,2,4,13.0,1,92,144.87
10122,293,35,1,4.0,2,89,362.36
10123,293,43,4,,4,90,40.97
10124,293,93,2,8.0,1,14,39.17
10125,293,9,3,9.0,2,100,254.72
10126,293,10118,3,2.0,1,233,102.4
10127,293,23,6,2.0,2,66,204.06
10128,293,48,5,2.0,1,10,77.58
10129,293,83,4,1.0,1,162,19.67
10130,294,90,4,6.0,1,90,85.65
10131,294,109,6,,1,52,378.53
10132,294,10,2,8.0,2,38,153.02
10133,294,5,5,5.0,1,83,282.42
10134,294,96,2,1.0,2,141,231.12
10135,294,93,1,7.0,2,173,39.17
10136,294,41,2,7.0,2,10,77.7
10137,294,2,5,10.0,1,148,144.87
10138,294,10,5,13.0,1,181,153.02
10139,294,99,1,,2,153,21.99
10140,294,65,1,12.0,2,221,38.73
10141,294,10096,6,13.0,2,151,231.12
10142,294,90,6,9.0,1,115,85.65
10143,294,40,6,12.0,3,152,162.24
10144,294,33,5,6.0,3,68,136.56
10145,294,39,6,1.0,2,39,170.58
10146,294,34,6,4.0,1,137,4.86
10147,294,56,6,7.0,4,216,269.33
10148,294,36,5,2.0,1,10,112.83
10149,294,10055,2,12.0,1,35,268.55
10150,294,60,2,4.0,2,5,393.57
10151,294,64,4,9.0,2,60,254.43
10152,294,59,4,1.0,2,127,149.07
10153,294,89,2,1.0,1,129,228.5
10154,294,29,6,12.0,2,178,264.58
10155,294,29,2,2.0,3,91,264.58
10156,294,23,1,11.0,2,64,204.06
10157,294,50,1,7.0,2,165,191.76
10158,294,11,4,15.0,1,39,274.48
10159,294,10118,3,11.0,2,36,102.4
10160,294,108,4,11.0,1,144,167.48
10161,294,54,5,2.0,3,23,263.63
10162,294,3,5,11.0,3,62,184.85
10163,294,96,5,11.0,2,172,231.12
10164,294,62,4,4.0,4,194,107.26
10165,294,100,5,15.0,1,206,320.96
10166,294,105,5,6.0,1,12,115.72
10167,294,90,4,8.0,1,110,85.65
10168,294,92,3,9.0,1,166,69.54
10169,295,7,6,9.0,2,56,255.0
10170,295,81,5,1.0,1,178,45.14
10171,295,98,5,6.0,2,250,89.1
10172,295,115,4,5.0,4,205,265.87
10173,295,74,6,2.0,1,217,345.9
10174,295,28,4,1.0,1,96,195.42
10175,295,24,5,10.0,1,157,204.05
10176,295,57,4,2.0,4,196,184.4
10177,295,15,6,5.0,2,157,100.16
10178,295,27,4,5.0,3,157,25.05
10179,295,18,1,5.0,1,145,65.67
10180,295,90,1,13.0,2,123,85.65
10181,295,43,3,,1,178,40.97
10182,295,102,1,14.0,5,127,332.57
10183,295,112,2,2.0,1,86,89.33
10184,295,46,6,14.0,2,34,2.86
10185,295,80,3,9.0,3,64,351.06
10186,295,51,1,10.0,2,16,384.39
10187,295,64,3,8.0,1,218,254.43
10188,295,51,4,14.0,1,53,384.39
10189,295,42,1,4.0,2,67,186.13
10190,295,64,3,15.0,2,35,254.43
10191,295,67,1,8.0,2,140,177.85
10192,295,106,6,,1,127,57.07
10193,295,110,1,4.0,2,163,4.35
10194,295,111,1,14.0,1,62,299.51
10195,295,13,4,,1,176,350.79
10196,295,74,4,12.0,2,134,345.9
10197,295,102,3,7.0,2,103,332.57
10198,295,3,4,5.0,1,80,184.85
10199,295,77,1,13.0,1,152,11.42
10200,295,86,6,7.0,1,184,266.03
10201,295,10060,6,12.0,1,44,393.57
10202,295,89,4,2.0,5,5,228.5
10203,295,100,6,1.0,1,44,320.96
10204,295,3,6,9.0,2,167,184.85
10205,295,102,4,6.0,1,150,332.57
10206,296,12,6,6.0,1,99,322.41
10207,296,104,4,14.0,2,160,194.87
10208,296,28,2,8.0,2,71,195.42
10209,296,113,5,9.0,1,11,268.21
10210,296,70,3,7.0,1,22,18.65
10211,296,39,3,12.0,2,184,170.58
10212,296,86,6,15.0,2,60,266.03
10213,296,83,6,,1,249,19.67
10214,296,66,3,4.0,2,200,134.76
10215,296,78,3,13.0,2,56,386.82
10216,296,92,2,3.0,1,182,69.54
10217,296,2,2,10.0,2,43,144.87
10218,296,69,3,4.0,2,76,334.17
10219,296,10055,6,2.0,1,203,268.55
10220,296,10060,2,14.0,4,110,393.57
10221,296,95,1,15.0,2,156,245.29
10222,296,12,1,15.0,1,110,322.41
10223,296,65,5,11.0,3,41,38.73
10224,296,17,6,7.0,2,93,198.42
10225,296,97,5,14.0,2,85,99.11
10226,296,82,1,5.0,1,185,393.73
10227,296,44,1,15.0,1,148,370.69
10228,296,25,5,4.0,2,192,381.49
10229,296,10055,4,1.0,1,134,268.55
10230,296,33,3,7.0,1,12,136.56
10231,296,92,4,4.0,1,47,69.54
10232,296,91,2,6.0,2,170,177.83
10233,296,3,4,,4,229,184.85
10234,296,14,5,5.0,2,181,354.1
10235,296,64,5,1.0,2,20,254.43
10236,296,66,6,13.0,1,58,134.76
10237,296,31,3,2.0,3,46,276.57
10238,296,20,5,12.0,2,65,344.59
10239,296,97,1,4.0,1,200,99.11
10240,296,67,1,8.0,2,193,177.85
10241,297,4,4,5.0,3,57,118.68
10242,297,18,1,10.0,2,92,65.67
10243,297,8,6,1.0,2,114,268.73
10244,297,58,4,6.0,2,1,86.84
10245,297,42,2,6.0,1,124,186.13
10246,297,109,6,14.0,2,99,378.53
10247,297,84,2,8.0,2,54,288.33
10248,297,50,1,5.0,1,121,191.76
10249,297,46,1,12.0,1,58,2.86
10250,297,41,4,2.0,1,165,77.7
10251,297,113,6,12.0,1,68,268.21
10252,297,54,3,2.0,2,114,263.63
10253,297,90,4,12.0,2,127,85.65
10254,297,8,4,14.0,2,234,268.73
10255,297,11,4,13.0,1,23,274.48
10256,297,40,1,1.0,2,16,162.24
10257,297,76,2,11.0,2,131,327.0
10258,297,116,6,10.0,2,168,74.33
10259,297,107,2,4.0,3,161,87.15
10260,297,72,4,7.0,2,85,389.59
10261,297,18,2,8.0,1,196,65.67
10262,297,45,1,8.0,1,70,193.58
10263,297,1,2,13.0,2,42,382.97
10264,297,46,6,6.0,1,47,2.86
10265,297,117,6,6.0,2,100,132.08
10266,297,48,3,14.0,1,67,77.58
10267,297,100,3,9.0,1,194,320.96
10268,297,74,2,6.0,5,159,345.9
10269,297,31,4,11.0,1,241,276.57
10270,297,88,1,5.0,1,113,52.66
10271,297,33,3,7.0,1,92,136.56
10272,297,91,6,11.0,2,197,177.83
10273,297,10118,1,9.0,2,187,102.4
10274,297,50,6,3.0,2,214,191.76
10275,297,35,2,6.0,1,232,362.36
10276,297,111,5,14.0,2,225,299.51
10277,297,89,5,11.0,1,249,228.5
10278,297,35,2,,2,211,362.36
10279,297,89,6,12.0,2,62,228.5
10280,297,40,3,3.0,2,206,162.24
10281,298,20,5,13.0,1,67,344.59
10282,298,69,1,7.0,2,132,334.17
10283,298,90,6,10.0,2,183,85.65
10284,298,82,5,12.0,4,116,393.73
10285,298,114,3,3.0,1,125,392.33
10286,298,57,4,6.0,1,115,184.4
10287,298,25,4,9.0,2,22,381.49
10288,298,53,1,7.0,1,41,99.99
10289,298,63,2,8.0,1,217,114.14
10290,298,95,5,4.0,1,17,245.29
10291,298,90,6,15.0,1,20,85.65
10292,298,108,1,7.0,2,222,167.48
10293,298,16,4,12.0,2,173,359.33
10294,298,80,6,12.0,2,148,351.06
10295,298,56,4,7.0,2,45,269.33
10296,298,10,5,5.0,4,119,153.02
10297,298,81,6,5.0,2,127,45.14
10298,298,114,5,1.0,1,176,392.33
10299,298,51,4,5.0,2,133,384.39
10300,298,46,4,6.0,2,117,2.86
10301,298,89,2,6.0,2,39,228.5
10302,298,8,1,4.0,2,75,268.73
10303,298,29,4,6.0,2,69,264.58
10304,298,37,4,14.0,1,194,374.33
10305,298,9,3,9.0,1,48,254.72
10306,298,10055,1,14.0,3,145,268.55
10307,298,57,1,1.0,1,116,184.4
10308,298,56,4,7.0,2,250,269.33
10309,298,26,1,13.0,2,218,196.47
10310,298,111,3,9.0,1,51,299.51
10311,298,114,3,6.0,1,3,392.33
10312,299,89,6,3.0,1,209,228.5
10313,299,5,1,5.0,2,179,282.42
10314,299,42,5,10.0,1,151,186.13
10315,299,46,5,13.0,2,115,2.86
10316,299,30,1,8.0,2,1,349.23
10317,299,69,6,6.0,1,142,334.17
10318,299,6,1,13.0,1,237,342.42
10319,299,40,3,15.0,1,222,162.24
10320,299,51,4,9.0,1,176,384.39
10321,299,30,4,4.0,2,108,349.23
10322,299,107,3,5.0,2,185,87.15
10323,299,75,5,1.0,1,170,45.02
10324,299,10060,2,13.0,1,106,393.57
10325,299,98,2,11.0,3,7,89.1
10326,299,91,1,14.0,1,149,177.83
10327,299,79,5,13.0,1,20,272.45
10328,299,107,2,5.0,1,245,87.15
10329,299,98,6,7.0,1,155,89.1
10330,299,70,2,10.0,2,189,18.65
10331,299,62,2,2.0,1,36,107.26
10332,299,28,5,10.0,4,158,195.42
10333,299,76,5,15.0,2,11,327.0
10334,299,114,1,13.0,1,174,392.33
10335,299,80,3,8.0,4,110,351.06
10336,299,72,1,7.0,1,132,389.59
10337,299,31,1,14.0,1,8,276.57
10338,299,42,6,5.0,1,223,186.13
10339,299,3,1,13.0,1,52,184.85
10340,299,112,3,4.0,1,107,89.33
10341,299,46,4,3.0,1,27,2.86
10342,299,14,1,6.0,2,69,354.1
10343,299,80,6,11.0,2,160,351.06
10344,299,11,6,12.0,1,248,274.48
10345,299,49,5,1.0,1,155,217.79
10346,299,31,4,8.0,3,165,276.57
10347,299,10060,6,1.0,1,233,393.57
10348,299,48,5,11.0,2,53,77.58
10349,299,4,5,15.0,2,225,118.68
10350,299,54,5,,5,194,263.63
10351,299,115,6,12.0,1,107,265.87
10352,299,50,3,5.0,1,94,191.76
10353,299,26,6,10.0,2,127,196.47
10354,299,8,1,7.0,1,9,268.73
10355,299,48,2,13.0,4,162,77.58
10356,299,102,1,3.0,5,204,332.57
10357,299,10118,4,15.0,2,79,102.4
10358,299,72,5,9.0,2,166,389.59
10359,300,105,5,,4,205,115.72
10360,300,77,4,7.0,1,71,11.42
10361,300,90,3,2.0,2,175,85.65
10362,300,94,2,5.0,1,9,323.01
10363,300,115,6,13.0,2,203,265.87
10364,300,101,3,15.0,2,164,380.12
10365,300,48,2,11.0,2,1,77.58
10366,300,83,5,7.0,1,209,19.67
10367,300,64,4,10.0,2,223,254.43
10368,300,47,2,9.0,2,234,279.24
10369,300,87,5,7.0,2,136,267.42
10370,300,6,3,4.0,3,156,342.42
10371,300,76,1,,1,203,327.0
10372,300,85,5,3.0,2,84,173.66
10373,300,101,5,6.0,2,124,380.12
10374,300,26,5,9.0,2,12,196.47
10375,300,4,2,4.0,1,193,118.68
10376,300,7,3,13.0,1,143,255.0
10377,301,46,2,8.0,1,65,2.86
10378,301,10055,5,4.0,2,66,268.55
10379,301,93,5,11.0,4,31,39.17
10380,301,2,3,2.0,3,142,144.87
10381,301,91,6,8.0,1,225,177.83
10382,301,5,3,6.0,1,78,282.42
10383,301,14,6,12.0,2,35,354.1
10384,301,86,3,2.0,2,3,266.03
10385,301,75,3,3.0,3,82,45.02
10386,301,32,6,3.0,1,83,360.05
10387,301,56,1,2.0,2,240,269.33
10388,301,10118,6,13.0,1,188,102.4
10389,301,70,4,15.0,4,216,18.65
10390,301,25,6,6.0,1,38,381.49
10391,301,14,4,2.0,2,29,354.1
10392,301,109,3,4.0,1,41,378.53
10393,301,91,1,12.0,1,88,177.83
10394,301,18,6,2.0,3,34,65.67
10395,301,105,4,10.0,1,77,115.72
10396,301,118,6,1.0,2,1,102.4
10397,301,22,6,12.0,1,6,182.58
10398,301,59,5,6.0,1,95,149.07
10399,301,50,6,4.0,2,48,191.76
10400,301,94,6,4.0,1,100,323.01
10401,301,13,3,5.0,2,101,350.79
10402,302,23,5,,3,125,204.06
10403,302,78,6,4.0,1,132,386.82
10404,302,111,6,11.0,2,4,299.51
10405,302,79,3,,1,196,272.45
10406,302,94,3,11.0,3,18,323.01
10407,302,30,4,8.0,1,126,349.23
10408,302,4,6,3.0,1,120,118.68
10409,302,119,1,14.0,1,241,399.96
10410,302,11,3,15.0,1,223,274.48
10411,302,96,6,6.0,2,87,231.12
10412,302,71,3,12.0,1,250,273.46
10413,302,22,5,4.0,2,161,182.58
10414,302,18,1,3.0,1,142,65.67
10415,302,34,5,11.0,1,172,4.86
10416,302,69,1,1.0,1,229,334.17
10417,302,10,6,3.0,1,99,153.02
10418,302,14,6,12.0,1,68,354.1
10419,302,40,6,8.0,1,133,162.24
10420,302,32,1,13.0,2,222,360.05
10421,302,93,3,4.0,1,16,39.17
10422,302,36,1,1.0,3,30,112.83
10423,302,9,3,14.0,1,79,254.72
10424,302,37,2,8.0,1,129,374.33
10425,302,87,1,6.0,2,86,267.42
10426,302,79,2,15.0,2,123,272.45
10427,302,4,6,1.0,4,190,118.68
10428,302,60,4,11.0,1,122,393.57
10429,302,95,5,12.0,2,48,245.29
10430,302,86,5,13.0,1,79,266.03
10431,302,28,3,,1,115,195.42
10432,302,101,3,7.0,2,116,380.12
10433,302,58,6,4.0,1,145,86.84
10434,302,4,1,15.0,1,28,118.68
10435,302,37,4,11.0,2,243,374.33
10436,302,82,2,2.0,2,17,393.73
10437,302,108,4,1.0,1,188,167.48
10438,302,17,6,10.0,1,186,198.42
10439,302,84,6,4.0,1,196,288.33
10440,302,104,3,2.0,2,105,194.87
10441,302,10055,1,7.0,3,190,268.55
10442,302,113,6,11.0,3,79,268.21
10443,303,63,1,9.0,2,207,114.14
10444,303,43,1,2.0,2,95,40.97
10445,303,116,4,10.0,2,16,74.33
10446,303,64,1,6.0,3,240,254.43
10447,303,52,1,5.0,3,34,29.05
10448,303,112,2,5.0,1,87,89.33
10449,303,69,6,12.0,2,97,334.17
10450,303,109,2,13.0,2,72,378.53
10451,303,71,4,1.0,2,133,273.46
10452,303,46,6,11.0,2,17,2.86
10453,303,105,4,11.0,1,79,115.72
10454,303,8,2,14.0,1,67,268.73
10455,303,78,3,5.0,2,240,386.82
10456,303,78,2,7.0,1,245,386.82
10457,303,40,5,13.0,1,189,162.24
10458,303,16,5,7.0,2,18,359.33
10459,303,95,4,11.0,2,57,245.29
10460,303,58,4,7.0,1,113,86.84
10461,303,95,3,3.0,4,119,245.29
10462,303,89,2,11.0,3,27,228.5
10463,303,107,5,7.0,2,127,87.15
10464,303,37,1,13.0,1,86,374.33
10465,303,99,6,11.0,1,113,21.99
10466,303,82,1,10.0,2,201,393.73
10467,303,61,4,14.0,2,80,327.21
10468,303,48,3,1.0,2,6,77.58
10469,303,26,1,5.0,1,27,196.47
10470,303,23,3,2.0,1,164,204.06
10471,303,81,5,8.0,1,177,45.14
10472,303,7,3,13.0,1,166,255.0
10473,303,21,3,2.0,3,128,307.9
10474,303,82,5,6.0,2,40,393.73
10475,303,52,3,13.0,3,226,29.05
10476,303,28,4,9.0,2,191,195.42
10477,303,20,1,1.0,1,71,344.59
10478,303,54,3,7.0,1,11,263.63
10479,303,49,3,1.0,2,245,217.79
10480,303,88,1,9.0,2,119,52.66
10481,303,80,4,4.0,1,113,351.06
10482,303,5,1,3.0,1,250,282.42
10483,303,74,3,14.0,1,160,345.9
10484,303,23,1,1.0,1,109,204.06
10485,304,6,4,7.0,2,234,342.42
10486,304,87,6,6.0,2,235,267.42
10487,304,33,3,3.0,2,56,136.56
10488,304,75,3,15.0,1,191,45.02
10489,304,5,6,9.0,1,146,282.42
10490,304,52,6,,1,15,29.05
10491,304,53,2,3.0,4,25,99.99
10492,304,16,6,8.0,2,81,359.33
10493,304,49,4,3.0,1,228,217.79
10494,304,4,3,6.0,2,60,118.68
10495,304,35,6,5.0,1,231,362.36
10496,304,5,4,15.0,1,74,282.42
10497,304,102,6,8.0,1,118,332.57
10498,304,19,5,10.0,1,239,153.88
10499,304,112,3,10.0,4,50,89.33
10500,304,63,3,12.0,2,102,114.14
10501,304,63,4,12.0,1,165,114.14
10502,304,111,5,4.0,2,232,299.51
10503,304,113,5,2.0,2,17,268.21
10504,304,5,6,11.0,2,240,282.42
10505,304,10096,2,6.0,2,237,231.12
10506,304,19,2,6.0,4,12,153.88
10507,304,102,5,7.0,1,168,332.57
10508,304,24,3,11.0,1,157,204.05
10509,304,33,4,,1,217,136.56
10510,304,120,6,2.0,1,102,18.02
10511,304,47,3,3.0,2,120,279.24
10512,304,26,6,8.0,2,15,196.47
10513,304,114,3,2.0,1,190,392.33
10514,304,107,6,5.0,1,122,87.15
10515,305,79,4,11.0,1,167,272.45
10516,305,34,3,12.0,5,12,4.86
10517,305,34,2,14.0,2,9,4.86
10518,305,85,4,15.0,1,9,173.66
10519,305,27,3,14.0,1,213,25.05
10520,305,10055,4,13.0,1,71,268.55
10521,305,35,3,13.0,1,102,362.36
10522,305,69,3,2.0,1,150,334.17
10523,305,117,4,7.0,2,188,132.08
10524,305,111,2,8.0,1,155,299.51
10525,305,15,1,9.0,1,87,100.16
10526,305,45,5,11.0,1,117,193.58
10527,305,10118,5,10.0,1,75,102.4
10528,305,98,2,14.0,4,156,89.1
10529,305,45,2,2.0,1,142,193.58
10530,305,102,4,7.0,1,23,332.57
10531,305,48,6,3.0,2,172,77.58
10532,305,117,3,15.0,1,210,132.08
10533,305,111,2,1.0,2,128,299.51
10534,305,28,2,5.0,2,13,195.42
10535,305,94,2,4.0,2,101,323.01
10536,305,15,3,10.0,3,47,100.16
10537,305,54,5,11.0,3,133,263.63
10538,305,10096,1,6.0,1,107,231.12
10539,305,7,1,13.0,1,37,255.0
10540,305,47,1,12.0,2,105,279.24
10541,305,3,3,1.0,2,159,184.85
10542,305,5,2,8.0,1,206,282.42
10543,305,19,6,13.0,1,121,153.88
10544,305,106,2,10.0,1,59,57.07
10545,305,81,2,12.0,2,181,45.14
10546,305,36,5,3.0,2,128,112.83
10547,305,95,2,12.0,2,187,245.29
10548,306,10096,4,14.0,2,248,231.12
10549,306,19,3,,2,121,153.88
10550,306,118,5,10.0,1,213,102.4
10551,306,65,1,11.0,1,107,38.73
10552,306,86,5,,3,205,266.03
10553,306,97,1,9.0,2,186,99.11
10554,306,3,5,7.0,1,186,184.85
10555,306,19,3,6.0,1,213,153.88
10556,306,62,3,3.0,1,100,107.26
10557,306,103,2,12.0,2,181,105.16
10558,306,24,2,6.0,2,90,204.05
10559,306,41,1,7.0,1,159,77.7
10560,306,25,2,15.0,3,114,381.49
10561,306,13,1,7.0,1,87,350.79
10562,306,100,1,9.0,2,103,320.96
10563,306,10060,3,13.0,1,84,393.57
10564,306,29,2,7.0,3,209,264.58
10565,306,10055,6,14.0,2,119,268.55
10566,306,20,6,7.0,1,191,344.59
10567,306,10060,4,11.0,1,24,393.57
10568,306,28,2,8.0,2,40,195.42
10569,306,74,1,2.0,1,138,345.9
10570,306,52,3,14.0,1,14,29.05
10571,306,120,2,12.0,2,171,18.02
10572,306,44,1,8.0,3,226,370.69
10573,306,54,6,6.0,2,159,263.63
10574,306,97,5,10.0,2,98,99.11
10575,306,53,5,1.0,5,190,99.99
10576,306,26,4,5.0,1,147,196.47
10577,306,102,3,14.0,2,75,332.57
10578,306,86,1,4.0,1,228,266.03
10579,306,20,3,14.0,2,108,344.59
10580,307,61,3,5.0,2,38,327.21
10581,307,13,2,3.0,1,248,350.79
10582,307,104,6,14.0,2,123,194.87
10583,307,66,1,14.0,1,206,134.76
10584,307,4,2,4.0,2,27,118.68
10585,307,13,1,10.0,2,238,350.79
10586,307,31,6,1.0,1,130,276.57
10587,307,31,2,1.0,2,77,276.57
10588,307,95,3,4.0,1,82,245.29
10589,307,94,2,12.0,2,76,323.01
10590,307,9,6,2.0,5,155,254.72
10591,307,81,1,7.0,2,59,45.14
10592,307,26,3,11.0,3,22,196.47
10593,307,112,3,4.0,2,63,89.33
10594,307,82,5,3.0,4,83,393.73
10595,307,63,4,3.0,1,177,114.14
10596,307,5,4,3.0,2,146,282.42
10597,307,76,6,13.0,4,142,327.0
10598,307,23,5,6.0,2,118,204.06
10599,307,72,4,11.0,1,26,389.59
10600,307,85,6,2.0,2,110,173.66
10601,307,48,3,4.0,2,28,77.58
10602,307,42,2,6.0,3,26,186.13
10603,307,118,5,2.0,1,202,102.4
10604,307,60,6,7.0,1,21,393.57
10605,307,55,1,4.0,1,58,268.55
10606,307,3,4,13.0,2,178,184.85
10607,307,49,4,8.0,2,180,217.79
10608,307,1,4,15.0,1,219,382.97
10609,307,31,1,8.0,1,203,276.57
10610,307,99,5,1.0,2,170,21.99
10611,307,80,4,10.0,2,110,351.06
10612,307,19,1,9.0,1,111,153.88
10613,307,26,1,2.0,1,166,196.47
10614,307,57,5,11.0,1,116,184.4
10615,307,89,5,5.0,1,126,228.5
10616,307,2,1,3.0,4,164,144.87
10617,308,32,1,6.0,1,84,360.05
10618,308,34,4,7.0,2,29,4.86
10619,308,30,5,15.0,1,239,349.23
10620,308,30,5,3.0,1,217,349.23
10621,308,44,3,7.0,1,210,370.69
10622,308,8,5,5.0,2,34,268.73
10623,308,85,1,7.0,1,51,173.66
10624,308,94,1,6.0,1,166,323.01
10625,308,65,5,2.0,1,241,38.73
10626,308,80,5,8.0,1,132,351.06
10627,308,106,3,6.0,1,138,57.07
10628,308,86,3,2.0,2,224,266.03
10629,308,113,4,9.0,2,93,268.21
10630,308,51,6,10.0,2,38,384.39
10631,308,92,6,5.0,1,59,69.54
10632,308,53,2,3.0,2,129,99.99
10633,308,10,4,13.0,2,112,153.02
10634,308,28,6,13.0,1,86,195.42
10635,308,25,5,6.0,1,207,381.49
10636,308,86,5,6.0,1,129,266.03
10637,308,17,5,7.0,2,61,198.42
10638,308,8,5,8.0,2,181,268.73
10639,308,43,3,5.0,1,32,40.97
10640,308,27,6,10.0,1,77,25.05
10641,308,11,3,12.0,3,31,274.48
10642,308,117,1,5.0,1,185,132.08
10643,308,112,1,8.0,3,216,89.33
10644,308,40,2,6.0,1,127,162.24
10645,308,40,1,6.0,1,41,162.24
10646,308,89,4,8.0,2,238,228.5
10647,308,26,3,8.0,2,111,196.47
10648,308,105,2,8.0,1,203,115.72
10649,308,113,4,10.0,4,126,268.21
10650,308,86,6,,1,8,266.03
10651,308,84,3,15.0,1,26,288.33
10652,308,37,1,14.0,2,205,374.33
10653,308,36,4,12.0,4,11,112.83
10654,308,92,6,1.0,1,132,69.54
10655,308,20,2,3.0,1,211,344.59
10656,309,4,1,12.0,1,92,118.68
10657,309,101,6,8.0,1,66,380.12
10658,309,107,4,10.0,3,15,87.15
10659,309,48,3,8.0,2,130,77.58
10660,309,80,1,15.0,1,127,351.06
10661,309,90,3,15.0,1,140,85.65
10662,309,18,4,4.0,1,211,65.67
10663,309,100,6,15.0,4,79,320.96
10664,309,111,4,10.0,3,236,299.51
10665,309,92,3,13.0,1,14,69.54
10666,309,38,1,2.0,2,109,323.38
10667,309,52,6,5.0,2,170,29.05
10668,309,34,5,6.0,3,164,4.86
10669,309,32,3,2.0,2,248,360.05
10670,309,62,6,4.0,2,53,107.26
10671,309,88,6,13.0,1,182,52.66
10672,309,10060,6,15.0,2,117,393.57
10673,309,93,2,2.0,1,161,39.17
10674,309,21,1,11.0,3,5,307.9
10675,309,86,2,4.0,3,18,266.03
10676,309,49,4,11.0,2,134,217.79
10677,309,11,6,1.0,1,140,274.48
10678,309,119,1,14.0,2,61,399.96
10679,309,72,2,10.0,3,175,389.59
10680,309,1,6,14.0,2,172,382.97
10681,309,58,5,4.0,2,201,86.84
10682,309,40,3,15.0,1,18,162.24
10683,309,88,2,15.0,2,200,52.66
10684,309,24,5,10.0,2,145,204.05
10685,310,21,3,11.0,2,41,307.9
10686,310,90,3,3.0,1,15,85.65
10687,310,61,6,2.0,1,67,327.21
10688,310,78,1,1.0,1,168,386.82
10689,310,87,3,3.0,1,134,267.42
10690,310,79,2,4.0,3,148,272.45
10691,310,101,1,,4,218,380.12
10692,310,29,2,9.0,2,48,264.58
10693,310,41,2,5.0,1,139,77.7
10694,310,110,2,10.0,2,100,4.35
10695,310,79,5,4.0,1,247,272.45
10696,310,71,3,12.0,2,47,273.46
10697,310,1,6,11.0,1,180,382.97
10698,310,89,6,5.0,4,78,228.5
10699,310,71,3,3.0,2,2,273.46
10700,310,8,3,12.0,1,211,268.73
10701,310,110,4,,2,49,4.35
10702,310,22,1,8.0,2,117,182.58
10703,310,79,1,13.0,1,65,272.45
10704,310,81,5,9.0,2,62,45.14
10705,310,4,2,12.0,2,71,118.68
10706,310,7,2,3.0,1,131,255.0
10707,310,8,2,15.0,2,153,268.73
10708,310,77,3,8.0,2,84,11.42
10709,310,114,1,4.0,5,119,392.33
10710,310,8,4,7.0,1,198,268.73
10711,310,84,6,12.0,3,6,288.33
10712,310,21,3,7.0,2,110,307.9
10713,310,69,5,2.0,1,232,334.17
10714,310,37,4,14.0,1,54,374.33
10715,310,47,5,6.0,1,144,279.24
10716,310,80,3,15.0,1,90,351.06
10717,310,9,5,10.0,1,240,254.72
10718,310,109,5,,2,230,378.53
10719,310,39,3,5.0,2,128,170.58
10720,310,27,4,4.0,1,194,25.05
10721,310,72,6,3.0,2,90,389.59
10722,310,120,3,6.0,4,140,18.02
10723,310,40,4,10.0,1,92,162.24
10724,310,42,6,12.0,3,2,186.13
10725,310,72,4,14.0,1,14,389.59
10726,310,77,6,7.0,1,237,11.42
10727,310,44,1,10.0,1,165,370.69
10728,310,79,2,14.0,1,85,272.45
10729,310,59,1,3.0,1,109,149.07
10730,310,10060,5,6.0,1,12,393.57
10731,310,70,1,5.0,2,177,18.65
10732,311,81,4,12.0,2,201,45.14
10733,311,24,5,12.0,2,76,204.05
10734,311,19,4,14.0,1,205,153.88
10735,311,21,1,3.0,2,47,307.9
10736,311,15,2,14.0,1,58,100.16
10737,311,23,5,12.0,2,73,204.06
10738,311,105,4,15.0,1,216,115.72
10739,311,64,4,12.0,1,25,254.43
10740,311,38,5,10.0,3,219,323.38
10741,311,12,3,3.0,2,173,322.41
10742,311,43,3,13.0,2,144,40.97
10743,311,94,5,15.0,2,162,323.01
10744,311,30,3,11.0,5,76,349.23
10745,311,81,5,14.0,2,193,45.14
10746,311,76,3,6.0,1,237,327.0
10747,311,83,5,3.0,2,35,19.67
10748,311,61,6,2.0,2,34,327.21
10749,311,74,6,9.0,5,23,345.9
10750,311,39,5,13.0,2,17,170.58
10751,311,37,5,4.0,1,109,374.33
10752,311,73,5,2.0,3,238,352.8
10753,311,41,6,,3,173,77.7
10754,312,42,5,11.0,5,218,186.13
10755,312,84,4,5.0,1,16,288.33
10756,312,91,3,6.0,1,199,177.83
10757,312,34,6,6.0,2,154,4.86
10758,312,22,1,,2,77,182.58
10759,312,87,5,14.0,1,23,267.42
10760,312,24,5,7.0,3,83,204.05
10761,312,5,4,3.0,1,84,282.42
10762,312,91,3,6.0,1,228,177.83
10763,312,7,5,6.0,1,214,255.0
10764,312,60,1,14.0,1,114,393.57
10765,312,75,4,1.0,2,220,45.02
10766,312,12,6,5.0,2,29,322.41
10767,312,47,1,9.0,1,68,279.24
10768,312,72,2,10.0,2,81,389.59
10769,312,101,3,6.0,4,138,380.12
10770,312,63,4,12.0,4,105,114.14
10771,312,109,2,7.0,2,154,378.53
10772,312,15,3,11.0,2,172,100.16
10773,312,77,1,1.0,3,218,11.42
10774,312,23,4,1.0,2,3,204.06
10775,312,29,3,11.0,1,36,264.58
10776,312,80,3,10.0,1,182,351.06
10777,312,75,1,13.0,2,121,45.02
10778,312,34,5,4.0,1,144,4.86
10779,312,82,6,4.0,1,123,393.73
10780,312,111,5,5.0,1,152,299.51
10781,312,32,6,8.0,2,228,360.05
10782,312,64,1,9.0,2,23,254.43
10783,312,85,6,11.0,2,23,173.66
10784,312,30,2,10.0,1,84,349.23
10785,312,120,2,2.0,3,69,18.02
10786,312,36,1,8.0,1,4,112.83
10787,312,113,1,9.0,2,125,268.21
10788,312,54,2,9.0,2,125,263.63
10789,312,79,6,9.0,2,186,272.45
10790,312,87,2,1.0,1,213,267.42
10791,312,19,2,5.0,2,73,153.88
10792,312,85,6,6.0,2,29,173.66
10793,312,66,5,15.0,2,66,134.76
10794,312,61,1,1.0,2,206,327.21
10795,312,19,6,10.0,1,152,153.88
10796,312,91,6,5.0,1,43,177.83
10797,312,98,1,12.0,1,32,89.1
10798,313,29,6,4.0,2,127,264.58
10799,313,36,2,4.0,2,228,112.83
10800,313,108,3,8.0,3,147,167.48
10801,313,91,6,4.0,1,58,177.83
10802,313,45,5,7.0,1,129,193.58
10803,313,21,1,15.0,1,86,307.9
10804,313,79,6,7.0,3,142,272.45
10805,313,37,4,2.0,1,99,374.33
10806,313,2,6,3.0,4,12,144.87
10807,313,10096,1,5.0,2,3,231.12
10808,313,100,6,5.0,2,185,320.96
10809,313,44,6,7.0,2,40,370.69
10810,313,17,1,4.0,2,228,198.42
10811,313,6,6,2.0,2,62,342.42
10812,313,119,5,15.0,1,177,399.96
10813,313,113,5,10.0,4,34,268.21
10814,313,11,5,10.0,2,239,274.48
10815,313,46,3,12.0,2,150,2.86
10816,313,77,4,5.0,1,120,11.42
10817,313,85,1,5.0,2,202,173.66
10818,313,17,6,14.0,2,93,198.42
10819,314,73,3,5.0,1,209,352.8
10820,314,13,3,5.0,1,108,350.79
10821,314,47,4,2.0,2,205,279.24
10822,314,41,2,12.0,1,228,77.7
10823,314,66,5,7.0,2,77,134.76
10824,314,111,1,10.0,1,59,299.51
10825,314,33,2,8.0,3,238,136.56
10826,314,20,1,10.0,2,26,344.59
10827,314,56,6,8.0,1,88,269.33
10828,314,29,5,8.0,1,124,264.58
10829,314,17,6,8.0,3,189,198.42
10830,314,47,3,3.0,1,66,279.24
10831,314,41,1,14.0,1,135,77.7
10832,314,36,1,8.0,2,36,112.83
10833,314,111,4,1.0,1,114,299.51
10834,314,9,5,4.0,1,211,254.72
10835,314,10096,6,7.0,2,61,231.12
10836,314,77,5,11.0,1,143,11.42
10837,314,10096,4,6.0,3,41,231.12
10838,314,1,5,9.0,1,49,382.97
10839,314,59,3,15.0,4,140,149.07
10840,314,101,2,4.0,3,41,380.12
10841,314,68,5,13.0,4,197,31.95
10842,314,13,6,9.0,1,89,350.79
10843,314,73,6,9.0,2,250,352.8
10844,314,12,5,2.0,2,205,322.41
10845,314,80,3,2.0,4,128,351.06
10846,314,91,5,3.0,2,200,177.83
10847,314,53,3,11.0,2,236,99.99
10848,314,84,3,13.0,2,80,288.33
10849,314,37,5,12.0,1,26,374.33
10850,315,35,1,14.0,2,145,362.36
10851,315,28,2,5.0,2,199,195.42
10852,315,81,1,10.0,1,166,45.14
10853,315,95,4,7.0,1,50,245.29
10854,315,38,6,11.0,1,133,323.38
10855,315,86,4,3.0,2,79,266.03
10856,315,65,2,12.0,1,8,38.73
10857,315,16,2,15.0,3,43,359.33
10858,315,80,5,7.0,1,240,351.06
10859,315,10,1,14.0,2,29,153.02
10860,315,65,6,13.0,2,42,38.73
10861,315,38,6,3.0,5,10,323.38
10862,315,74,5,2.0,1,92,345.9
10863,315,116,5,2.0,1,240,74.33
10864,315,60,4,6.0,2,28,393.57
10865,315,46,1,15.0,1,137,2.86
10866,315,48,3,1.0,1,193,77.58
10867,315,57,4,11.0,1,222,184.4
10868,315,13,4,14.0,1,121,350.79
10869,315,4,1,,1,99,118.68
10870,315,97,5,14.0,3,80,99.11
10871,315,100,4,4.0,1,141,320.96
10872,315,103,4,14.0,1,204,105.16
10873,315,89,5,15.0,1,94,228.5
10874,315,111,4,1.0,2,238,299.51
10875,315,23,5,9.0,1,41,204.06
10876,315,25,4,6.0,1,212,381.49
10877,315,18,5,15.0,1,9,65.67
10878,315,27,6,3.0,2,98,25.05
10879,315,57,1,7.0,1,201,184.4
10880,315,38,5,3.0,2,174,323.38
10881,315,111,2,6.0,1,73,299.51
10882,315,103,4,14.0,2,194,105.16
10883,315,36,4,13.0,2,20,112.83
10884,315,12,3,15.0,1,153,322.41
10885,315,7,2,4.0,4,91,255.0
10886,316,119,3,15.0,5,53,399.96
10887,316,33,4,14.0,1,99,136.56
10888,316,17,2,12.0,2,124,198.42
10889,316,64,3,10.0,1,4,254.43
10890,316,46,3,13.0,1,37,2.86
10891,316,97,2,6.0,1,153,99.11
10892,316,34,2,10.0,2,116,4.86
10893,316,49,3,2.0,2,159,217.79
10894,316,10060,6,1.0,2,178,393.57
10895,316,38,5,15.0,2,243,323.38
10896,316,14,4,6.0,1,98,354.1
10897,316,31,5,3.0,2,238,276.57
10898,316,99,6,11.0,1,82,21.99
10899,316,24,3,,1,89,204.05
10900,316,95,3,11.0,1,120,245.29
10901,316,101,1,7.0,2,215,380.12
10902,316,68,5,9.0,2,184,31.95
10903,316,115,3,11.0,2,243,265.87
10904,316,55,3,11.0,4,144,268.55
10905,316,98,5,10.0,1,198,89.1
10906,316,62,3,12.0,2,75,107.26
10907,316,81,5,1.0,3,188,45.14
10908,316,39,2,3.0,2,205,170.58
10909,316,52,5,8.0,2,227,29.05
10910,316,42,1,15.0,2,236,186.13
10911,316,111,6,15.0,2,206,299.51
10912,317,8,5,9.0,1,2,268.73
10913,317,52,4,13.0,2,237,29.05
10914,317,34,3,14.0,3,245,4.86
10915,317,116,2,14.0,3,41,74.33
10916,317,53,4,12.0,2,165,99.99
10917,317,76,2,3.0,2,56,327.0
10918,317,14,1,12.0,1,38,354.1
10919,317,80,3,11.0,2,99,351.06
10920,317,10,5,6.0,1,116,153.02
10921,317,27,2,12.0,1,63,25.05
10922,317,29,6,2.0,1,74,264.58
10923,317,53,3,2.0,1,160,99.99
10924,317,21,6,11.0,4,74,307.9
10925,317,8,2,6.0,1,136,268.73
10926,317,50,5,4.0,4,40,191.76
10927,317,99,6,10.0,2,69,21.99
10928,317,10060,1,14.0,1,49,393.57
10929,317,97,2,8.0,3,8,99.11
10930,317,13,5,14.0,2,118,350.79
10931,317,71,4,12.0,2,60,273.46
10932,317,82,1,13.0,2,147,393.73
10933,317,58,3,8.0,2,80,86.84
10934,317,7,1,7.0,1,164,255.0
10935,317,84,4,1.0,2,1,288.33
10936,317,60,1,4.0,2,34,393.57
10937,317,87,6,7.0,1,191,267.42
10938,317,70,1,1.0,3,135,18.65
10939,317,101,2,1.0,3,2,380.12
10940,317,107,1,15.0,2,39,87.15
10941,318,17,6,12.0,2,102,198.42
10942,318,28,5,2.0,2,217,195.42
10943,318,16,1,15.0,2,140,359.33
10944,318,94,4,13.0,3,69,323.01
10945,318,15,1,15.0,2,119,100.16
10946,318,67,4,1.0,1,215,177.85
10947,318,37,5,2.0,5,203,374.33
10948,318,100,4,3.0,2,144,320.96
10949,318,20,3,7.0,1,66,344.59
10950,318,117,5,9.0,2,162,132.08
10951,318,56,4,2.0,1,230,269.33
10952,318,3,2,5.0,3,219,184.85
10953,318,105,5,6.0,1,10,115.72
10954,318,91,3,3.0,4,231,177.83
10955,318,109,5,13.0,2,37,378.53
10956,318,107,3,1.0,3,85,87.15
10957,318,10055,3,6.0,2,1,268.55
10958,318,22,3,5.0,5,167,182.58
10959,318,54,2,6.0,2,46,263.63
10960,318,85,4,5.0,1,129,173.66
10961,318,10096,1,4.0,1,40,231.12
10962,318,3,4,4.0,1,158,184.85
10963,318,17,1,13.0,2,135,198.42
10964,318,55,6,8.0,1,72,268.55
10965,318,114,2,12.0,1,126,392.33
10966,318,64,2,1.0,2,236,254.43
10967,318,39,5,1.0,2,179,170.58
10968,318,50,4,8.0,2,194,191.76
10969,318,23,5,11.0,2,41,204.06
10970,318,91,5,11.0,4,80,177.83
10971,318,77,1,11.0,2,11,11.42
10972,318,92,4,7.0,1,77,69.54
10973,318,77,3,14.0,2,249,11.42
10974,318,65,3,15.0,1,105,38.73
10975,318,60,6,4.0,1,177,393.57
10976,319,26,3,9.0,1,192,196.47
10977,319,82,2,14.0,2,119,393.73
10978,319,19,2,13.0,2,97,153.88
10979,319,42,3,9.0,1,162,186.13
10980,319,64,3,13.0,1,205,254.43
10981,319,55,6,11.0,1,71,268.55
10982,319,25,6,,2,8,381.49
10983,319,13,3,7.0,1,84,350.79
10984,319,115,5,15.0,2,235,265.87
10985,319,71,2,4.0,1,35,273.46
10986,319,40,3,4.0,5,90,162.24
10987,319,66,2,13.0,1,195,134.76
10988,319,10118,6,14.0,2,94,102.4
10989,319,86,3,15.0,2,163,266.03
10990,319,1,2,10.0,1,141,382.97
10991,319,26,2,8.0,1,164,196.47
10992,319,102,5,6.0,1,173,332.57
10993,319,2,1,15.0,2,23,144.87
10994,319,11,3,9.0,1,28,274.48
10995,319,108,2,6.0,2,63,167.48
10996,319,21,5,6.0,2,140,307.9
10997,319,93,4,10.0,2,199,39.17
10998,319,26,5,11.0,1,94,196.47
10999,319,114,4,10.0,1,193,392.33
11000,319,18,1,6.0,2,17,65.67
11001,319,10096,5,2.0,1,16,231.12
11002,319,75,3,1.0,1,10,45.02
11003,319,63,2,1.0,1,174,114.14
11004,319,51,5,8.0,1,165,384.39
11005,319,25,5,,1,163,381.49
11006,319,49,2,14.0,2,101,217.79
11007,319,54,6,11.0,2,26,263.63
11008,319,32,1,8.0,1,87,360.05
11009,319,77,5,15.0,1,221,11.42
11010,319,11,3,14.0,2,247,274.48
11011,319,93,3,4.0,1,8,39.17
11012,319,86,3,15.0,2,29,266.03
11013,319,26,5,14.0,1,232,196.47
11014,319,112,6,8.0,2,77,89.33
11015,320,18,6,10.0,2,214,65.67
11016,320,40,1,5.0,1,169,162.24
11017,320,32,5,5.0,2,126,360.05
11018,320,18,5,8.0,3,206,65.67
11019,320,84,3,10.0,2,118,288.33
11020,320,72,5,3.0,3,237,389.59
11021,320,44,3,1.0,2,187,370.69
11022,320,36,2,1.0,2,29,112.83
11023,320,76,5,2.0,1,195,327.0
11024,320,61,4,13.0,2,72,327.21
11025,320,73,6,1.0,1,185,352.8
11026,320,91,5,7.0,1,239,177.83
11027,320,96,4,14.0,1,201,231.12
11028,320,73,3,15.0,1,238,352.8
11029,320,2,1,11.0,2,230,144.87
11030,320,45,6,4.0,1,153,193.58
11031,320,85,2,6.0,1,103,173.66
11032,320,59,4,4.0,2,28,149.07
11033,320,46,2,9.0,1,185,2.86
11034,320,104,1,2.0,2,189,194.87
11035,320,9,4,8.0,2,61,254.72
11036,320,47,5,3.0,2,229,279.24
11037,320,73,6,6.0,1,23,352.8
11038,320,75,3,9.0,1,127,45.02
11039,321,9,2,11.0,2,227,254.72
11040,321,45,6,11.0,2,150,193.58
11041,321,8,3,5.0,1,138,268.73
11042,321,100,2,3.0,3,185,320.96
11043,321,28,5,5.0,3,51,195.42
11044,321,26,1,13.0,2,40,196.47
11045,321,77,5,9.0,1,108,11.42
11046,321,85,6,9.0,2,76,173.66
11047,321,89,4,2.0,1,81,228.5
11048,321,85,4,1.0,1,178,173.66
11049,321,111,6,1.0,2,212,299.51
11050,321,79,5,15.0,1,165,272.45
11051,321,94,5,14.0,1,189,323.01
11052,321,43,5,5.0,1,21,40.97
11053,321,106,5,2.0,1,197,57.07
11054,321,12,3,11.0,3,182,322.41
11055,321,40,1,12.0,2,216,162.24
11056,321,67,1,12.0,1,169,177.85
11057,321,92,2,7.0,2,64,69.54
11058,321,88,3,9.0,1,84,52.66
11059,321,19,5,7.0,3,210,153.88
11060,321,12,2,1.0,1,215,322.41
11061,321,104,2,9.0,1,245,194.87
11062,321,83,6,5.0,1,175,19.67
11063,321,35,3,4.0,1,8,362.36
11064,321,83,3,14.0,1,173,19.67
11065,321,10118,4,8.0,2,236,102.4
11066,321,83,3,14.0,1,216,19.67
11067,321,102,3,9.0,2,54,332.57
11068,321,32,2,15.0,1,94,360.05
11069,321,101,2,4.0,1,11,380.12
11070,321,95,3,9.0,1,209,245.29
11071,321,112,1,1.0,1,48,89.33
11072,321,111,3,,2,185,299.51
11073,321,55,4,7.0,5,148,268.55
11074,321,46,1,6.0,2,183,2.86
11075,321,11,1,10.0,1,105,274.48
11076,321,111,6,7.0,1,196,299.51
11077,321,64,3,11.0,4,182,254.43
11078,321,24,6,11.0,1,193,204.05
11079,321,26,5,5.0,2,132,196.47
11080,322,41,5,7.0,2,13,77.7
11081,322,113,1,11.0,1,40,268.21
11082,322,66,4,11.0,1,56,134.76
11083,322,71,1,12.0,2,174,273.46
11084,322,83,2,10.0,2,25,19.67
11085,322,74,2,14.0,2,28,345.9
11086,322,69,4,3.0,4,25,334.17
11087,322,1,1,2.0,1,120,382.97
11088,322,59,4,2.0,2,131,149.07
11089,322,67,4,11.0,1,216,177.85
11090,322,17,2,5.0,1,153,198.42
11091,322,43,2,10.0,2,58,40.97
11092,322,14,4,6.0,1,204,354.1
11093,322,63,4,4.0,2,22,114.14
11094,322,99,4,10.0,2,63,21.99
11095,322,42,2,13.0,1,191,186.13
11096,322,10055,4,13.0,2,206,268.55
11097,322,79,2,7.0,1,169,272.45
11098,322,12,5,6.0,1,112,322.41
11099,322,55,6,2.0,2,99,268.55
11100,322,15,4,2.0,1,197,100.16
11101,322,69,6,3.0,1,137,334.17
11102,322,95,2,4.0,1,201,245.29
11103,322,25,2,1.0,1,183,381.49
11104,322,76,4,9.0,2,113,327.0
11105,322,39,6,7.0,1,180,170.58
11106,322,91,3,2.0,1,132,177.83
11107,322,110,4,9.0,2,169,4.35
11108,322,98,2,15.0,1,84,89.1
11109,323,36,1,6.0,4,15,112.83
11110,323,9,3,5.0,1,196,254.72
11111,323,48,1,11.0,2,107,77.58
11112,323,54,5,7.0,1,177,263.63
11113,323,70,4,5.0,2,123,18.65
11114,323,11,2,3.0,3,87,274.48
11115,323,83,5,15.0,2,231,19.67
11116,323,32,3,2.0,2,7,360.05
11117,323,100,4,3.0,1,157,320.96
11118,323,80,4,7.0,2,94,351.06
11119,323,21,6,15.0,1,108,307.9
11120,323,81,1,15.0,2,156,45.14
11121,323,49,4,8.0,1,117,217.79
11122,323,109,1,,1,189,378.53
11123,323,88,5,10.0,3,121,52.66
11124,323,96,1,12.0,3,15,231.12
11125,324,28,6,5.0,3,10,195.42
11126,324,32,3,9.0,2,47,360.05
11127,324,88,1,8.0,2,51,52.66
11128,324,118,2,15.0,2,14,102.4
11129,324,86,1,7.0,1,73,266.03
11130,324,90,3,9.0,3,239,85.65
11131,324,66,5,15.0,1,165,134.76
11132,324,68,5,5.0,2,90,31.95
11133,324,81,6,10.0,3,188,45.14
11134,324,60,6,2.0,3,26,393.57
11135,324,77,1,10.0,1,216,11.42
11136,324,9,6,1.0,1,239,254.72
11137,324,91,2,11.0,1,184,177.83
11138,324,46,1,,2,221,2.86
11139,324,110,6,15.0,2,53,4.35
11140,324,98,4,7.0,4,101,89.1
11141,324,55,5,10.0,2,147,268.55
11142,324,19,1,,2,48,153.88
11143,324,10096,3,4.0,4,13,231.12
11144,324,118,2,2.0,3,70,102.4
11145,324,6,6,7.0,2,96,342.42
11146,324,104,2,3.0,2,215,194.87
11147,324,77,3,1.0,2,64,11.42
11148,324,81,5,12.0,2,19,45.14
11149,324,70,3,11.0,5,175,18.65
11150,324,97,6,1.0,2,78,99.11
11151,324,27,5,9.0,2,114,25.05
11152,324,19,6,8.0,1,106,153.88
11153,324,20,1,14.0,2,51,344.59
11154,324,81,3,2.0,1,72,45.14
11155,324,109,1,4.0,2,240,378.53
11156,324,66,6,15.0,2,78,134.76
11157,324,107,6,10.0,2,183,87.15
11158,325,23,1,,3,197,204.06
11159,325,119,1,13.0,1,8,399.96
11160,325,36,1,8.0,3,9,112.83
11161,325,92,3,4.0,1,205,69.54
11162,325,32,2,5.0,2,210,360.05
11163,325,40,1,11.0,2,113,162.24
11164,325,66,5,14.0,1,212,134.76
11165,325,109,1,13.0,1,226,378.53
11166,325,110,6,12.0,2,243,4.35
11167,325,19,6,2.0,1,9,153.88
11168,325,64,2,5.0,2,139,254.43
11169,325,11,6,2.0,2,232,274.48
11170,325,44,1,8.0,2,176,370.69
11171,325,31,1,5.0,2,176,276.57
11172,325,111,6,10.0,1,100,299.51
11173,325,80,4,11.0,2,82,351.06
11174,325,51,4,2.0,1,71,384.39
11175,325,7,4,12.0,1,137,255.0
11176,325,56,5,14.0,3,198,269.33
11177,325,28,4,12.0,3,193,195.42
11178,325,13,6,8.0,1,32,350.79
11179,325,74,5,4.0,1,219,345.9
11180,325,112,5,8.0,2,98,89.33
11181,325,62,1,13.0,2,126,107.26
11182,325,1,2,8.0,2,148,382.97
11183,325,100,2,5.0,3,87,320.96
11184,325,65,3,1.0,1,180,38.73
11185,325,29,5,9.0,4,164,264.58
11186,325,54,3,6.0,2,214,263.63
11187,325,95,5,13.0,2,219,245.29
11188,325,70,6,14.0,2,78,18.65
11189,325,66,4,10.0,2,182,134.76
11190,325,23,1,10.0,1,37,204.06
11191,325,71,4,1.0,1,166,273.46
11192,325,61,3,12.0,2,203,327.21
11193,325,48,3,12.0,2,178,77.58
11194,325,114,3,10.0,3,37,392.33
11195,325,10060,4,1.0,1,234,393.57
11196,326,29,2,6.0,2,118,264.58
11197,326,34,1,7.0,1,101,4.86
11198,326,31,6,12.0,1,195,276.57
11199,326,36,3,12.0,1,166,112.83
11200,326,30,1,10.0,2,39,349.23
11201,326,55,4,13.0,2,169,268.55
11202,326,57,4,,1,143,184.4
11203,326,88,5,2.0,1,16,52.66
11204,326,33,3,14.0,1,184,136.56
11205,326,98,4,11.0,2,118,89.1
11206,326,31,5,7.0,2,157,276.57
11207,326,32,6,13.0,2,202,360.05
11208,326,97,5,4.0,2,130,99.11
11209,326,26,5,7.0,1,142,196.47
11210,326,71,6,9.0,2,149,273.46
11211,326,20,3,8.0,2,54,344.59
11212,326,93,4,2.0,2,234,39.17
11213,326,45,2,4.0,5,86,193.58
11214,326,104,6,12.0,1,162,194.87
11215,326,62,5,4.0,2,188,107.26
11216,326,18,1,9.0,2,7,65.67
11217,326,67,3,10.0,1,104,177.85
11218,326,26,2,3.0,1,153,196.47
11219,326,100,5,1.0,3,139,320.96
11220,326,20,6,11.0,1,162,344.59
11221,326,69,1,8.0,1,104,334.17
11222,326,95,4,9.0,1,219,245.29
11223,326,57,6,12.0,1,155,184.4
11224,326,69,1,1.0,2,92,334.17
11225,326,57,3,9.0,2,244,184.4
11226,327,5,3,8.0,1,72,282.42
11227,327,55,2,3.0,1,100,268.55
11228,327,91,2,5.0,1,143,177.83
11229,327,64,2,2.0,2,136,254.43
11230,327,100,5,9.0,2,211,320.96
11231,327,51,1,10.0,1,78,384.39
11232,327,31,3,3.0,1,68,276.57
11233,327,109,2,6.0,2,122,378.53
11234,327,104,4,9.0,2,83,194.87
11235,327,60,2,11.0,1,181,393.57
11236,327,30,5,12.0,1,91,349.23
11237,327,112,1,,2,160,89.33
11238,327,117,5,15.0,2,176,132.08
11239,327,73,2,5.0,4,166,352.8
11240,327,41,6,,2,84,77.7
11241,327,35,5,,1,129,362.36
11242,327,96,2,10.0,2,125,231.12
11243,327,29,3,6.0,1,61,264.58
11244,327,108,3,7.0,5,26,167.48
11245,327,63,4,10.0,2,155,114.14
11246,327,59,2,3.0,2,179,149.07
11247,327,112,4,2.0,1,194,89.33
11248,327,120,2,1.0,5,3,18.02
11249,327,2,2,6.0,1,190,144.87
11250,327,109,4,13.0,1,224,378.53
11251,327,79,4,12.0,5,112,272.45
11252,327,32,5,15.0,2,82,360.05
11253,327,46,2,7.0,1,167,2.86
11254,327,2,1,9.0,2,229,144.87
11255,327,20,1,14.0,3,2,344.59
11256,327,52,5,15.0,1,159,29.05
11257,327,10055,3,15.0,2,238,268.55
11258,327,73,2,15.0,1,170,352.8
11259,327,19,3,6.0,1,242,153.88
11260,327,24,2,2.0,1,78,204.05
11261,327,69,5,13.0,2,22,334.17
11262,327,103,5,11.0,1,22,105.16
11263,327,52,5,4.0,3,241,29.05
11264,328,71,1,10.0,1,84,273.46
11265,328,6,4,,2,189,342.42
11266,328,98,4,12.0,2,17,89.1
11267,328,56,2,2.0,1,167,269.33
11268,328,104,2,8.0,2,75,194.87
11269,328,104,5,2.0,1,117,194.87
11270,328,4,6,13.0,2,154,118.68
11271,328,68,2,6.0,1,34,31.95
11272,328,114,5,13.0,2,149,392.33
11273,328,51,2,4.0,3,2,384.39
11274,328,24,5,6.0,2,37,204.05
11275,328,46,1,14.0,1,14,2.86
11276,328,25,6,2.0,2,39,381.49
11277,328,7,3,9.0,2,91,255.0
11278,328,68,5,5.0,2,157,31.95
11279,328,9,5,5.0,4,247,254.72
11280,328,112,2,14.0,1,110,89.33
11281,328,40,4,13.0,1,48,162.24
11282,329,88,3,8.0,4,79,52.66
11283,329,5,3,3.0,2,58,282.42
11284,329,101,6,6.0,1,101,380.12
11285,329,75,6,5.0,5,161,45.02
11286,329,14,3,,1,25,354.1
11287,329,114,6,4.0,1,235,392.33
11288,329,54,4,14.0,1,97,263.63
11289,329,8,3,,1,90,268.73
11290,329,107,5,11.0,2,96,87.15
11291,329,55,3,15.0,2,148,268.55
11292,329,103,4,4.0,1,150,105.16
11293,329,78,3,4.0,1,119,386.82
11294,329,73,5,4.0,1,84,352.8
11295,329,11,6,13.0,3,146,274.48
11296,329,120,4,1.0,2,152,18.02
11297,329,18,4,13.0,1,70,65.67
11298,329,117,3,11.0,2,167,132.08
11299,329,11,1,11.0,1,149,274.48
11300,329,56,6,11.0,1,35,269.33
11301,329,58,2,15.0,1,142,86.84
11302,329,29,2,,1,232,264.58
11303,329,32,1,6.0,5,42,360.05
11304,329,69,1,7.0,1,56,334.17
11305,329,95,2,5.0,2,163,245.29
11306,329,47,4,15.0,1,233,279.24
11307,329,53,5,,2,169,99.99
11308,329,118,5,1.0,4,184,102.4
11309,329,72,5,15.0,1,226,389.59
11310,329,28,5,8.0,2,214,195.42
11311,329,115,1,14.0,1,81,265.87
11312,329,88,5,12.0,1,207,52.66
11313,329,59,5,11.0,4,13,149.07
11314,329,59,5,12.0,4,205,149.07
11315,329,119,6,13.0,1,73,399.96
11316,329,67,1,13.0,3,216,177.85
11317,329,101,1,5.0,2,110,380.12
11318,329,114,5,6.0,1,65,392.33
11319,329,12,1,,1,214,322.41
11320,329,47,4,15.0,1,102,279.24
11321,329,69,5,14.0,1,201,334.17
11322,329,43,2,11.0,1,176,40.97
11323,329,64,4,6.0,1,155,254.43
11324,329,46,5,3.0,2,170,2.86
11325,329,37,2,13.0,1,144,374.33
11326,330,55,2,7.0,1,249,268.55
11327,330,109,3,2.0,1,135,378.53
11328,330,13,3,3.0,2,141,350.79
11329,330,52,2,9.0,2,241,29.05
11330,330,48,2,11.0,1,93,77.58
11331,330,26,1,4.0,1,89,196.47
11332,330,105,1,15.0,1,2,115.72
11333,330,65,3,5.0,1,79,38.73
11334,330,107,5,8.0,2,44,87.15
11335,330,30,5,12.0,2,29,349.23
11336,330,49,1,14.0,2,105,217.79
11337,330,113,2,9.0,2,88,268.21
11338,330,67,3,2.0,2,56,177.85
11339,330,97,3,11.0,2,127,99.11
11340,330,68,4,5.0,1,8,31.95
11341,330,25,5,10.0,3,161,381.49
11342,330,96,4,6.0,1,113,231.12
11343,330,74,1,9.0,2,230,345.9
11344,330,38,3,2.0,1,23,323.38
11345,330,77,3,6.0,2,20,11.42
11346,330,10055,6,2.0,2,95,268.55
11347,330,66,4,9.0,3,65,134.76
11348,330,10118,4,2.0,1,172,102.4
11349,330,115,6,5.0,2,156,265.87
11350,330,39,3,4.0,3,127,170.58
11351,330,45,2,,2,210,193.58
11352,330,79,1,11.0,1,28,272.45
11353,330,10096,3,6.0,1,226,231.12
11354,331,67,3,,1,159,177.85
11355,331,35,1,9.0,1,18,362.36
11356,331,1,4,6.0,1,124,382.97
11357,331,85,3,2.0,2,80,173.66
11358,331,13,3,12.0,2,167,350.79
11359,331,69,2,14.0,1,55,334.17
11360,331,5,4,7.0,1,110,282.42
11361,331,109,5,5.0,2,62,378.53
11362,331,67,1,9.0,3,80,177.85
11363,331,110,4,4.0,2,167,4.35
11364,331,106,5,8.0,3,238,57.07
11365,331,40,6,5.0,1,65,162.24
11366,331,31,1,7.0,1,172,276.57
11367,331,46,6,11.0,1,157,2.86
11368,331,66,1,8.0,2,60,134.76
11369,331,4,2,14.0,1,97,118.68
11370,331,18,4,4.0,1,201,65.67
11371,331,107,4,6.0,2,16,87.15
11372,331,27,2,7.0,1,228,25.05
11373,331,75,1,4.0,1,92,45.02
11374,331,108,2,13.0,1,212,167.48
11375,331,47,3,1.0,2,248,279.24
11376,331,98,3,10.0,2,120,89.1
11377,331,99,3,2.0,3,50,21.99
11378,331,45,5,5.0,2,38,193.58
11379,331,82,4,12.0,1,7,393.73
11380,331,80,6,8.0,2,66,351.06
11381,331,90,3,11.0,3,179,85.65
11382,331,118,4,13.0,1,18,102.4
11383,332,110,1,7.0,2,94,4.35
11384,332,92,1,13.0,1,41,69.54
11385,332,119,3,3.0,2,110,399.96
11386,332,53,2,11.0,1,148,99.99
11387,332,22,2,4.0,2,93,182.58
11388,332,78,5,11.0,3,153,386.82
11389,332,74,3,15.0,1,144,345.9
11390,332,20,3,8.0,2,72,344.59
11391,332,42,2,10.0,3,114,186.13
11392,332,51,3,3.0,2,132,384.39
11393,332,104,5,10.0,2,172,194.87
11394,332,56,2,7.0,1,126,269.33
11395,332,45,4,2.0,1,189,193.58
11396,332,22,2,4.0,1,58,182.58
11397,332,120,6,8.0,2,92,18.02
11398,332,83,6,3.0,2,19,19.67
11399,332,95,5,13.0,1,86,245.29
11400,332,100,3,8.0,1,74,320.96
11401,332,68,6,10.0,2,109,31.95
11402,332,26,5,6.0,3,39,196.47
11403,332,37,2,,1,220,374.33
11404,332,44,6,13.0,1,87,370.69
11405,332,9,3,4.0,1,175,254.72
11406,332,102,4,14.0,5,6,332.57
11407,332,56,5,11.0,4,145,269.33
11408,332,95,2,5.0,2,121,245.29
11409,332,46,4,7.0,1,229,2.86
11410,332,70,1,2.0,1,10,18.65
11411,332,105,1,15.0,2,27,115.72
11412,332,27,5,6.0,2,28,25.05
11413,332,111,4,4.0,1,35,299.51
11414,332,72,3,2.0,1,68,389.59
11415,332,120,2,4.0,4,161,18.02
11416,332,96,6,5.0,1,68,231.12
11417,332,117,4,11.0,1,10,132.08
11418,333,63,5,8.0,2,141,114.14
11419,333,5,1,11.0,2,91,282.42
11420,333,13,2,9.0,2,77,350.79
11421,333,117,2,7.0,1,49,132.08
11422,333,102,3,11.0,1,11,332.57
11423,333,92,4,10.0,1,181,69.54
11424,333,5,3,10.0,1,117,282.42
11425,333,26,6,6.0,1,76,196.47
11426,333,18,4,9.0,1,187,65.67
11427,333,82,2,1.0,2,226,393.73
11428,333,28,3,1.0,1,174,195.42
11429,333,2,5,10.0,2,137,144.87
11430,333,78,1,6.0,1,4,386.82
11431,333,72,4,10.0,2,101,389.59
11432,333,78,5,9.0,2,244,386.82
11433,333,73,6,15.0,1,161,352.8
11434,333,72,6,7.0,2,31,389.59
11435,333,10118,6,12.0,1,170,102.4
11436,333,19,3,6.0,1,29,153.88
11437,333,117,3,7.0,2,232,132.08
11438,333,119,4,4.0,1,52,399.96
11439,333,61,1,13.0,1,209,327.21
11440,333,52,4,9.0,2,111,29.05
11441,333,120,5,9.0,2,214,18.02
11442,333,28,1,3.0,2,234,195.42
11443,333,92,6,6.0,1,221,69.54
11444,333,11,3,5.0,2,216,274.48
11445,333,101,5,12.0,2,94,380.12
11446,333,38,6,1.0,2,88,323.38
11447,333,64,1,15.0,1,53,254.43
11448,333,85,2,10.0,2,107,173.66
11449,333,118,6,10.0,1,196,102.4
11450,333,50,5,4.0,1,85,191.76
11451,333,39,2,3.0,3,49,170.58
11452,334,73,3,3.0,1,190,352.8
11453,334,45,6,15.0,1,141,193.58
11454,334,55,2,13.0,1,2,268.55
11455,334,115,5,1.0,2,175,265.87
11456,334,84,5,12.0,1,187,288.33
11457,334,80,5,2.0,2,205,351.06
11458,334,96,1,6.0,4,202,231.12
11459,334,45,1,12.0,1,62,193.58
11460,334,62,6,3.0,2,249,107.26
11461,334,52,2,5.0,2,19,29.05
11462,334,22,4,3.0,3,82,182.58
11463,334,89,2,12.0,2,221,228.5
11464,334,44,2,12.0,1,102,370.69
11465,334,38,2,9.0,1,245,323.38
11466,334,37,6,3.0,1,95,374.33
11467,334,119,5,14.0,2,188,399.96
11468,334,52,5,13.0,2,161,29.05
11469,334,102,4,3.0,1,5,332.57
11470,334,71,6,3.0,2,40,273.46
11471,334,99,4,15.0,1,67,21.99
11472,334,100,5,,3,206,320.96
11473,334,21,1,14.0,2,120,307.9
11474,334,2,5,4.0,2,92,144.87
11475,334,13,6,2.0,3,20,350.79
11476,334,84,2,8.0,2,15,288.33
11477,334,109,3,4.0,1,128,378.53
11478,334,1,5,5.0,2,230,382.97
11479,334,60,4,9.0,2,118,393.57
11480,334,48,2,8.0,1,36,77.58
11481,334,15,3,4.0,1,7,100.16
11482,334,119,2,7.0,1,148,399.96
11483,334,54,3,5.0,3,235,263.63
11484,334,25,2,2.0,3,92,381.49
11485,334,54,5,5.0,1,139,263.63
11486,334,89,3,7.0,2,168,228.5
11487,334,12,3,4.0,1,5,322.41
11488,334,107,5,,2,53,87.15
11489,334,84,3,2.0,2,64,288.33
11490,334,106,4,4.0,1,220,57.07
11491,335,27,4,15.0,2,233,25.05
11492,335,43,1,5.0,2,84,40.97
11493,335,66,6,3.0,1,226,134.76
11494,335,28,3,6.0,1,186,195.42
11495,335,92,5,10.0,1,146,69.54
11496,335,33,5,6.0,1,250,136.56
11497,335,41,5,11.0,1,57,77.7
11498,335,16,6,1.0,1,175,359.33
11499,335,1,4,3.0,1,51,382.97
11500,335,10096,6,6.0,3,72,231.12
11501,335,40,3,9.0,1,53,162.24
11502,335,10055,4,1.0,1,28,268.55
11503,335,19,4,4.0,1,167,153.88
11504,335,15,3,1.0,1,173,100.16
11505,335,49,5,4.0,1,211,217.79
11506,335,120,3,15.0,3,40,18.02
11507,335,24,4,5.0,2,176,204.05
11508,335,37,2,7.0,1,131,374.33
11509,335,99,4,7.0,2,123,21.99
11510,335,50,4,15.0,2,48,191.76
11511,335,66,4,1.0,1,229,134.76
11512,335,89,2,3.0,2,125,228.5
11513,335,72,6,12.0,2,141,389.59
11514,335,104,1,1.0,4,44,194.87
11515,335,54,6,2.0,2,155,263.63
11516,335,10,3,5.0,2,160,153.02
11517,335,70,3,12.0,1,118,18.65
11518,335,10055,1,12.0,1,11,268.55
11519,335,70,3,6.0,2,250,18.65
11520,335,51,1,9.0,2,226,384.39
11521,335,21,5,6.0,1,182,307.9
11522,335,40,1,10.0,1,234,162.24
11523,335,9,6,10.0,1,44,254.72
11524,335,25,2,8.0,2,136,381.49
11525,335,117,5,13.0,2,227,132.08
11526,335,73,1,14.0,1,181,352.8
11527,335,29,3,8.0,3,189,264.58
11528,335,94,6,3.0,2,13,323.01
11529,336,28,1,11.0,1,36,195.42
11530,336,112,5,6.0,3,164,89.33
11531,336,43,6,2.0,2,178,40.97
11532,336,76,6,1.0,2,119,327.0
11533,336,26,1,4.0,1,96,196.47
11534,336,20,2,9.0,2,159,344.59
11535,336,9,1,4.0,2,161,254.72
11536,336,80,5,12.0,2,121,351.06
11537,336,32,5,8.0,3,155,360.05
11538,336,71,4,8.0,1,242,273.46
11539,336,21,2,11.0,2,142,307.9
11540,336,24,2,7.0,2,208,204.05
11541,336,109,4,5.0,3,66,378.53
11542,336,102,5,8.0,2,70,332.57
11543,336,115,4,1.0,1,98,265.87
11544,336,40,6,14.0,2,143,162.24
11545,336,104,5,2.0,2,151,194.87
11546,336,57,2,14.0,2,152,184.4
11547,336,9,2,,2,2,254.72
11548,336,31,6,2.0,2,75,276.57
11549,336,75,6,13.0,3,20,45.02
11550,336,82,4,4.0,2,229,393.73
11551,336,81,3,8.0,1,193,45.14
11552,336,74,3,5.0,4,73,345.9
11553,336,112,2,14.0,1,216,89.33
11554,336,74,5,1.0,2,37,345.9
11555,336,36,6,15.0,2,29,112.83
11556,337,76,2,7.0,2,208,327.0
11557,337,107,1,9.0,1,197,87.15
11558,337,111,1,11.0,1,167,299.51
11559,337,17,2,4.0,1,126,198.42
11560,337,116,6,12.0,1,171,74.33
11561,337,5,2,15.0,1,41,282.42
11562,337,110,6,5.0,1,32,4.35
11563,337,17,3,13.0,2,137,198.42
11564,337,45,1,4.0,1,81,193.58
11565,337,10,1,13.0,2,199,153.02
11566,337,56,4,5.0,1,207,269.33
11567,337,106,2,15.0,2,159,57.07
11568,337,116,1,15.0,1,46,74.33
11569,337,84,1,9.0,2,198,288.33
11570,337,110,6,11.0,3,31,4.35
11571,337,71,3,15.0,2,31,273.46
11572,337,7,1,1.0,2,34,255.0
11573,337,96,3,6.0,1,163,231.12
11574,337,51,5,10.0,2,4,384.39
11575,337,35,1,14.0,1,36,362.36
11576,337,44,4,2.0,2,103,370.69
11577,337,49,4,8.0,2,25,217.79
11578,337,75,2,15.0,1,163,45.02
11579,337,36,4,11.0,2,203,112.83
11580,337,12,5,10.0,2,51,322.41
11581,337,69,2,11.0,2,230,334.17
11582,337,6,3,1.0,1,166,342.42
11583,337,95,6,4.0,2,1,245.29
11584,337,72,1,9.0,5,43,389.59
11585,337,28,1,12.0,4,77,195.42
11586,337,23,3,14.0,2,24,204.06
11587,337,39,6,5.0,2,195,170.58
11588,337,49,5,11.0,1,151,217.79
11589,337,102,3,4.0,1,77,332.57
11590,337,108,1,15.0,2,24,167.48
11591,337,54,5,10.0,2,58,263.63
11592,337,47,1,2.0,1,159,279.24
11593,338,86,1,1.0,1,55,266.03
11594,338,100,4,2.0,1,123,320.96
11595,338,90,1,12.0,1,103,85.65
11596,338,35,4,12.0,2,138,362.36
11597,338,18,6,15.0,2,154,65.67
11598,338,17,5,9.0,2,236,198.42
11599,338,10,5,7.0,2,147,153.02
11600,338,18,2,5.0,1,230,65.67
11601,338,42,3,14.0,1,237,186.13
11602,338,97,4,13.0,1,57,99.11
11603,338,53,2,7.0,2,40,99.99
11604,338,75,1,11.0,1,248,45.02
11605,338,87,3,8.0,1,189,267.42
11606,338,111,2,10.0,2,8,299.51
11607,338,8,6,7.0,1,211,268.73
11608,338,49,2,3.0,2,26,217.79
11609,338,102,3,10.0,2,56,332.57
11610,338,66,3,15.0,2,193,134.76
11611,338,104,3,13.0,2,222,194.87
11612,338,89,4,15.0,3,206,228.5
11613,338,54,3,6.0,1,99,263.63
11614,338,89,3,7.0,3,81,228.5
11615,338,54,4,8.0,1,198,263.63
11616,338,15,1,3.0,2,10,100.16
11617,338,3,1,11.0,4,5,184.85
11618,338,81,5,4.0,2,196,45.14
11619,338,55,4,13.0,1,48,268.55
11620,339,93,3,8.0,1,108,39.17
11621,339,4,6,14.0,1,225,118.68
11622,339,45,5,9.0,1,166,193.58
11623,339,7,5,9.0,1,111,255.0
11624,339,86,6,12.0,2,245,266.03
11625,339,2,3,3.0,1,42,144.87
11626,339,112,6,9.0,2,96,89.33
11627,339,106,1,1.0,1,17,57.07
11628,339,29,5,14.0,2,56,264.58
11629,339,2,3,,1,64,144.87
11630,339,105,4,5.0,2,214,115.72
11631,339,115,6,14.0,2,5,265.87
11632,339,39,1,7.0,1,86,170.58
11633,339,19,3,8.0,2,10,153.88
11634,339,105,5,6.0,2,157,115.72
11635,339,88,4,10.0,1,2,52.66
11636,339,25,4,2.0,1,200,381.49
11637,339,74,1,4.0,2,197,345.9
11638,339,113,3,9.0,2,49,268.21
11639,339,53,5,7.0,1,21,99.99
11640,339,25,4,11.0,1,248,381.49
11641,339,9,4,8.0,2,82,254.72
11642,339,53,6,10.0,1,181,99.99
11643,339,87,2,10.0,1,26,267.42
11644,339,35,6,10.0,1,119,362.36
11645,339,70,6,11.0,3,68,18.65
11646,339,18,3,3.0,1,204,65.67
11647,339,106,4,,1,10,57.07
11648,339,103,4,6.0,2,11,105.16
11649,339,21,3,14.0,1,137,307.9
11650,339,96,6,9.0,1,137,231.12
11651,339,118,4,10.0,2,184,102.4
11652,339,4,1,10.0,1,29,118.68
11653,339,26,5,8.0,3,236,196.47
11654,339,92,1,3.0,1,6,69.54
11655,339,36,5,13.0,1,138,112.83
11656,339,28,5,12.0,3,45,195.42
11657,339,98,1,5.0,2,5,89.1
11658,339,23,3,7.0,1,176,204.06
11659,339,102,3,15.0,2,193,332.57
11660,340,53,6,15.0,1,59,99.99
11661,340,65,6,4.0,1,79,38.73
11662,340,38,3,9.0,1,73,323.38
11663,340,32,2,12.0,2,242,360.05
11664,340,111,5,10.0,5,100,299.51
11665,340,14,4,12.0,2,171,354.1
11666,340,101,4,1.0,1,147,380.12
11667,340,89,6,11.0,2,238,228.5
11668,340,84,5,14.0,4,238,288.33
11669,340,51,4,8.0,3,5,384.39
11670,340,48,1,1.0,2,56,77.58
11671,340,45,4,3.0,2,82,193.58
11672,340,51,2,12.0,2,161,384.39
11673,340,19,5,,2,117,153.88
11674,340,111,5,6.0,2,96,299.51
11675,340,103,1,5.0,1,71,105.16
11676,340,55,4,1.0,1,242,268.55
11677,340,94,4,8.0,3,96,323.01
11678,340,103,2,,1,30,105.16
11679,341,118,5,12.0,1,6,102.4
11680,341,59,1,4.0,1,165,149.07
11681,341,51,6,11.0,2,117,384.39
11682,341,86,2,12.0,1,72,266.03
11683,341,78,2,3.0,2,59,386.82
11684,341,115,4,7.0,2,126,265.87
11685,341,119,3,7.0,2,222,399.96
11686,341,27,2,13.0,2,76,25.05
11687,341,20,4,9.0,2,155,344.59
11688,341,71,6,,2,125,273.46
11689,341,61,6,7.0,1,204,327.21
11690,341,44,6,9.0,1,96,370.69
11691,341,39,3,12.0,1,149,170.58
11692,341,18,4,5.0,1,99,65.67
11693,341,17,6,9.0,2,244,198.42
11694,341,52,3,11.0,1,134,29.05
11695,341,114,2,2.0,2,141,392.33
11696,341,68,4,11.0,2,18,31.95
11697,341,72,4,8.0,1,77,389.59
11698,341,53,2,11.0,1,185,99.99
11699,341,3,2,9.0,1,113,184.85
11700,341,10060,2,14.0,3,146,393.57
11701,341,10118,1,11.0,4,139,102.4
11702,341,67,6,11.0,2,183,177.85
11703,341,94,2,6.0,2,176,323.01
11704,342,86,3,5.0,2,104,266.03
11705,342,106,1,5.0,1,198,57.07
11706,342,12,5,14.0,1,82,322.41
11707,342,45,2,2.0,2,76,193.58
11708,342,87,2,3.0,3,161,267.42
11709,342,83,4,9.0,2,192,19.67
11710,342,56,6,6.0,2,202,269.33
11711,342,82,3,7.0,1,207,393.73
11712,342,101,1,13.0,1,197,380.12
11713,342,73,2,8.0,2,10,352.8
11714,342,115,6,12.0,1,222,265.87
11715,342,50,3,3.0,1,68,191.76
11716,342,10060,3,12.0,5,169,393.57
11717,342,77,3,9.0,4,116,11.42
11718,342,10118,2,2.0,4,98,102.4
11719,342,18,1,3.0,2,41,65.67
11720,342,60,6,4.0,2,168,393.57
11721,342,7,1,12.0,1,72,255.0
11722,342,7,1,9.0,2,66,255.0
11723,342,88,3,6.0,1,93,52.66
11724,342,63,2,11.0,1,56,114.14
11725,342,24,2,2.0,1,49,204.05
11726,342,85,6,9.0,1,203,173.66
11727,342,31,4,13.0,2,186,276.57
11728,342,80,5,10.0,5,132,351.06
11729,342,68,3,9.0,2,209,31.95
11730,342,27,2,13.0,2,117,25.05
11731,342,66,3,7.0,3,37,134.76
11732,342,116,6,1.0,2,161,74.33
11733,342,118,3,10.0,1,135,102.4
11734,342,73,5,12.0,1,8,352.8
11735,342,49,4,1.0,2,147,217.79
11736,342,68,2,14.0,1,107,31.95
11737,342,109,4,12.0,1,85,378.53
11738,342,69,5,8.0,2,46,334.17
11739,342,35,3,4.0,5,22,362.36
11740,342,68,6,3.0,1,176,31.95
11741,342,75,2,10.0,3,63,45.02
11742,343,12,6,3.0,2,10,322.41
11743,343,97,1,2.0,1,36,99.11
11744,343,65,3,7.0,2,131,38.73
11745,343,42,3,12.0,1,100,186.13
11746,343,22,2,1.0,2,197,182.58
11747,343,116,4,6.0,2,20,74.33
11748,343,97,1,3.0,2,247,99.11
11749,343,4,4,13.0,2,224,118.68
11750,343,96,3,7.0,2,120,231.12
11751,343,113,5,5.0,4,163,268.21
11752,343,100,1,4.0,1,36,320.96
11753,343,30,5,13.0,1,91,349.23
11754,343,32,4,15.0,2,124,360.05
11755,343,96,3,9.0,1,45,231.12
11756,343,55,6,6.0,1,155,268.55
11757,343,54,5,5.0,4,53,263.63
11758,343,18,6,2.0,1,39,65.67
11759,343,47,5,9.0,1,51,279.24
11760,343,22,6,8.0,2,140,182.58
11761,343,15,2,13.0,1,85,100.16
11762,343,85,4,1.0,2,118,173.66
11763,343,80,6,12.0,2,167,351.06
11764,343,24,3,12.0,2,210,204.05
11765,343,95,4,10.0,1,247,245.29
11766,343,14,2,6.0,1,207,354.1
11767,343,54,5,4.0,2,30,263.63
11768,343,17,3,13.0,2,76,198.42
11769,343,93,4,10.0,1,243,39.17
11770,343,55,5,9.0,1,55,268.55
11771,344,104,1,1.0,2,50,194.87
11772,344,72,6,12.0,3,122,389.59
11773,344,25,6,13.0,1,122,381.49
11774,344,108,2,2.0,1,156,167.48
11775,344,40,2,1.0,1,45,162.24
11776,344,100,4,15.0,1,219,320.96
11777,344,108,5,,2,64,167.48
11778,344,54,6,12.0,1,164,263.63
11779,344,10118,4,11.0,1,160,102.4
11780,344,75,6,12.0,2,188,45.02
11781,344,15,5,11.0,2,162,100.16
11782,344,29,6,12.0,2,62,264.58
11783,344,19,2,13.0,1,7,153.88
11784,344,114,1,15.0,1,240,392.33
11785,344,61,1,1.0,5,11,327.21
11786,344,18,2,1.0,2,92,65.67
11787,344,96,2,10.0,1,61,231.12
11788,344,46,4,1.0,2,136,2.86
11789,344,4,3,2.0,2,218,118.68
11790,344,107,1,5.0,1,121,87.15
11791,344,24,3,14.0,3,91,204.05
11792,345,16,4,1.0,1,203,359.33
11793,345,42,1,9.0,1,136,186.13
11794,345,65,3,7.0,2,200,38.73
11795,345,60,2,1.0,1,62,393.57
11796,345,45,1,5.0,2,231,193.58
11797,345,2,4,4.0,3,33,144.87
11798,345,101,1,12.0,2,173,380.12
11799,345,109,3,11.0,1,249,378.53
11800,345,78,3,11.0,4,191,386.82
11801,345,115,3,7.0,1,97,265.87
11802,345,99,6,12.0,2,183,21.99
11803,345,79,1,12.0,1,130,272.45
11804,345,3,1,14.0,1,4,184.85
11805,345,15,2,8.0,2,68,100.16
11806,345,66,3,2.0,1,5,134.76
11807,345,31,5,4.0,2,246,276.57
11808,345,42,6,11.0,1,139,186.13
11809,345,29,4,13.0,2,232,264.58
11810,345,94,2,4.0,1,185,323.01
11811,345,43,1,5.0,1,31,40.97
11812,345,52,3,7.0,2,209,29.05
11813,345,6,6,1.0,1,5,342.42
11814,345,77,1,2.0,3,136,11.42
11815,345,21,6,8.0,3,156,307.9
11816,345,80,2,4.0,2,246,351.06
11817,345,86,5,1.0,1,33,266.03
11818,345,76,6,15.0,1,230,327.0
11819,345,10060,3,6.0,1,163,393.57
11820,345,68,1,9.0,1,124,31.95
11821,345,99,3,2.0,1,243,21.99
11822,345,15,5,4.0,2,189,100.16
11823,345,18,2,11.0,2,190,65.67
11824,345,36,3,15.0,2,164,112.83
11825,345,14,6,9.0,1,23,354.1
11826,345,47,6,11.0,1,77,279.24
11827,345,71,3,4.0,3,42,273.46
11828,345,95,3,8.0,4,12,245.29
11829,345,111,4,14.0,1,223,299.51
11830,345,5,1,6.0,2,50,282.42
11831,345,45,3,14.0,1,145,193.58
11832,345,24,4,2.0,2,161,204.05
11833,345,20,4,11.0,1,124,344.59
11834,345,54,6,12.0,2,158,263.63
11835,346,56,6,,2,30,269.33
11836,346,79,4,,2,249,272.45
11837,346,52,1,12.0,1,221,29.05
11838,346,71,5,2.0,2,181,273.46
11839,346,62,3,5.0,1,57,107.26
11840,346,104,2,,1,127,194.87
11841,346,26,6,2.0,1,246,196.47
11842,346,111,2,10.0,1,105,299.51
11843,346,13,5,2.0,5,169,350.79
11844,346,83,4,4.0,2,65,19.67
11845,346,85,3,7.0,3,240,173.66
11846,346,88,2,7.0,1,208,52.66
11847,346,73,5,6.0,2,199,352.8
11848,346,100,2,4.0,1,205,320.96
11849,346,69,1,12.0,2,142,334.17
11850,346,48,4,4.0,2,66,77.58
11851,346,79,1,14.0,2,11,272.45
11852,346,45,2,9.0,2,235,193.58
11853,346,118,1,14.0,2,194,102.4
11854,346,57,6,15.0,3,116,184.4
11855,346,104,4,4.0,2,74,194.87
11856,346,75,6,4.0,1,36,45.02
11857,346,65,1,2.0,4,99,38.73
11858,346,12,4,2.0,2,31,322.41
11859,346,37,1,15.0,1,126,374.33
11860,346,56,1,6.0,3,117,269.33
11861,346,34,1,10.0,2,17,4.86
11862,346,82,5,,2,203,393.73
11863,347,12,2,14.0,3,215,322.41
11864,347,22,6,14.0,2,141,182.58
11865,347,33,1,12.0,2,211,136.56
11866,347,107,6,2.0,3,91,87.15
11867,347,72,6,10.0,2,39,389.59
11868,347,63,2,4.0,2,166,114.14
11869,347,54,3,2.0,1,133,263.63
11870,347,95,3,10.0,2,228,245.29
11871,347,116,6,12.0,1,213,74.33
11872,347,117,4,10.0,1,195,132.08
11873,347,63,1,11.0,1,247,114.14
11874,347,38,5,12.0,2,31,323.38
11875,347,90,6,1.0,2,222,85.65
11876,347,29,2,15.0,2,34,264.58
11877,347,49,3,10.0,2,121,217.79
11878,347,103,5,15.0,2,19,105.16
11879,347,52,4,10.0,1,31,29.05
11880,347,109,5,14.0,1,41,378.53
11881,347,59,4,11.0,2,215,149.07
11882,347,82,4,7.0,2,91,393.73
11883,347,116,3,12.0,2,109,74.33
11884,347,77,4,6.0,1,154,11.42
11885,347,60,4,4.0,3,178,393.57
11886,347,104,6,1.0,2,232,194.87
11887,347,5,6,9.0,2,35,282.42
11888,347,94,2,4.0,1,215,323.01
11889,347,73,2,13.0,3,73,352.8
11890,347,119,6,7.0,2,128,399.96
11891,347,52,3,8.0,2,63,29.05
11892,347,70,3,7.0,2,1,18.65
11893,347,97,3,8.0,2,225,99.11
11894,347,18,1,1.0,4,164,65.67
11895,347,103,4,10.0,1,43,105.16
11896,347,66,5,3.0,2,183,134.76
11897,347,10096,2,14.0,2,89,231.12
11898,347,97,4,13.0,1,56,99.11
11899,347,67,5,14.0,1,176,177.85
11900,347,77,6,2.0,1,214,11.42
11901,347,77,6,,2,33,11.42
11902,347,85,6,12.0,1,73,173.66
11903,347,40,3,10.0,1,212,162.24
11904,347,115,4,,2,140,265.87
11905,347,37,5,8.0,4,32,374.33
11906,347,57,2,9.0,1,162,184.4
11907,347,75,4,4.0,1,109,45.02
11908,347,101,6,10.0,1,65,380.12
11909,347,120,2,13.0,1,178,18.02
11910,348,10118,4,1.0,2,130,102.4
11911,348,21,5,1.0,2,22,307.9
11912,348,32,2,6.0,3,224,360.05
11913,348,55,4,11.0,3,222,268.55
11914,348,66,4,2.0,2,2,134.76
11915,348,43,6,13.0,1,154,40.97
11916,348,114,1,2.0,1,233,392.33
11917,348,78,5,1.0,2,39,386.82
11918,348,32,1,10.0,1,166,360.05
11919,348,41,1,5.0,1,99,77.7
11920,348,119,6,4.0,1,76,399.96
11921,348,62,6,2.0,1,72,107.26
11922,348,10096,3,6.0,1,22,231.12
11923,348,24,2,15.0,2,88,204.05
11924,348,10,4,13.0,1,78,153.02
11925,348,12,3,7.0,2,50,322.41
11926,348,26,4,9.0,1,106,196.47
11927,348,66,4,1.0,2,115,134.76
11928,348,34,2,15.0,4,206,4.86
11929,348,84,1,10.0,1,23,288.33
11930,348,30,4,1.0,1,207,349.23
11931,348,56,5,13.0,1,161,269.33
11932,348,62,4,2.0,2,211,107.26
11933,348,34,1,6.0,2,39,4.86
11934,348,110,3,7.0,1,71,4.35
11935,348,9,6,4.0,2,89,254.72
11936,348,74,1,4.0,3,247,345.9
11937,348,97,1,5.0,1,11,99.11
11938,348,49,2,10.0,4,183,217.79
11939,348,94,4,13.0,1,232,323.01
11940,348,118,4,1.0,1,77,102.4
11941,348,75,1,7.0,2,197,45.02
11942,348,116,3,4.0,4,248,74.33
11943,348,97,4,12.0,2,157,99.11
11944,348,74,2,6.0,2,13,345.9
11945,348,13,4,4.0,3,146,350.79
11946,348,10096,2,14.0,2,244,231.12
11947,348,17,3,4.0,2,35,198.42
11948,348,55,3,13.0,3,31,268.55
11949,348,89,5,5.0,1,147,228.5
11950,349,117,2,,2,7,132.08
11951,349,112,2,2.0,1,132,89.33
11952,349,119,6,5.0,1,94,399.96
11953,349,64,5,8.0,1,103,254.43
11954,349,92,5,8.0,1,159,69.54
11955,349,13,4,15.0,2,222,350.79
11956,349,30,6,2.0,1,64,349.23
11957,349,47,2,6.0,2,64,279.24
11958,349,22,6,14.0,1,118,182.58
11959,349,92,3,12.0,2,213,69.54
11960,349,99,3,15.0,2,178,21.99
11961,349,33,1,8.0,1,171,136.56
11962,349,97,4,9.0,2,171,99.11
11963,349,23,1,3.0,2,75,204.06
11964,349,71,2,2.0,1,103,273.46
11965,349,17,5,4.0,1,134,198.42
11966,349,83,3,12.0,1,246,19.67
11967,349,85,6,15.0,5,60,173.66
11968,349,92,2,3.0,1,246,69.54
11969,349,21,4,14.0,1,143,307.9
11970,349,51,5,3.0,2,88,384.39
11971,349,38,3,15.0,1,134,323.38
11972,349,10096,5,6.0,2,157,231.12
11973,349,34,4,2.0,1,114,4.86
11974,349,28,3,1.0,1,89,195.42
11975,349,39,6,7.0,2,177,170.58
11976,349,97,3,10.0,1,64,99.11
11977,349,35,3,11.0,2,138,362.36
11978,349,36,6,10.0,2,244,112.83
11979,349,41,1,11.0,2,179,77.7
11980,349,62,3,5.0,2,127,107.26
11981,349,70,1,11.0,1,116,18.65
11982,349,55,4,13.0,1,183,268.55
11983,349,91,4,3.0,1,7,177.83
11984,350,85,4,2.0,1,67,173.66
11985,350,37,5,3.0,2,73,374.33
11986,350,75,2,6.0,2,45,45.02
11987,350,112,6,4.0,3,2,89.33
11988,350,55,5,1.0,1,221,268.55
11989,350,110,1,1.0,5,186,4.35
11990,350,65,1,9.0,2,230,38.73
11991,350,5,5,6.0,1,46,282.42
11992,350,1,6,10.0,2,71,382.97
11993,350,26,6,5.0,2,126,196.47
11994,350,28,1,8.0,2,222,195.42
11995,350,17,5,10.0,2,3,198.42
11996,350,12,1,,1,173,322.41
11997,350,22,4,15.0,3,205,182.58
11998,350,47,4,13.0,1,147,279.24
11999,350,116,5,13.0,2,157,74.33
12000,350,95,6,4.0,2,44,245.29
12001,350,5,2,3.0,1,77,282.42
12002,350,1,6,11.0,1,9,382.97
12003,350,62,5,2.0,1,202,107.26
12004,350,115,4,3.0,1,76,265.87
12005,350,65,5,9.0,1,204,38.73
12006,350,106,5,11.0,2,13,57.07
12007,350,15,3,3.0,2,36,100.16
12008,350,66,4,1.0,2,6,134.76
12009,350,75,5,12.0,4,75,45.02
12010,350,118,1,8.0,2,29,102.4
12011,350,75,1,5.0,1,214,45.02
12012,350,93,4,3.0,3,179,39.17
12013,350,87,6,13.0,1,28,267.42
12014,351,36,5,5.0,1,195,112.83
12015,351,18,5,12.0,1,114,65.67
12016,351,85,4,2.0,2,86,173.66
12017,351,10096,6,13.0,1,211,231.12
12018,351,73,6,6.0,2,173,352.8
12019,351,114,5,6.0,2,206,392.33
12020,351,101,5,11.0,2,223,380.12
12021,351,7,1,2.0,2,154,255.0
12022,351,95,6,15.0,2,13,245.29
12023,351,25,2,4.0,1,232,381.49
12024,351,20,1,8.0,1,46,344.59
12025,351,2,3,2.0,1,96,144.87
12026,351,10118,6,11.0,1,112,102.4
12027,351,105,1,11.0,1,70,115.72
12028,351,70,4,2.0,2,17,18.65
12029,351,19,1,15.0,1,179,153.88
12030,351,65,5,10.0,2,66,38.73
12031,351,115,1,12.0,2,182,265.87
12032,351,86,5,8.0,1,53,266.03
12033,351,84,4,9.0,1,31,288.33
12034,351,12,2,15.0,1,68,322.41
12035,351,98,6,,1,24,89.1
12036,351,8,1,1.0,2,230,268.73
12037,351,72,2,14.0,1,70,389.59
12038,351,50,3,15.0,1,146,191.76
12039,351,41,1,10.0,2,161,77.7
12040,351,16,6,9.0,2,168,359.33
12041,351,110,3,8.0,2,154,4.35
12042,351,37,2,9.0,1,232,374.33
12043,351,115,6,5.0,2,94,265.87
12044,351,33,5,4.0,2,8,136.56
12045,351,37,5,9.0,4,12,374.33
12046,351,9,1,7.0,2,151,254.72
12047,351,79,5,9.0,1,180,272.45
12048,351,120,2,8.0,1,151,18.02
12049,351,22,4,5.0,4,5,182.58
12050,351,108,6,1.0,2,115,167.48
12051,351,44,5,10.0,1,7,370.69
12052,351,56,3,,2,30,269.33
12053,351,58,1,2.0,1,114,86.84
12054,351,48,1,,2,206,77.58
12055,352,78,2,1.0,5,139,386.82
12056,352,28,6,10.0,1,70,195.42
12057,352,46,6,10.0,1,49,2.86
12058,352,47,6,12.0,1,184,279.24
12059,352,114,5,5.0,1,236,392.33
12060,352,66,1,13.0,2,106,134.76
12061,352,66,6,8.0,2,161,134.76
12062,352,81,6,7.0,3,181,45.14
12063,352,31,2,10.0,2,119,276.57
12064,352,105,2,,1,161,115.72
12065,352,16,4,3.0,2,64,359.33
12066,352,23,3,9.0,4,140,204.06
12067,352,83,6,10.0,1,167,19.67
12068,352,95,4,2.0,1,226,245.29
12069,352,13,5,,1,129,350.79
12070,352,40,2,8.0,3,112,162.24
12071,352,102,1,14.0,2,169,332.57
12072,352,103,3,15.0,4,106,105.16
12073,352,12,2,5.0,1,224,322.41
12074,352,39,4,13.0,1,91,170.58
12075,352,51,1,14.0,1,231,384.39
12076,352,109,1,11.0,2,181,378.53
12077,352,89,5,6.0,1,78,228.5
12078,352,39,3,7.0,4,44,170.58
12079,352,119,3,2.0,2,108,399.96
12080,352,71,5,13.0,1,244,273.46
12081,352,28,5,13.0,2,233,195.42
12082,352,59,4,7.0,2,125,149.07
12083,352,20,3,3.0,1,4,344.59
12084,352,31,1,13.0,4,83,276.57
12085,352,76,4,,2,236,327.0
12086,352,101,5,3.0,3,72,380.12
12087,352,8,4,4.0,1,112,268.73
12088,352,6,6,7.0,1,189,342.42
12089,352,112,1,3.0,2,118,89.33
12090,352,100,4,4.0,1,220,320.96
12091,352,83,2,15.0,3,108,19.67
12092,352,60,6,3.0,1,220,393.57
12093,352,43,5,15.0,1,53,40.97
12094,352,56,1,11.0,1,204,269.33
12095,352,18,4,15.0,1,2,65.67
12096,352,108,5,4.0,1,166,167.48
12097,352,17,6,1.0,2,14,198.42
12098,353,6,3,14.0,2,186,342.42
12099,353,94,3,,1,117,323.01
12100,353,119,6,4.0,1,60,399.96
12101,353,10,3,12.0,1,130,153.02
12102,353,109,4,14.0,1,241,378.53
12103,353,113,4,11.0,2,28,268.21
12104,353,34,5,14.0,2,61,4.86
12105,353,37,5,6.0,1,39,374.33
12106,353,112,5,6.0,2,244,89.33
12107,353,97,1,4.0,2,167,99.11
12108,353,92,1,3.0,2,42,69.54
12109,353,98,5,9.0,1,12,89.1
12110,353,13,5,2.0,2,213,350.79
12111,353,115,3,5.0,2,249,265.87
12112,353,87,1,13.0,2,193,267.42
12113,353,23,1,4.0,1,247,204.06
12114,353,25,3,,3,167,381.49
12115,353,74,6,15.0,1,78,345.9
12116,353,90,6,6.0,1,226,85.65
12117,353,56,6,10.0,2,194,269.33
12118,353,20,3,8.0,2,214,344.59
12119,353,63,1,1.0,1,59,114.14
12120,353,47,6,12.0,1,69,279.24
12121,353,10118,4,6.0,1,221,102.4
12122,353,93,2,1.0,2,13,39.17
12123,353,24,3,3.0,4,60,204.05
12124,353,58,1,7.0,4,80,86.84
12125,353,28,6,12.0,1,205,195.42
12126,353,89,3,13.0,3,154,228.5
12127,353,58,6,15.0,2,17,86.84
12128,353,41,2,10.0,1,42,77.7
12129,353,109,1,10.0,1,239,378.53
12130,353,28,6,13.0,2,121,195.42
12131,353,33,2,12.0,1,179,136.56
12132,353,94,1,13.0,2,214,323.01
12133,353,32,1,1.0,2,157,360.05
12134,353,4,6,7.0,3,10,118.68
12135,353,43,2,1.0,1,80,40.97
12136,353,106,4,9.0,2,208,57.07
12137,353,45,1,,1,141,193.58
12138,353,46,2,11.0,2,47,2.86
12139,353,99,6,4.0,1,212,21.99
12140,353,24,6,3.0,2,88,204.05
12141,354,24,3,9.0,2,140,204.05
12142,354,3,4,7.0,3,154,184.85
12143,354,91,4,8.0,2,204,177.83
12144,354,40,2,10.0,1,245,162.24
12145,354,73,1,4.0,1,196,352.8
12146,354,112,6,6.0,1,176,89.33
12147,354,59,3,11.0,1,249,149.07
12148,354,9,1,12.0,3,131,254.72
12149,354,104,4,2.0,1,143,194.87
12150,354,21,2,5.0,1,174,307.9
12151,354,74,3,13.0,1,206,345.9
12152,354,39,5,6.0,2,202,170.58
12153,354,100,5,12.0,2,80,320.96
12154,354,43,1,3.0,1,31,40.97
12155,354,60,2,10.0,2,24,393.57
12156,354,49,6,2.0,1,57,217.79
12157,354,75,1,15.0,1,137,45.02
12158,354,52,3,2.0,1,242,29.05
12159,354,28,6,6.0,2,68,195.42
12160,354,119,6,15.0,1,86,399.96
12161,354,100,1,8.0,2,45,320.96
12162,354,2,4,8.0,2,164,144.87
12163,354,28,1,11.0,3,118,195.42
12164,354,31,5,4.0,2,66,276.57
12165,354,51,2,8.0,1,88,384.39
12166,354,10055,2,14.0,4,154,268.55
12167,354,85,6,4.0,1,141,173.66
12168,354,67,6,2.0,4,131,177.85
12169,354,27,6,8.0,2,61,25.05
12170,354,39,5,6.0,2,87,170.58
12171,354,5,4,6.0,1,25,282.42
12172,354,34,4,9.0,2,86,4.86
12173,354,82,4,8.0,1,240,393.73
12174,354,97,4,11.0,4,119,99.11
12175,354,23,3,9.0,3,213,204.06
12176,354,116,3,6.0,1,105,74.33
12177,354,45,1,14.0,3,69,193.58
12178,354,58,3,1.0,2,18,86.84
12179,354,50,6,9.0,1,67,191.76
12180,354,37,3,2.0,1,33,374.33
12181,354,18,1,11.0,2,205,65.67
12182,354,10060,5,2.0,2,53,393.57
12183,354,7,3,4.0,1,15,255.0
12184,354,67,5,1.0,2,145,177.85
12185,354,84,2,1.0,2,43,288.33
12186,354,119,3,13.0,2,128,399.96
12187,354,118,5,14.0,1,205,102.4
12188,354,88,4,4.0,3,179,52.66
12189,355,53,4,11.0,1,239,99.99
12190,355,1,5,11.0,1,124,382.97
12191,355,42,6,10.0,2,169,186.13
12192,355,47,6,6.0,1,152,279.24
12193,355,15,2,6.0,1,86,100.16
12194,355,7,1,4.0,3,65,255.0
12195,355,26,4,7.0,2,110,196.47
12196,355,60,1,11.0,2,85,393.57
12197,355,39,3,,3,162,170.58
12198,355,66,2,2.0,1,159,134.76
12199,355,117,3,13.0,2,179,132.08
12200,355,3,3,4.0,2,42,184.85
12201,355,104,6,15.0,1,200,194.87
12202,355,71,3,6.0,2,82,273.46
12203,355,50,5,6.0,1,4,191.76
12204,355,67,2,1.0,1,119,177.85
12205,355,72,5,10.0,1,148,389.59
12206,355,10055,5,12.0,1,212,268.55
12207,355,10118,5,12.0,2,105,102.4
12208,355,65,5,2.0,3,8,38.73
12209,355,87,3,15.0,1,228,267.42
12210,355,68,3,5.0,2,188,31.95
12211,355,41,2,12.0,1,109,77.7
12212,355,33,1,13.0,1,239,136.56
12213,355,84,4,,4,164,288.33
12214,356,117,3,15.0,1,8,132.08
12215,356,85,6,1.0,1,47,173.66
12216,356,38,1,8.0,2,146,323.38
12217,356,30,5,8.0,2,188,349.23
12218,356,109,1,5.0,2,131,378.53
12219,356,13,3,1.0,1,190,350.79
12220,356,34,2,5.0,1,143,4.86
12221,356,67,3,5.0,2,27,177.85
12222,356,64,1,11.0,2,132,254.43
12223,356,117,5,14.0,3,148,132.08
12224,356,109,1,7.0,2,157,378.53
12225,356,21,2,15.0,2,166,307.9
12226,356,81,5,,1,17,45.14
12227,356,68,3,5.0,1,179,31.95
12228,356,52,6,1.0,2,200,29.05
12229,356,120,5,13.0,2,165,18.02
12230,356,40,1,11.0,2,208,162.24
12231,356,99,5,8.0,2,226,21.99
12232,356,49,4,8.0,4,72,217.79
12233,356,44,2,5.0,1,235,370.69
12234,356,49,4,14.0,1,108,217.79
12235,356,57,1,4.0,1,102,184.4
12236,356,91,1,7.0,1,207,177.83
12237,356,76,3,3.0,2,80,327.0
12238,356,64,1,8.0,1,78,254.43
12239,356,21,3,4.0,2,70,307.9
12240,356,27,2,1.0,2,32,25.05
12241,356,4,2,13.0,3,240,118.68
12242,356,26,6,5.0,2,147,196.47
12243,356,9,3,2.0,2,23,254.72
12244,356,6,1,13.0,2,79,342.42
12245,356,90,5,6.0,2,176,85.65
12246,357,112,3,4.0,5,200,89.33
12247,357,24,6,5.0,2,83,204.05
12248,357,69,2,13.0,2,123,334.17
12249,357,66,1,1.0,2,150,134.76
12250,357,67,6,8.0,1,69,177.85
12251,357,53,6,6.0,2,71,99.99
12252,357,40,6,3.0,1,99,162.24
12253,357,14,6,13.0,2,170,354.1
12254,357,52,4,3.0,1,236,29.05
12255,357,62,6,8.0,3,39,107.26
12256,357,97,2,12.0,1,239,99.11
12257,357,57,1,7.0,2,242,184.4
12258,357,27,3,5.0,2,90,25.05
12259,357,57,3,1.0,1,141,184.4
12260,357,115,6,,1,52,265.87
12261,357,93,3,14.0,4,153,39.17
12262,357,10060,2,5.0,2,1,393.57
12263,357,20,4,7.0,4,178,344.59
12264,357,49,5,12.0,1,233,217.79
12265,357,115,3,15.0,1,174,265.87
12266,357,104,4,5.0,3,74,194.87
12267,357,11,3,8.0,2,163,274.48
12268,357,52,6,,2,195,29.05
12269,357,115,5,14.0,1,34,265.87
12270,357,67,2,,1,175,177.85
12271,357,88,6,8.0,1,138,52.66
12272,358,82,4,9.0,1,36,393.73
12273,358,55,3,4.0,2,2,268.55
12274,358,20,2,2.0,2,33,344.59
12275,358,14,4,4.0,2,204,354.1
12276,358,105,5,13.0,4,249,115.72
12277,358,92,2,8.0,3,37,69.54
12278,358,34,2,15.0,1,197,4.86
12279,358,109,1,9.0,3,135,378.53
12280,358,86,1,9.0,4,150,266.03
12281,358,35,5,3.0,2,172,362.36
12282,358,88,2,9.0,1,241,52.66
12283,358,55,4,10.0,2,146,268.55
12284,358,6,5,13.0,1,131,342.42
12285,358,19,1,4.0,1,115,153.88
12286,358,89,3,11.0,4,219,228.5
12287,358,100,3,6.0,1,212,320.96
12288,358,58,2,1.0,1,183,86.84
12289,358,34,5,15.0,1,175,4.86
12290,358,64,3,3.0,2,233,254.43
12291,358,44,5,8.0,1,52,370.69
12292,358,63,3,13.0,1,94,114.14
12293,358,68,2,8.0,2,215,31.95
12294,358,29,2,13.0,1,232,264.58
12295,358,7,4,14.0,3,166,255.0
12296,358,32,1,8.0,2,125,360.05
12297,358,56,6,8.0,1,195,269.33
12298,358,65,3,8.0,1,232,38.73
12299,358,12,6,12.0,2,82,322.41
12300,358,30,2,4.0,2,129,349.23
12301,358,99,5,3.0,1,64,21.99
12302,358,120,6,5.0,2,201,18.02
12303,358,42,4,5.0,2,174,186.13
12304,358,49,1,3.0,2,119,217.79
12305,358,114,5,12.0,4,174,392.33
12306,358,60,5,3.0,3,72,393.57
12307,358,113,5,6.0,2,41,268.21
12308,359,42,4,8.0,2,184,186.13
12309,359,58,2,8.0,1,218,86.84
12310,359,107,1,8.0,2,83,87.15
12311,359,43,6,8.0,2,224,40.97
12312,359,32,3,15.0,1,108,360.05
12313,359,39,3,10.0,2,203,170.58
12314,359,66,5,13.0,2,182,134.76
12315,359,16,6,11.0,2,126,359.33
12316,359,108,6,1.0,2,61,167.48
12317,359,22,3,10.0,1,218,182.58
12318,359,87,6,15.0,1,3,267.42
12319,359,29,3,9.0,2,123,264.58
12320,359,16,3,13.0,2,176,359.33
12321,359,104,2,4.0,1,15,194.87
12322,359,30,5,15.0,2,3,349.23
12323,359,48,3,14.0,1,236,77.58
12324,359,95,2,15.0,1,183,245.29
12325,359,102,6,,2,199,332.57
12326,359,116,5,15.0,1,188,74.33
12327,359,99,5,12.0,2,94,21.99
12328,359,73,4,12.0,2,46,352.8
12329,359,18,4,10.0,2,152,65.67
12330,359,67,2,12.0,1,170,177.85
12331,359,70,4,10.0,2,25,18.65
12332,359,54,2,,2,244,263.63
12333,359,59,5,4.0,1,233,149.07
12334,359,29,5,7.0,1,149,264.58
12335,359,74,3,8.0,1,11,345.9
12336,359,49,6,9.0,2,192,217.79
12337,359,112,3,5.0,1,151,89.33
12338,359,70,3,2.0,1,88,18.65
12339,359,22,4,3.0,1,83,182.58
12340,359,59,2,,1,27,149.07
12341,359,96,1,3.0,5,87,231.12
12342,359,23,2,,2,42,204.06
12343,359,61,2,15.0,2,213,327.21
12344,359,15,6,3.0,1,125,100.16
12345,359,94,6,2.0,2,222,323.01
12346,359,35,2,12.0,1,99,362.36
12347,359,111,2,7.0,1,119,299.51
12348,359,47,5,8.0,1,113,279.24
12349,360,84,5,5.0,2,105,288.33
12350,360,25,6,7.0,1,236,381.49
12351,360,82,4,13.0,2,193,393.73
12352,360,49,5,12.0,1,166,217.79
12353,360,56,6,8.0,2,25,269.33
12354,360,38,4,10.0,1,33,323.38
12355,360,98,4,4.0,2,100,89.1
12356,360,42,2,10.0,2,1,186.13
12357,360,70,1,1.0,3,6,18.65
12358,360,109,6,4.0,1,250,378.53
12359,360,108,5,3.0,3,188,167.48
12360,360,62,6,10.0,1,139,107.26
12361,360,96,1,3.0,2,48,231.12
12362,360,94,5,4.0,1,60,323.01
12363,360,20,2,14.0,2,67,344.59
12364,360,112,3,12.0,2,90,89.33
12365,360,37,3,3.0,2,114,374.33
12366,360,64,6,3.0,2,75,254.43
12367,360,57,6,8.0,1,237,184.4
12368,360,59,3,,2,237,149.07
12369,360,50,4,10.0,1,191,191.76
12370,360,112,1,7.0,1,31,89.33
12371,360,55,5,14.0,1,43,268.55
12372,360,49,1,3.0,1,82,217.79
12373,360,78,2,9.0,4,127,386.82
12374,360,99,4,10.0,2,18,21.99
12375,360,10,2,3.0,1,230,153.02
12376,360,41,6,2.0,1,94,77.7
12377,360,10,1,15.0,1,100,153.02
12378,360,91,3,12.0,1,27,177.83
12379,360,25,3,13.0,2,248,381.49
12380,360,111,3,8.0,2,173,299.51
12381,360,70,2,9.0,1,66,18.65
12382,360,115,1,6.0,1,227,265.87
12383,360,8,1,3.0,2,12,268.73
12384,360,9,5,13.0,2,167,254.72
12385,360,38,4,7.0,1,169,323.38
12386,360,117,6,4.0,1,7,132.08
12387,360,13,4,12.0,1,69,350.79
12388,360,79,2,8.0,1,90,272.45
12389,360,63,4,11.0,1,137,114.14
12390,360,34,5,12.0,4,168,4.86
12391,360,77,6,10.0,1,158,11.42
12392,360,13,5,6.0,3,18,350.79
12393,361,35,5,6.0,2,64,362.36
12394,361,44,1,5.0,2,11,370.69
12395,361,52,5,11.0,1,89,29.05
12396,361,117,5,12.0,2,65,132.08
12397,361,113,1,8.0,1,94,268.21
12398,361,71,4,10.0,3,159,273.46
12399,361,18,3,12.0,2,169,65.67
12400,361,7,2,6.0,2,158,255.0
12401,361,92,1,15.0,1,196,69.54
12402,361,61,2,15.0,1,74,327.21
12403,361,73,3,11.0,2,4,352.8
12404,361,2,4,9.0,1,34,144.87
12405,361,101,4,8.0,1,39,380.12
12406,361,49,4,9.0,1,49,217.79
12407,361,10060,4,2.0,2,105,393.57
12408,361,1,4,7.0,1,194,382.97
12409,361,119,3,,2,178,399.96
12410,361,110,1,8.0,2,185,4.35
12411,361,80,6,7.0,1,71,351.06
12412,361,28,4,11.0,2,171,195.42
12413,361,39,3,,2,184,170.58
12414,361,11,5,6.0,1,5,274.48
12415,361,42,6,9.0,2,77,186.13
12416,361,82,3,13.0,1,33,393.73
12417,361,108,3,1.0,2,182,167.48
12418,361,108,5,6.0,1,232,167.48
12419,361,85,4,15.0,1,241,173.66
12420,361,82,4,10.0,5,63,393.73
12421,361,95,1,5.0,3,101,245.29
12422,361,61,1,13.0,4,217,327.21
12423,361,44,6,8.0,1,96,370.69
12424,361,11,4,15.0,2,223,274.48
12425,361,10118,1,14.0,1,68,102.4
12426,361,26,6,15.0,1,65,196.47
12427,362,76,4,3.0,1,108,327.0
12428,362,68,5,10.0,1,125,31.95
12429,362,43,5,4.0,1,228,40.97
12430,362,77,6,9.0,2,239,11.42
12431,362,11,4,9.0,2,163,274.48
12432,362,52,3,10.0,1,141,29.05
12433,362,115,5,5.0,4,165,265.87
12434,362,61,2,2.0,1,122,327.21
12435,362,66,3,8.0,2,74,134.76
12436,362,119,6,7.0,3,11,399.96
12437,362,82,3,9.0,2,185,393.73
12438,362,25,3,6.0,2,221,381.49
12439,362,97,6,3.0,1,219,99.11
12440,362,47,3,2.0,2,186,279.24
12441,362,55,3,8.0,2,14,268.55
12442,362,120,6,7.0,3,42,18.02
12443,362,114,5,2.0,1,139,392.33
12444,362,48,2,13.0,1,151,77.58
12445,362,6,5,7.0,1,61,342.42
12446,362,55,6,5.0,2,239,268.55
12447,362,53,1,11.0,2,103,99.99
12448,362,73,2,4.0,2,125,352.8
12449,362,89,5,9.0,1,52,228.5
12450,362,29,2,5.0,2,149,264.58
12451,362,20,3,9.0,1,84,344.59
12452,362,88,2,15.0,4,247,52.66
12453,362,96,1,13.0,2,101,231.12
12454,362,42,2,10.0,1,115,186.13
12455,362,99,1,,3,6,21.99
12456,362,109,5,1.0,1,11,378.53
12457,362,115,2,7.0,1,105,265.87
12458,362,60,5,,2,184,393.57
12459,362,52,3,10.0,2,236,29.05
12460,362,115,1,3.0,2,245,265.87
12461,363,1,2,10.0,1,196,382.97
12462,363,98,2,13.0,1,22,89.1
12463,363,105,5,4.0,1,95,115.72
12464,363,42,5,3.0,1,250,186.13
12465,363,10060,5,7.0,2,191,393.57
12466,363,15,4,3.0,1,156,100.16
12467,363,25,2,2.0,2,210,381.49
12468,363,98,4,1.0,2,30,89.1
12469,363,97,3,1.0,1,139,99.11
12470,363,72,4,2.0,1,125,389.59
12471,363,2,4,14.0,2,236,144.87
12472,363,119,2,4.0,1,30,399.96
12473,363,110,6,10.0,3,128,4.35
12474,363,14,4,11.0,1,8,354.1
12475,363,10118,6,6.0,2,27,102.4
12476,363,49,3,12.0,1,105,217.79
12477,363,68,6,3.0,2,236,31.95
12478,363,79,6,14.0,4,225,272.45
12479,363,83,2,7.0,1,9,19.67
12480,363,68,3,14.0,1,200,31.95
12481,363,28,3,6.0,5,168,195.42
12482,363,3,1,11.0,2,154,184.85
12483,363,73,1,11.0,2,152,352.8
12484,363,45,2,15.0,2,231,193.58
12485,363,47,2,2.0,1,199,279.24
12486,364,47,3,8.0,2,15,279.24
12487,364,10118,5,5.0,1,93,102.4
12488,364,76,5,6.0,2,38,327.0
12489,364,10,1,11.0,2,195,153.02
12490,364,70,6,11.0,1,116,18.65
12491,364,108,6,1.0,1,218,167.48
12492,364,17,1,15.0,1,26,198.42
12493,364,1,1,9.0,2,125,382.97
12494,364,46,2,15.0,2,16,2.86
12495,364,71,4,3.0,2,89,273.46
12496,364,43,6,12.0,2,133,40.97
12497,364,19,2,1.0,1,244,153.88
12498,364,42,3,2.0,2,118,186.13
12499,364,45,4,10.0,1,188,193.58
12500,364,28,6,11.0,1,106,195.42
12501,364,107,1,1.0,2,214,87.15
12502,364,87,5,3.0,1,184,267.42
12503,364,98,5,13.0,1,195,89.1
12504,364,10055,5,10.0,2,171,268.55
12505,364,114,3,15.0,3,94,392.33
12506,364,7,3,1.0,2,11,255.0
12507,364,26,6,,1,243,196.47
12508,364,17,4,15.0,1,44,198.42
12509,364,28,5,14.0,1,187,195.42
12510,364,72,2,14.0,1,102,389.59
12511,364,21,2,7.0,2,224,307.9
12512,364,39,5,4.0,2,231,170.58
12513,364,95,2,4.0,2,220,245.29
12514,364,34,4,8.0,1,94,4.86
12515,364,10055,1,1.0,3,204,268.55
12516,364,42,6,15.0,2,22,186.13
12517,364,89,2,10.0,2,127,228.5
12518,364,6,1,1.0,1,71,342.42
12519,364,28,2,,2,196,195.42
12520,364,70,1,10.0,1,230,18.65
12521,365,75,4,1.0,1,187,45.02
12522,365,62,4,11.0,2,135,107.26
12523,365,42,5,3.0,1,42,186.13
12524,365,109,4,9.0,1,91,378.53
12525,365,47,6,13.0,2,227,279.24
12526,365,19,5,8.0,1,88,153.88
12527,365,78,2,6.0,1,34,386.82
12528,365,106,4,5.0,2,36,57.07
12529,365,98,2,7.0,3,15,89.1
12530,365,115,3,9.0,2,203,265.87
12531,365,36,5,2.0,1,177,112.83
12532,365,96,1,12.0,1,57,231.12
12533,365,59,4,4.0,2,31,149.07
12534,365,7,3,9.0,1,99,255.0
12535,365,28,4,4.0,2,18,195.42
12536,365,44,6,4.0,3,188,370.69
12537,365,81,3,8.0,2,167,45.14
12538,365,8,6,6.0,1,250,268.73
12539,365,66,2,13.0,2,111,134.76
12540,365,39,6,14.0,5,248,170.58
12541,365,76,1,11.0,3,226,327.0
12542,365,63,2,11.0,2,63,114.14
12543,365,97,5,9.0,2,239,99.11
12544,365,35,6,12.0,1,225,362.36
12545,365,82,2,9.0,2,219,393.73
12546,365,53,5,2.0,2,160,99.99
12547,365,41,1,2.0,1,26,77.7
12548,365,45,3,2.0,3,12,193.58
12549,365,39,5,2.0,2,144,170.58
12550,365,102,5,15.0,2,27,332.57
12551,365,72,5,2.0,1,125,389.59
12552,365,65,4,10.0,1,117,38.73
12553,365,106,1,15.0,3,107,57.07
12554,365,83,1,7.0,2,44,19.67
12555,365,34,2,1.0,2,96,4.86
12556,365,9,1,13.0,2,124,254.72
12557,365,2,3,6.0,1,196,144.87
12558,365,52,5,12.0,1,241,29.05
12559,365,78,3,2.0,2,149,386.82
12560,366,89,2,3.0,2,128,228.5
12561,366,5,6,4.0,2,33,282.42
12562,366,58,3,3.0,1,31,86.84
12563,366,31,1,4.0,4,221,276.57
12564,366,79,5,11.0,1,16,272.45
12565,366,92,3,4.0,1,249,69.54
12566,366,57,2,2.0,3,189,184.4
12567,366,84,3,7.0,1,54,288.33
12568,366,9,1,7.0,2,196,254.72
12569,366,59,1,10.0,3,138,149.07
12570,366,10096,2,11.0,2,82,231.12
12571,366,38,3,2.0,1,141,323.38
12572,366,13,2,15.0,1,114,350.79
12573,366,120,5,4.0,1,66,18.02
12574,366,31,3,13.0,2,6,276.57
12575,366,36,6,,4,230,112.83
12576,366,33,4,9.0,3,215,136.56
12577,366,89,2,5.0,2,50,228.5
12578,366,89,1,5.0,1,225,228.5
12579,366,120,2,5.0,1,142,18.02
12580,367,100,1,8.0,2,196,320.96
12581,367,33,6,11.0,2,133,136.56
12582,367,69,3,3.0,1,42,334.17
12583,367,62,4,3.0,1,25,107.26
12584,367,7,4,14.0,2,125,255.0
12585,367,23,4,13.0,1,187,204.06
12586,367,37,3,6.0,2,228,374.33
12587,367,92,5,,4,113,69.54
12588,367,83,2,14.0,2,2,19.67
12589,367,10118,5,7.0,3,54,102.4
12590,367,38,2,8.0,2,27,323.38
12591,367,86,5,6.0,1,114,266.03
12592,367,45,3,4.0,3,118,193.58
12593,367,44,2,10.0,5,219,370.69
12594,367,40,5,10.0,2,248,162.24
12595,367,10118,6,15.0,2,50,102.4
12596,367,115,3,14.0,1,200,265.87
12597,367,4,2,3.0,1,115,118.68
12598,367,34,6,10.0,4,2,4.86
12599,367,67,3,2.0,1,57,177.85
12600,367,114,1,15.0,3,127,392.33
12601,367,92,4,3.0,3,42,69.54
12602,367,11,6,11.0,1,42,274.48
12603,367,117,1,,4,79,132.08
12604,367,20,2,5.0,1,35,344.59
12605,367,7,2,14.0,4,140,255.0
12606,368,27,5,15.0,2,197,25.05
12607,368,46,1,3.0,2,25,2.86
12608,368,94,4,4.0,1,104,323.01
12609,368,73,3,4.0,1,105,352.8
12610,368,65,4,15.0,3,78,38.73
12611,368,78,5,12.0,2,225,386.82
12612,368,89,1,12.0,1,165,228.5
12613,368,38,3,4.0,3,179,323.38
12614,368,50,4,8.0,1,219,191.76
12615,368,40,2,2.0,1,129,162.24
12616,368,68,6,7.0,2,244,31.95
12617,368,30,2,3.0,1,203,349.23
12618,368,5,5,6.0,2,67,282.42
12619,368,49,5,10.0,2,204,217.79
12620,368,1,3,5.0,2,171,382.97
12621,368,10,6,5.0,2,227,153.02
12622,368,112,4,5.0,1,127,89.33
12623,368,13,2,7.0,1,124,350.79
12624,368,103,6,10.0,2,229,105.16
12625,368,46,2,4.0,1,132,2.86
12626,368,120,3,14.0,1,145,18.02
12627,368,39,6,7.0,1,217,170.58
12628,368,43,6,3.0,1,181,40.97
12629,369,106,3,1.0,1,88,57.07
12630,369,58,4,14.0,2,94,86.84
12631,369,56,1,10.0,2,235,269.33
12632,369,28,2,5.0,2,67,195.42
12633,369,49,4,14.0,1,99,217.79
12634,369,95,2,3.0,2,96,245.29
12635,369,109,5,5.0,2,165,378.53
12636,369,119,4,13.0,2,87,399.96
12637,369,85,2,9.0,2,240,173.66
12638,369,98,6,7.0,1,177,89.1
12639,369,54,4,15.0,2,212,263.63
12640,369,105,4,7.0,1,214,115.72
12641,369,58,2,8.0,2,17,86.84
12642,369,13,4,5.0,2,215,350.79
12643,369,71,2,10.0,1,128,273.46
12644,369,86,1,13.0,4,120,266.03
12645,369,92,1,12.0,2,147,69.54
12646,369,60,3,1.0,2,90,393.57
12647,369,10,5,13.0,2,220,153.02
12648,369,75,3,12.0,2,155,45.02
12649,369,41,6,14.0,2,32,77.7
12650,369,37,2,5.0,3,34,374.33
12651,369,57,3,,1,92,184.4
12652,369,22,2,6.0,1,219,182.58
12653,369,103,5,13.0,2,233,105.16
12654,369,59,1,1.0,1,191,149.07
12655,369,58,6,15.0,1,23,86.84
12656,369,15,1,,2,166,100.16
12657,369,119,2,1.0,3,214,399.96
12658,369,114,2,6.0,2,67,392.33
12659,369,73,5,11.0,2,118,352.8
12660,369,52,2,6.0,3,14,29.05
12661,369,2,5,8.0,2,216,144.87
12662,369,119,6,12.0,1,149,399.96
12663,369,88,4,4.0,1,83,52.66
12664,369,6,4,12.0,1,168,342.42
12665,369,29,3,9.0,2,72,264.58
12666,369,65,4,10.0,2,170,38.73
12667,369,92,4,13.0,1,244,69.54
12668,369,120,3,3.0,2,21,18.02
12669,370,37,5,6.0,1,155,374.33
12670,370,27,4,7.0,3,38,25.05
12671,370,29,3,5.0,2,183,264.58
12672,370,27,4,4.0,4,217,25.05
12673,370,67,5,12.0,4,83,177.85
12674,370,115,4,10.0,2,130,265.87
12675,370,94,3,9.0,1,127,323.01
12676,370,95,1,5.0,4,106,245.29
12677,370,49,5,9.0,1,63,217.79
12678,370,102,5,11.0,5,91,332.57
12679,370,6,1,7.0,1,129,342.42
12680,370,118,4,13.0,1,113,102.4
12681,370,43,2,5.0,2,159,40.97
12682,370,44,2,1.0,2,59,370.69
12683,370,120,1,10.0,2,145,18.02
12684,370,49,6,,1,201,217.79
12685,370,119,6,2.0,2,162,399.96
12686,370,57,6,5.0,1,34,184.4
12687,370,108,6,7.0,3,137,167.48
12688,370,95,5,,1,56,245.29
12689,370,60,1,6.0,2,138,393.57
12690,370,3,4,7.0,3,201,184.85
12691,370,19,1,7.0,1,87,153.88
12692,370,49,3,4.0,1,177,217.79
12693,370,97,2,12.0,1,142,99.11
12694,370,15,2,3.0,2,204,100.16
12695,370,18,2,1.0,2,232,65.67
12696,370,97,2,4.0,1,126,99.11
12697,370,10118,5,3.0,2,232,102.4
12698,370,83,5,12.0,1,189,19.67
12699,370,93,1,2.0,1,45,39.17
12700,370,43,4,10.0,1,208,40.97
12701,370,28,6,8.0,4,182,195.42
12702,371,77,2,11.0,1,159,11.42
12703,371,20,1,4.0,1,114,344.59
12704,371,37,3,15.0,1,69,374.33
12705,371,85,5,1.0,2,237,173.66
12706,371,61,6,11.0,2,21,327.21
12707,371,11,2,9.0,3,35,274.48
12708,371,53,5,5.0,1,160,99.99
12709,371,108,2,9.0,1,58,167.48
12710,371,71,1,12.0,1,176,273.46
12711,371,32,5,4.0,1,235,360.05
12712,371,59,6,4.0,1,242,149.07
12713,371,9,3,1.0,2,73,254.72
12714,371,53,1,15.0,2,94,99.99
12715,371,54,1,12.0,3,82,263.63
12716,371,65,1,1.0,2,102,38.73
12717,371,79,5,15.0,2,39,272.45
12718,371,115,5,15.0,2,61,265.87
12719,371,80,4,10.0,1,183,351.06
12720,371,44,6,10.0,3,54,370.69
12721,371,19,1,13.0,2,10,153.88
12722,371,72,5,12.0,5,20,389.59
12723,371,62,2,12.0,3,205,107.26
12724,371,115,6,8.0,1,77,265.87
12725,371,57,5,1.0,5,24,184.4
12726,371,98,3,1.0,2,131,89.1
12727,371,27,3,5.0,4,65,25.05
12728,371,32,4,5.0,1,154,360.05
12729,371,12,4,9.0,2,68,322.41
12730,371,64,1,10.0,2,34,254.43
12731,371,82,2,10.0,2,17,393.73
12732,371,117,1,2.0,1,3,132.08
12733,371,31,6,13.0,1,148,276.57
12734,371,23,2,15.0,2,24,204.06
12735,371,96,2,5.0,1,37,231.12
12736,372,42,5,4.0,1,28,186.13
12737,372,49,2,9.0,1,76,217.79
12738,372,9,5,13.0,1,120,254.72
12739,372,107,6,10.0,2,107,87.15
12740,372,61,4,8.0,1,180,327.21
12741,372,10060,4,14.0,1,6,393.57
12742,372,99,5,13.0,1,182,21.99
12743,372,12,1,12.0,2,248,322.41
12744,372,9,1,9.0,3,187,254.72
12745,372,45,5,4.0,4,13,193.58
12746,372,13,1,9.0,1,42,350.79
12747,372,42,1,3.0,2,229,186.13
12748,372,65,5,,2,11,38.73
12749,372,117,4,14.0,1,94,132.08
12750,372,73,1,1.0,1,130,352.8
12751,372,83,5,11.0,1,23,19.67
12752,372,118,1,3.0,2,207,102.4
12753,372,37,4,1.0,1,228,374.33
12754,372,57,5,8.0,2,85,184.4
12755,372,50,2,14.0,3,192,191.76
12756,372,33,3,4.0,2,174,136.56
12757,372,71,6,3.0,1,175,273.46
12758,372,8,2,8.0,3,4,268.73
12759,372,31,2,3.0,1,51,276.57
12760,373,23,4,2.0,1,190,204.06
12761,373,101,3,1.0,2,229,380.12
12762,373,110,5,9.0,2,101,4.35
12763,373,34,1,5.0,3,58,4.86
12764,373,36,2,5.0,1,150,112.83
12765,373,92,6,10.0,3,39,69.54
12766,373,106,3,8.0,2,187,57.07
12767,373,54,6,4.0,1,51,263.63
12768,373,8,3,4.0,5,231,268.73
12769,373,86,6,12.0,3,87,266.03
12770,373,11,5,11.0,2,132,274.48
12771,373,31,3,,5,224,276.57
12772,373,78,2,14.0,1,138,386.82
12773,373,94,6,10.0,2,71,323.01
12774,373,10118,5,13.0,2,65,102.4
12775,373,57,2,2.0,2,46,184.4
12776,373,107,5,12.0,2,136,87.15
12777,373,111,3,13.0,1,142,299.51
12778,373,85,1,15.0,1,36,173.66
12779,373,69,1,9.0,1,181,334.17
12780,373,64,6,15.0,1,179,254.43
12781,373,77,3,14.0,1,48,11.42
12782,373,96,3,2.0,4,140,231.12
12783,373,48,5,7.0,1,30,77.58
12784,373,6,1,1.0,2,187,342.42
12785,373,116,5,5.0,2,5,74.33
12786,373,106,4,13.0,1,176,57.07
12787,374,81,1,1.0,2,144,45.14
12788,374,94,2,14.0,2,238,323.01
12789,374,31,3,12.0,1,145,276.57
12790,374,23,1,4.0,1,167,204.06
12791,374,109,5,14.0,2,238,378.53
12792,374,14,4,3.0,1,210,354.1
12793,374,106,5,13.0,5,48,57.07
12794,374,21,3,15.0,4,230,307.9
12795,374,7,1,10.0,2,51,255.0
12796,374,91,3,2.0,2,137,177.83
12797,374,5,6,3.0,1,144,282.42
12798,374,96,3,,2,172,231.12
12799,374,63,3,8.0,2,181,114.14
12800,374,34,2,6.0,2,21,4.86
12801,374,120,6,,2,214,18.02
12802,374,56,3,11.0,1,78,269.33
12803,374,112,5,5.0,2,19,89.33
12804,374,30,6,5.0,1,126,349.23
12805,374,76,2,10.0,2,107,327.0
12806,374,108,6,10.0,2,172,167.48
12807,374,20,1,14.0,3,21,344.59
12808,374,103,3,8.0,2,2,105.16
12809,374,105,3,4.0,2,189,115.72
12810,374,2,3,10.0,2,70,144.87
12811,374,47,5,9.0,2,213,279.24
12812,374,50,5,5.0,1,57,191.76
12813,374,64,2,5.0,1,162,254.43
12814,374,19,5,,3,6,153.88
12815,374,14,6,4.0,1,156,354.1
12816,374,15,6,8.0,1,89,100.16
12817,374,74,4,7.0,1,44,345.9
12818,374,54,2,5.0,1,190,263.63
12819,374,37,2,6.0,2,55,374.33
12820,374,34,6,6.0,1,229,4.86
12821,374,102,5,4.0,1,142,332.57
12822,374,82,5,15.0,1,101,393.73
12823,374,10055,4,10.0,1,227,268.55
12824,374,66,5,1.0,1,126,134.76
12825,374,107,2,2.0,1,79,87.15
12826,374,45,3,9.0,1,79,193.58
12827,374,67,4,15.0,1,162,177.85
12828,374,100,5,1.0,2,54,320.96
12829,374,22,2,13.0,4,40,182.58
12830,374,62,1,5.0,2,62,107.26
12831,374,18,4,5.0,3,8,65.67
12832,374,46,3,10.0,1,47,2.86
12833,374,72,1,12.0,1,187,389.59
12834,374,4,5,6.0,1,166,118.68
12835,375,42,6,2.0,1,65,186.13
12836,375,67,5,8.0,1,58,177.85
12837,375,100,3,1.0,2,151,320.96
12838,375,85,3,2.0,2,137,173.66
12839,375,117,6,14.0,3,17,132.08
12840,375,106,2,1.0,2,105,57.07
12841,375,10,6,7.0,1,25,153.02
12842,375,45,3,13.0,1,186,193.58
12843,375,8,2,6.0,1,83,268.73
12844,375,106,6,5.0,1,162,57.07
12845,375,116,3,15.0,2,166,74.33
12846,375,59,6,9.0,1,15,149.07
12847,375,118,3,3.0,2,193,102.4
12848,375,119,2,7.0,2,107,399.96
12849,375,69,6,2.0,1,164,334.17
12850,375,76,1,14.0,1,236,327.0
12851,375,58,3,8.0,1,71,86.84
12852,375,45,5,10.0,1,39,193.58
12853,375,3,4,4.0,5,59,184.85
12854,375,89,2,14.0,2,199,228.5
12855,375,97,2,3.0,1,26,99.11
12856,375,32,1,11.0,1,222,360.05
12857,375,43,5,1.0,1,66,40.97
12858,375,97,5,7.0,1,56,99.11
12859,375,9,1,6.0,1,177,254.72
12860,375,64,3,11.0,1,75,254.43
12861,375,51,4,6.0,2,243,384.39
12862,375,52,1,5.0,1,12,29.05
12863,375,107,5,13.0,1,72,87.15
12864,375,80,2,11.0,2,150,351.06
12865,375,117,5,12.0,1,101,132.08
12866,375,104,5,6.0,1,57,194.87
12867,375,104,3,3.0,2,205,194.87
12868,376,42,3,13.0,1,107,186.13
12869,376,53,4,9.0,1,138,99.99
12870,376,83,2,12.0,2,123,19.67
12871,376,27,4,2.0,1,106,25.05
12872,376,29,2,2.0,1,180,264.58
12873,376,59,6,8.0,2,90,149.07
12874,376,104,1,8.0,2,123,194.87
12875,376,4,3,15.0,2,58,118.68
12876,376,57,6,10.0,4,201,184.4
12877,376,77,1,3.0,4,118,11.42
12878,376,102,3,7.0,1,169,332.57
12879,376,97,4,1.0,3,120,99.11
12880,376,10055,2,4.0,2,164,268.55
12881,376,94,5,2.0,2,122,323.01
12882,376,97,2,6.0,2,222,99.11
12883,376,80,2,9.0,1,244,351.06
12884,376,115,1,3.0,2,99,265.87
12885,376,111,5,8.0,2,57,299.51
12886,376,87,1,6.0,1,217,267.42
12887,376,104,6,4.0,2,77,194.87
12888,376,116,4,13.0,1,1,74.33
12889,376,38,4,5.0,1,117,323.38
12890,376,98,5,4.0,2,219,89.1
12891,376,100,6,14.0,2,106,320.96
12892,376,117,6,10.0,3,242,132.08
12893,376,57,5,3.0,1,146,184.4
12894,376,113,4,13.0,1,226,268.21
12895,376,96,4,7.0,1,60,231.12
12896,376,50,2,3.0,2,122,191.76
12897,376,2,1,8.0,1,93,144.87
12898,376,33,1,5.0,1,30,136.56
12899,376,10060,5,9.0,2,147,393.57
12900,376,9,4,3.0,1,204,254.72
12901,376,17,1,15.0,2,165,198.42
12902,376,2,4,11.0,2,236,144.87
12903,376,65,6,11.0,2,103,38.73
12904,376,67,2,12.0,1,18,177.85
12905,376,34,1,9.0,1,165,4.86
12906,376,114,5,,1,44,392.33
12907,376,23,6,14.0,3,100,204.06
12908,376,90,4,8.0,1,179,85.65
12909,376,72,4,3.0,2,218,389.59
12910,376,64,1,4.0,1,140,254.43
12911,376,26,2,3.0,2,51,196.47
12912,377,4,5,2.0,2,48,118.68
12913,377,114,5,7.0,2,197,392.33
12914,377,72,3,15.0,1,76,389.59
12915,377,27,3,5.0,1,244,25.05
12916,377,88,6,8.0,1,7,52.66
12917,377,119,3,3.0,2,13,399.96
12918,377,18,4,14.0,2,100,65.67
12919,377,104,2,7.0,2,118,194.87
12920,377,106,3,2.0,2,129,57.07
12921,377,120,1,7.0,2,139,18.02
12922,377,30,6,1.0,1,8,349.23
12923,377,118,4,8.0,3,103,102.4
12924,377,86,1,3.0,1,4,266.03
12925,377,118,2,7.0,1,79,102.4
12926,377,28,5,4.0,2,88,195.42
12927,377,19,1,2.0,1,43,153.88
12928,377,44,6,3.0,5,163,370.69
12929,377,19,6,1.0,2,44,153.88
12930,377,105,6,10.0,1,65,115.72
12931,377,114,2,7.0,1,86,392.33
12932,377,21,3,2.0,1,114,307.9
12933,377,41,4,9.0,2,57,77.7
12934,377,109,5,1.0,1,213,378.53
12935,377,113,2,9.0,2,238,268.21
12936,377,62,3,8.0,2,40,107.26
12937,377,94,6,12.0,1,231,323.01
12938,377,89,2,7.0,1,26,228.5
12939,377,104,2,6.0,1,241,194.87
12940,377,80,3,10.0,2,169,351.06
12941,377,3,4,12.0,2,190,184.85
12942,377,71,5,13.0,2,216,273.46
12943,377,8,3,1.0,2,127,268.73
12944,377,14,2,5.0,1,109,354.1
12945,377,79,1,7.0,2,182,272.45
12946,377,68,4,9.0,2,238,31.95
12947,377,77,1,13.0,1,118,11.42
12948,377,62,5,6.0,2,49,107.26
12949,377,70,6,2.0,4,185,18.65
12950,377,89,5,12.0,2,195,228.5
12951,377,24,5,1.0,1,59,204.05
12952,377,116,4,13.0,2,127,74.33
12953,377,10096,5,,1,8,231.12
12954,377,12,3,14.0,1,50,322.41
12955,377,117,6,11.0,1,166,132.08
12956,377,114,3,2.0,4,201,392.33
12957,377,34,2,14.0,1,37,4.86
12958,378,5,6,9.0,4,100,282.42
12959,378,49,2,12.0,1,49,217.79
12960,378,34,5,2.0,4,158,4.86
12961,378,110,2,2.0,1,231,4.35
12962,378,83,3,6.0,1,220,19.67
12963,378,29,2,2.0,3,182,264.58
12964,378,14,3,2.0,2,117,354.1
12965,378,111,1,4.0,3,39,299.51
12966,378,75,4,3.0,1,65,45.02
12967,378,104,6,2.0,5,119,194.87
12968,378,30,3,4.0,1,182,349.23
12969,378,99,3,9.0,1,70,21.99
12970,378,58,2,5.0,1,15,86.84
12971,378,108,4,5.0,1,30,167.48
12972,378,100,2,12.0,1,182,320.96
12973,378,110,6,13.0,1,203,4.35
12974,378,119,1,9.0,2,243,399.96
12975,378,75,2,9.0,2,52,45.02
12976,378,20,2,4.0,1,53,344.59
12977,378,4,3,13.0,3,180,118.68
12978,378,83,5,1.0,1,128,19.67
12979,378,39,2,,1,36,170.58
12980,378,25,3,3.0,2,147,381.49
12981,378,15,5,11.0,1,38,100.16
12982,378,43,3,8.0,2,160,40.97
12983,378,16,4,1.0,2,166,359.33
12984,378,61,5,12.0,4,184,327.21
12985,378,119,4,13.0,1,225,399.96
12986,378,51,6,9.0,1,216,384.39
12987,378,120,4,15.0,1,90,18.02
12988,378,101,2,2.0,3,10,380.12
12989,378,77,3,7.0,2,220,11.42
12990,378,49,4,9.0,1,176,217.79
12991,379,35,1,14.0,1,34,362.36
12992,379,81,5,9.0,2,18,45.14
12993,379,22,2,11.0,1,84,182.58
12994,379,33,4,6.0,2,177,136.56
12995,379,38,3,9.0,2,83,323.38
12996,379,70,5,10.0,1,132,18.65
12997,379,10055,6,14.0,3,12,268.55
12998,379,7,3,13.0,1,141,255.0
12999,379,68,5,10.0,2,148,31.95
13000,379,82,5,5.0,1,197,393.73
13001,379,1,4,,1,202,382.97
13002,379,97,1,6.0,1,153,99.11
13003,379,45,6,2.0,1,250,193.58
13004,379,74,5,,2,235,345.9
13005,379,99,4,4.0,1,14,21.99
13006,379,115,5,6.0,2,59,265.87
13007,379,75,2,7.0,1,205,45.02
13008,379,58,1,10.0,3,127,86.84
13009,379,46,2,2.0,2,181,2.86
13010,379,120,6,11.0,2,27,18.02
13011,379,19,3,4.0,2,36,153.88
13012,379,67,5,5.0,2,198,177.85
13013,379,89,1,2.0,2,109,228.5
13014,379,36,2,3.0,1,172,112.83
13015,379,12,6,14.0,2,236,322.41
13016,379,84,3,15.0,1,132,288.33
13017,379,2,2,13.0,2,105,144.87
13018,379,3,6,7.0,2,213,184.85
13019,379,113,1,4.0,2,228,268.21
13020,379,87,5,8.0,2,60,267.42
13021,380,80,6,2.0,1,181,351.06
13022,380,10055,4,,1,49,268.55
13023,380,23,1,4.0,3,163,204.06
13024,380,87,3,,1,78,267.42
13025,380,14,2,9.0,3,88,354.1
13026,380,10118,6,15.0,4,224,102.4
13027,380,84,3,2.0,1,71,288.33
13028,380,106,1,10.0,1,5,57.07
13029,380,11,2,7.0,1,138,274.48
13030,380,55,4,7.0,3,76,268.55
13031,380,79,5,4.0,1,98,272.45
13032,380,98,2,,1,73,89.1
13033,380,13,4,6.0,2,49,350.79
13034,380,75,5,1.0,1,177,45.02
13035,380,10055,1,5.0,2,98,268.55
13036,380,66,4,1.0,1,201,134.76
13037,380,21,4,4.0,2,228,307.9
13038,380,35,4,13.0,2,60,362.36
13039,380,89,4,6.0,1,198,228.5
13040,380,104,5,4.0,1,37,194.87
13041,380,81,2,14.0,2,147,45.14
13042,380,81,6,12.0,1,172,45.14
13043,380,106,4,3.0,1,64,57.07
13044,380,33,5,3.0,2,155,136.56
13045,380,12,2,5.0,1,243,322.41
13046,380,51,1,11.0,1,158,384.39
13047,380,52,1,10.0,2,209,29.05
13048,380,117,4,6.0,3,7,132.08
13049,380,93,6,6.0,3,171,39.17
13050,380,49,1,15.0,2,110,217.79
13051,380,13,2,4.0,2,161,350.79
13052,380,87,1,6.0,2,144,267.42
13053,380,24,3,3.0,4,22,204.05
13054,380,35,4,5.0,2,188,362.36
13055,380,39,2,5.0,1,38,170.58
13056,380,54,3,7.0,2,19,263.63
13057,380,8,3,4.0,3,7,268.73
13058,380,4,4,8.0,3,231,118.68
13059,380,50,6,,1,235,191.76
13060,380,92,2,4.0,1,158,69.54
13061,380,97,5,5.0,2,123,99.11
13062,380,102,6,4.0,1,127,332.57
13063,381,40,6,5.0,2,44,162.24
13064,381,40,6,14.0,2,138,162.24
13065,381,82,4,13.0,2,28,393.73
13066,381,95,5,2.0,1,41,245.29
13067,381,92,5,14.0,1,142,69.54
13068,381,78,5,5.0,2,169,386.82
13069,381,108,5,5.0,5,178,167.48
13070,381,53,6,3.0,3,217,99.99
13071,381,52,1,5.0,2,234,29.05
13072,381,55,4,4.0,1,37,268.55
13073,381,67,4,5.0,1,134,177.85
13074,381,49,2,2.0,1,242,217.79
13075,381,45,4,11.0,4,219,193.58
13076,381,101,5,15.0,2,82,380.12
13077,381,24,1,2.0,1,91,204.05
13078,381,65,1,9.0,2,108,38.73
13079,381,39,4,1.0,3,30,170.58
13080,381,75,4,15.0,1,5,45.02
13081,381,20,6,7.0,3,33,344.59
13082,381,4,4,4.0,2,173,118.68
13083,381,27,4,6.0,2,242,25.05
13084,381,18,2,14.0,1,58,65.67
13085,381,120,1,1.0,1,80,18.02
13086,381,103,5,4.0,1,182,105.16
13087,381,108,5,3.0,2,75,167.48
13088,382,7,3,1.0,2,72,255.0
13089,382,101,1,1.0,2,188,380.12
13090,382,49,4,,1,143,217.79
13091,382,75,3,11.0,2,67,45.02
13092,382,82,6,6.0,1,135,393.73
13093,382,32,2,6.0,2,212,360.05
13094,382,22,1,9.0,2,192,182.58
13095,382,86,1,9.0,1,156,266.03
13096,382,90,2,14.0,2,24,85.65
13097,382,65,5,6.0,1,228,38.73
13098,382,85,5,2.0,1,212,173.66
13099,382,71,1,15.0,2,232,273.46
13100,382,34,6,12.0,3,49,4.86
13101,382,103,1,2.0,4,81,105.16
13102,382,29,2,7.0,1,196,264.58
13103,382,99,3,4.0,2,73,21.99
13104,382,37,2,5.0,2,165,374.33
13105,382,10096,4,13.0,1,69,231.12
13106,382,103,4,14.0,2,17,105.16
13107,382,43,3,11.0,1,20,40.97
13108,382,118,1,7.0,3,79,102.4
13109,382,48,4,14.0,2,110,77.58
13110,382,98,6,8.0,1,239,89.1
13111,382,87,5,2.0,2,222,267.42
13112,382,96,6,1.0,3,116,231.12
13113,382,70,6,,1,117,18.65
13114,382,94,6,15.0,2,128,323.01
13115,382,15,5,7.0,1,160,100.16
13116,382,75,3,6.0,2,204,45.02
13117,382,20,1,14.0,2,96,344.59
13118,382,41,5,12.0,2,140,77.7
13119,382,26,5,5.0,2,212,196.47
13120,382,29,6,11.0,1,101,264.58
13121,382,36,1,6.0,3,120,112.83
13122,382,46,3,13.0,3,221,2.86
13123,382,102,4,14.0,2,17,332.57
13124,383,10096,5,11.0,2,34,231.12
13125,383,45,4,11.0,2,6,193.58
13126,383,102,6,3.0,1,201,332.57
13127,383,10118,4,15.0,2,24,102.4
13128,383,81,5,10.0,1,128,45.14
13129,383,99,5,9.0,1,119,21.99
13130,383,50,3,7.0,2,76,191.76
13131,383,64,1,14.0,5,21,254.43
13132,383,62,3,5.0,2,10,107.26
13133,383,14,6,11.0,2,159,354.1
13134,383,81,3,13.0,1,125,45.14
13135,383,10055,2,5.0,1,211,268.55
13136,383,53,1,1.0,1,151,99.99
13137,383,50,2,7.0,1,159,191.76
13138,383,119,4,13.0,4,117,399.96
13139,383,65,6,4.0,2,55,38.73
13140,383,104,2,4.0,1,250,194.87
13141,383,9,5,9.0,2,45,254.72
13142,383,54,5,2.0,1,194,263.63
13143,383,6,1,9.0,1,177,342.42
13144,383,21,4,6.0,2,248,307.9
13145,383,12,6,12.0,1,120,322.41
13146,383,2,1,14.0,2,243,144.87
13147,383,10055,6,12.0,2,197,268.55
13148,383,46,3,13.0,1,98,2.86
13149,383,4,4,6.0,1,11,118.68
13150,383,82,6,6.0,1,234,393.73
13151,383,43,2,5.0,1,84,40.97
13152,383,89,6,7.0,1,137,228.5
13153,383,43,5,3.0,3,221,40.97
13154,384,95,1,,1,99,245.29
13155,384,45,6,15.0,3,123,193.58
13156,384,40,6,5.0,2,35,162.24
13157,384,11,5,1.0,2,54,274.48
13158,384,10055,2,,3,97,268.55
13159,384,120,5,15.0,5,45,18.02
13160,384,64,1,12.0,1,110,254.43
13161,384,61,6,11.0,1,206,327.21
13162,384,86,5,8.0,2,157,266.03
13163,384,16,1,8.0,1,28,359.33
13164,384,6,3,6.0,1,130,342.42
13165,384,113,4,10.0,1,156,268.21
13166,384,96,6,12.0,2,25,231.12
13167,384,54,3,11.0,1,27,263.63
13168,384,55,4,3.0,2,195,268.55
13169,384,10060,1,14.0,4,17,393.57
13170,384,18,1,1.0,2,182,65.67
13171,384,4,5,14.0,2,61,118.68
13172,384,34,4,15.0,2,76,4.86
13173,384,10,6,1.0,2,194,153.02
13174,384,97,5,12.0,2,114,99.11
13175,384,95,4,14.0,1,78,245.29
13176,384,40,3,2.0,3,172,162.24
13177,384,106,3,14.0,4,99,57.07
13178,384,10118,5,2.0,1,57,102.4
13179,384,31,5,10.0,1,96,276.57
13180,384,118,6,10.0,1,124,102.4
13181,384,11,1,3.0,2,206,274.48
13182,384,44,5,9.0,1,118,370.69
13183,384,86,4,14.0,1,178,266.03
13184,384,10,6,4.0,1,217,153.02
13185,384,28,6,1.0,2,70,195.42
13186,384,66,1,15.0,1,121,134.76
13187,384,77,1,4.0,2,3,11.42
13188,384,100,1,9.0,1,94,320.96
13189,384,99,3,4.0,2,29,21.99
13190,384,71,4,6.0,1,223,273.46
13191,384,119,2,2.0,1,41,399.96
13192,384,119,3,12.0,2,64,399.96
13193,384,67,3,2.0,4,241,177.85
13194,384,46,5,11.0,2,183,2.86
13195,384,24,3,12.0,1,225,204.05
13196,385,92,6,15.0,1,232,69.54
13197,385,110,3,3.0,3,178,4.35
13198,385,7,5,7.0,1,180,255.0
13199,385,105,5,9.0,2,49,115.72
13200,385,72,2,15.0,2,87,389.59
13201,385,16,3,13.0,2,20,359.33
13202,385,91,4,6.0,2,97,177.83
13203,385,100,3,3.0,2,15,320.96
13204,385,5,5,13.0,2,245,282.42
13205,385,66,1,15.0,2,29,134.76
13206,385,29,5,8.0,1,221,264.58
13207,385,34,2,15.0,1,229,4.86
13208,385,46,4,4.0,2,111,2.86
13209,385,99,3,6.0,1,123,21.99
13210,385,94,2,8.0,1,216,323.01
13211,385,74,2,12.0,2,68,345.9
13212,385,96,5,10.0,2,138,231.12
13213,385,104,1,15.0,2,213,194.87
13214,385,57,2,11.0,1,59,184.4
13215,385,24,6,2.0,2,99,204.05
13216,385,50,6,14.0,2,128,191.76
13217,385,19,6,1.0,1,202,153.88
13218,385,21,1,,1,53,307.9
13219,385,27,2,,1,201,25.05
13220,385,75,1,4.0,4,164,45.02
13221,385,74,2,14.0,1,230,345.9
13222,385,9,3,4.0,1,24,254.72
13223,385,91,5,4.0,2,14,177.83
13224,385,30,1,8.0,2,37,349.23
13225,385,67,4,9.0,2,116,177.85
13226,385,10,2,12.0,3,11,153.02
13227,385,110,2,11.0,1,103,4.35
13228,385,3,6,1.0,2,190,184.85
13229,386,105,6,10.0,4,110,115.72
13230,386,92,4,12.0,1,9,69.54
13231,386,60,5,3.0,2,96,393.57
13232,386,10118,5,2.0,1,49,102.4
13233,386,42,3,4.0,3,32,186.13
13234,386,59,6,5.0,3,138,149.07
13235,386,43,6,10.0,2,92,40.97
13236,386,10055,2,4.0,1,67,268.55
13237,386,23,3,11.0,1,130,204.06
13238,386,102,3,1.0,4,135,332.57
13239,386,20,6,8.0,2,25,344.59
13240,386,115,5,5.0,5,138,265.87
13241,386,11,3,11.0,1,202,274.48
13242,386,96,5,11.0,2,211,231.12
13243,386,2,5,11.0,1,35,144.87
13244,386,44,3,8.0,2,250,370.69
13245,386,31,5,9.0,2,31,276.57
13246,386,102,4,6.0,2,49,332.57
13247,386,61,5,14.0,1,184,327.21
13248,386,109,6,13.0,1,110,378.53
13249,386,78,5,13.0,1,123,386.82
13250,386,37,4,4.0,1,24,374.33
13251,386,89,1,14.0,1,227,228.5
13252,386,45,6,7.0,2,74,193.58
13253,386,92,5,,2,13,69.54
13254,386,116,3,10.0,2,177,74.33
13255,386,107,5,4.0,1,192,87.15
13256,386,89,4,13.0,1,242,228.5
13257,386,15,4,13.0,2,133,100.16
13258,386,111,3,6.0,4,42,299.51
13259,386,53,4,4.0,1,16,99.99
13260,386,117,6,14.0,1,125,132.08
13261,386,89,5,,3,136,228.5
13262,386,25,3,10.0,2,144,381.49
13263,386,93,3,6.0,1,171,39.17
13264,386,115,6,6.0,2,235,265.87
13265,386,15,2,2.0,4,232,100.16
13266,386,53,6,15.0,2,69,99.99
13267,386,32,2,10.0,1,57,360.05
13268,386,16,4,9.0,1,133,359.33
13269,386,85,4,8.0,2,124,173.66
13270,386,98,1,15.0,2,145,89.1
13271,386,110,1,9.0,5,174,4.35
13272,386,60,1,12.0,1,160,393.57
13273,386,54,3,6.0,1,188,263.63
13274,386,77,2,1.0,1,224,11.42
13275,386,35,4,10.0,1,103,362.36
13276,386,48,6,14.0,1,79,77.58
13277,386,51,5,10.0,1,187,384.39
13278,387,25,4,1.0,1,223,381.49
13279,387,71,1,11.0,2,172,273.46
13280,387,63,2,4.0,2,146,114.14
13281,387,25,6,,2,43,381.49
13282,387,4,3,11.0,1,166,118.68
13283,387,114,2,9.0,1,110,392.33
13284,387,53,6,9.0,2,211,99.99
13285,387,75,1,4.0,1,242,45.02
13286,387,94,4,1.0,2,177,323.01
13287,387,43,5,,1,248,40.97
13288,387,117,1,5.0,1,12,132.08
13289,387,64,4,1.0,1,61,254.43
13290,387,66,5,8.0,2,213,134.76
13291,387,50,2,9.0,1,81,191.76
13292,387,110,2,4.0,1,109,4.35
13293,387,109,6,,1,209,378.53
13294,387,29,3,15.0,3,187,264.58
13295,387,64,6,3.0,2,228,254.43
13296,387,110,5,9.0,1,147,4.35
13297,387,4,6,1.0,1,40,118.68
13298,387,79,1,11.0,2,134,272.45
13299,387,59,6,11.0,1,14,149.07
13300,387,49,2,15.0,2,56,217.79
13301,387,33,4,15.0,1,182,136.56
13302,387,52,5,12.0,4,69,29.05
13303,387,102,6,14.0,1,213,332.57
13304,387,65,2,5.0,1,104,38.73
13305,387,10118,4,4.0,2,240,102.4
13306,387,29,6,,1,117,264.58
13307,387,86,4,3.0,1,61,266.03
13308,387,84,2,12.0,1,166,288.33
13309,387,16,2,13.0,2,162,359.33
13310,388,76,3,,2,1,327.0
13311,388,18,5,1.0,1,125,65.67
13312,388,65,1,12.0,2,169,38.73
13313,388,39,4,14.0,1,107,170.58
13314,388,58,1,11.0,2,67,86.84
13315,388,31,6,4.0,2,196,276.57
13316,388,91,3,4.0,3,96,177.83
13317,388,111,3,5.0,4,110,299.51
13318,388,17,2,15.0,2,182,198.42
13319,388,98,4,1.0,1,157,89.1
13320,388,101,5,,2,244,380.12
13321,388,12,6,2.0,3,156,322.41
13322,388,72,1,5.0,1,25,389.59
13323,388,112,3,15.0,2,77,89.33
13324,388,40,5,13.0,1,103,162.24
13325,388,1,5,10.0,1,95,382.97
13326,388,35,5,15.0,1,97,362.36
13327,388,116,5,8.0,2,93,74.33
13328,388,117,1,5.0,1,5,132.08
13329,388,11,6,3.0,1,157,274.48
13330,388,38,1,6.0,1,7,323.38
13331,388,22,5,5.0,2,44,182.58
13332,388,19,6,3.0,1,199,153.88
13333,388,76,3,3.0,1,48,327.0
13334,388,119,2,14.0,1,22,399.96
13335,388,71,6,8.0,2,187,273.46
13336,388,28,3,12.0,2,62,195.42
13337,388,20,2,,4,180,344.59
13338,388,41,4,4.0,2,100,77.7
13339,388,65,4,10.0,2,128,38.73
13340,388,109,5,12.0,2,222,378.53
13341,388,47,2,6.0,3,223,279.24
13342,388,41,3,10.0,1,147,77.7
13343,388,41,3,5.0,1,64,77.7
13344,388,7,3,8.0,1,33,255.0
13345,388,31,1,9.0,3,76,276.57
13346,388,52,6,,2,218,29.05
13347,388,16,3,3.0,1,93,359.33
13348,388,114,6,14.0,2,174,392.33
13349,388,25,2,6.0,1,180,381.49
13350,388,88,1,6.0,2,246,52.66
13351,389,26,5,5.0,3,86,196.47
13352,389,1,6,12.0,1,170,382.97
13353,389,118,5,4.0,2,124,102.4
13354,389,111,3,12.0,1,129,299.51
13355,389,78,5,14.0,3,102,386.82
13356,389,117,3,2.0,2,211,132.08
13357,389,36,3,3.0,2,118,112.83
13358,389,34,6,1.0,1,32,4.86
13359,389,23,5,4.0,3,162,204.06
13360,389,74,2,4.0,1,77,345.9
13361,389,113,1,5.0,1,89,268.21
13362,389,74,5,11.0,1,214,345.9
13363,389,81,3,7.0,4,93,45.14
13364,389,40,6,1.0,1,159,162.24
13365,389,111,4,4.0,1,80,299.51
13366,389,54,4,6.0,2,191,263.63
13367,389,58,2,10.0,1,11,86.84
13368,389,44,6,7.0,1,48,370.69
13369,389,25,1,11.0,2,201,381.49
13370,389,90,2,12.0,1,12,85.65
13371,389,16,6,1.0,2,56,359.33
13372,389,61,2,15.0,2,141,327.21
13373,389,5,4,13.0,1,245,282.42
13374,389,101,5,10.0,2,177,380.12
13375,389,100,4,12.0,1,237,320.96
13376,389,50,4,9.0,1,77,191.76
13377,389,106,2,7.0,4,83,57.07
13378,389,70,2,9.0,1,17,18.65
13379,389,63,2,10.0,2,192,114.14
13380,389,109,3,5.0,1,52,378.53
13381,389,30,3,10.0,5,133,349.23
13382,389,34,4,9.0,2,225,4.86
13383,389,76,3,14.0,1,125,327.0
13384,389,48,6,2.0,1,210,77.58
13385,389,99,2,6.0,3,134,21.99
13386,389,53,2,1.0,1,53,99.99
13387,389,29,1,2.0,1,234,264.58
13388,389,18,4,15.0,2,221,65.67
13389,389,109,1,9.0,1,91,378.53
13390,389,47,3,6.0,1,25,279.24
13391,389,12,6,8.0,2,218,322.41
13392,389,49,1,7.0,2,203,217.79
13393,389,38,3,8.0,1,123,323.38
13394,389,1,3,12.0,2,23,382.97
13395,390,65,1,15.0,1,46,38.73
13396,390,51,3,4.0,2,238,384.39
13397,390,76,4,9.0,1,152,327.0
13398,390,52,3,3.0,1,126,29.05
13399,390,28,1,13.0,1,150,195.42
13400,390,1,3,8.0,4,45,382.97
13401,390,53,3,15.0,5,54,99.99
13402,390,10060,3,5.0,2,140,393.57
13403,390,10,5,13.0,2,213,153.02
13404,390,4,1,3.0,2,6,118.68
13405,390,10,2,7.0,3,203,153.02
13406,390,10118,4,3.0,1,96,102.4
13407,390,48,4,5.0,2,77,77.58
13408,390,17,6,9.0,1,74,198.42
13409,390,62,6,13.0,1,125,107.26
13410,390,116,6,12.0,1,160,74.33
13411,390,85,6,14.0,1,122,173.66
13412,390,73,6,7.0,2,123,352.8
13413,390,9,6,5.0,1,195,254.72
13414,390,109,5,15.0,2,146,378.53
13415,390,10,6,14.0,2,61,153.02
13416,390,89,2,10.0,2,79,228.5
13417,390,45,6,6.0,1,1,193.58
13418,390,31,2,1.0,2,155,276.57
13419,390,62,1,15.0,3,132,107.26
13420,390,36,2,9.0,1,93,112.83
13421,390,64,1,8.0,2,161,254.43
13422,390,36,3,14.0,2,100,112.83
13423,390,104,6,5.0,3,124,194.87
13424,390,56,3,4.0,1,26,269.33
13425,390,10,3,3.0,1,185,153.02
13426,390,111,6,6.0,1,227,299.51
13427,390,46,5,3.0,2,51,2.86
13428,390,94,5,7.0,1,9,323.01
13429,390,71,2,4.0,2,241,273.46
13430,390,10,2,6.0,1,182,153.02
13431,391,88,3,1.0,1,54,52.66
13432,391,52,5,1.0,1,210,29.05
13433,391,12,6,3.0,2,72,322.41
13434,391,109,4,9.0,2,26,378.53
13435,391,36,2,8.0,1,92,112.83
13436,391,36,6,5.0,1,213,112.83
13437,391,111,6,8.0,2,195,299.51
13438,391,97,6,2.0,4,105,99.11
13439,391,34,5,6.0,1,115,4.86
13440,391,10060,3,2.0,2,108,393.57
13441,391,10118,3,11.0,1,238,102.4
13442,391,57,2,7.0,1,65,184.4
13443,391,99,2,15.0,1,30,21.99
13444,391,12,3,15.0,2,216,322.41
13445,391,10118,2,3.0,1,156,102.4
13446,391,102,6,6.0,4,52,332.57
13447,391,73,4,6.0,4,21,352.8
13448,391,102,3,2.0,1,141,332.57
13449,391,101,3,1.0,2,8,380.12
13450,391,93,2,13.0,2,206,39.17
13451,391,85,5,3.0,1,5,173.66
13452,391,113,4,7.0,2,178,268.21
13453,391,79,5,,1,162,272.45
13454,391,76,5,7.0,2,85,327.0
13455,391,90,1,2.0,2,143,85.65
13456,391,3,6,8.0,3,133,184.85
13457,391,43,4,12.0,2,150,40.97
13458,391,16,4,2.0,4,109,359.33
13459,391,56,4,10.0,3,135,269.33
13460,391,56,4,9.0,3,137,269.33
13461,391,94,4,1.0,1,52,323.01
13462,391,120,3,9.0,4,94,18.02
13463,391,39,1,14.0,2,87,170.58
13464,391,37,6,6.0,4,241,374.33
13465,391,66,5,2.0,1,28,134.76
13466,391,83,1,11.0,2,201,19.67
13467,391,63,5,5.0,2,131,114.14
13468,391,72,3,5.0,5,158,389.59
13469,392,111,4,8.0,3,169,299.51
13470,392,10055,4,5.0,1,7,268.55
13471,392,13,2,5.0,1,247,350.79
13472,392,50,5,11.0,1,200,191.76
13473,392,76,5,2.0,2,248,327.0
13474,392,115,6,14.0,1,91,265.87
13475,392,6,1,5.0,2,89,342.42
13476,392,19,2,15.0,1,162,153.88
13477,392,23,2,8.0,4,207,204.06
13478,392,79,6,1.0,4,52,272.45
13479,392,116,3,7.0,2,243,74.33
13480,392,36,1,14.0,2,179,112.83
13481,392,95,4,10.0,3,247,245.29
13482,392,45,5,12.0,1,92,193.58
13483,392,55,2,1.0,1,186,268.55
13484,392,110,3,12.0,2,114,4.35
13485,392,103,2,1.0,1,111,105.16
13486,392,48,3,11.0,1,4,77.58
13487,392,74,4,1.0,1,62,345.9
13488,392,86,2,5.0,2,96,266.03
13489,392,106,6,9.0,5,197,57.07
13490,392,27,1,9.0,2,211,25.05
13491,392,34,5,8.0,1,237,4.86
13492,392,36,5,8.0,3,39,112.83
13493,392,18,4,13.0,2,22,65.67
13494,392,120,1,14.0,3,247,18.02
13495,392,89,5,1.0,1,10,228.5
13496,392,117,4,3.0,1,178,132.08
13497,392,120,5,3.0,2,55,18.02
13498,392,73,4,,2,144,352.8
13499,392,57,4,,4,18,184.4
13500,392,22,6,3.0,1,69,182.58
13501,392,12,1,3.0,1,159,322.41
13502,392,104,2,15.0,2,55,194.87
13503,392,61,6,14.0,5,10,327.21
13504,392,24,6,13.0,1,171,204.05
13505,392,19,4,,2,151,153.88
13506,392,14,6,14.0,2,32,354.1
13507,392,8,2,4.0,4,8,268.73
13508,392,14,3,13.0,3,141,354.1
13509,392,113,1,12.0,2,79,268.21
13510,393,17,4,11.0,2,228,198.42
13511,393,104,6,6.0,2,142,194.87
13512,393,10060,4,9.0,1,175,393.57
13513,393,39,4,5.0,2,140,170.58
13514,393,22,2,9.0,3,103,182.58
13515,393,33,2,1.0,4,78,136.56
13516,393,10060,4,12.0,1,216,393.57
13517,393,101,4,7.0,2,93,380.12
13518,393,70,5,5.0,2,235,18.65
13519,393,53,4,15.0,1,39,99.99
13520,393,4,1,11.0,1,10,118.68
13521,393,21,6,14.0,2,30,307.9
13522,393,14,1,1.0,2,117,354.1
13523,393,95,1,,1,241,245.29
13524,393,79,6,3.0,2,105,272.45
13525,393,12,4,8.0,2,47,322.41
13526,393,21,1,2.0,2,201,307.9
13527,393,104,1,3.0,1,72,194.87
13528,393,24,5,15.0,1,77,204.05
13529,393,45,4,12.0,1,100,193.58
13530,393,10055,5,12.0,1,32,268.55
13531,393,63,2,13.0,2,195,114.14
13532,393,101,2,11.0,2,54,380.12
13533,393,111,5,1.0,1,112,299.51
13534,393,40,3,1.0,3,54,162.24
13535,393,120,3,8.0,1,19,18.02
13536,393,10,6,8.0,2,52,153.02
13537,394,19,6,3.0,1,244,153.88
13538,394,36,1,9.0,1,198,112.83
13539,394,30,4,14.0,1,80,349.23
13540,394,106,5,,2,15,57.07
13541,394,104,2,5.0,1,45,194.87
13542,394,109,6,5.0,2,37,378.53
13543,394,8,4,5.0,1,171,268.73
13544,394,18,2,6.0,2,178,65.67
13545,394,105,1,15.0,1,75,115.72
13546,394,4,3,15.0,1,244,118.68
13547,394,47,2,5.0,2,57,279.24
13548,394,101,6,6.0,2,110,380.12
13549,394,118,4,8.0,1,21,102.4
13550,394,6,1,15.0,2,12,342.42
13551,394,31,3,8.0,1,92,276.57
13552,394,79,6,5.0,2,153,272.45
13553,394,115,4,7.0,2,72,265.87
13554,394,55,4,15.0,1,113,268.55
13555,394,10118,5,4.0,2,78,102.4
13556,394,14,4,13.0,2,201,354.1
13557,394,36,1,5.0,2,200,112.83
13558,394,15,4,5.0,1,191,100.16
13559,394,90,2,5.0,1,185,85.65
13560,394,89,6,5.0,5,103,228.5
13561,394,3,3,4.0,1,81,184.85
13562,394,6,1,9.0,4,26,342.42
13563,394,10060,5,6.0,2,20,393.57
13564,394,52,5,10.0,2,171,29.05
13565,394,117,2,6.0,1,53,132.08
13566,394,74,1,,2,118,345.9
13567,394,28,3,9.0,5,13,195.42
13568,394,5,5,11.0,2,239,282.42
13569,394,42,3,6.0,4,29,186.13
13570,394,56,3,,1,186,269.33
13571,394,114,3,12.0,2,39,392.33
13572,394,6,6,6.0,2,150,342.42
13573,394,10096,2,2.0,1,38,231.12
13574,394,90,1,15.0,2,147,85.65
13575,394,79,6,13.0,1,45,272.45
13576,394,9,5,2.0,3,111,254.72
13577,394,42,2,1.0,1,31,186.13
13578,394,14,6,1.0,2,53,354.1
13579,394,6,6,12.0,1,91,342.42
13580,394,26,4,5.0,1,69,196.47
13581,394,90,6,8.0,4,149,85.65
13582,394,10,6,2.0,1,80,153.02
13583,395,9,1,14.0,1,76,254.72
13584,395,53,5,3.0,3,98,99.99
13585,395,64,2,3.0,1,32,254.43
13586,395,70,3,14.0,1,53,18.65
13587,395,81,5,15.0,1,119,45.14
13588,395,26,6,2.0,1,52,196.47
13589,395,104,1,15.0,2,220,194.87
13590,395,26,3,7.0,1,98,196.47
13591,395,17,5,4.0,2,237,198.42
13592,395,49,2,4.0,2,152,217.79
13593,395,111,3,,1,99,299.51
13594,395,108,3,2.0,1,179,167.48
13595,395,44,6,5.0,1,153,370.69
13596,395,33,4,10.0,2,52,136.56
13597,395,8,1,9.0,1,28,268.73
13598,395,109,6,4.0,3,55,378.53
13599,395,32,4,5.0,4,17,360.05
13600,395,45,1,11.0,3,1,193.58
13601,395,45,4,3.0,1,87,193.58
13602,395,34,5,9.0,4,110,4.86
13603,395,117,4,4.0,2,229,132.08
13604,395,44,5,1.0,5,237,370.69
13605,395,62,2,12.0,1,153,107.26
13606,395,111,2,11.0,1,173,299.51
13607,395,50,2,7.0,2,114,191.76
13608,395,117,2,12.0,1,104,132.08
13609,395,89,5,4.0,2,140,228.5
13610,395,43,3,2.0,2,172,40.97
13611,395,11,3,12.0,1,92,274.48
13612,395,103,6,10.0,2,59,105.16
13613,395,21,4,9.0,2,212,307.9
13614,395,20,5,2.0,2,197,344.59
13615,395,54,3,13.0,1,207,263.63
13616,395,38,1,11.0,1,119,323.38
13617,395,59,4,7.0,1,72,149.07
13618,395,27,2,9.0,2,250,25.05
13619,395,80,5,5.0,4,222,351.06
13620,395,119,2,6.0,2,199,399.96
13621,395,70,5,13.0,1,152,18.65
13622,395,103,2,14.0,1,240,105.16
13623,395,50,1,3.0,2,224,191.76
13624,395,70,6,10.0,1,29,18.65
13625,395,75,3,12.0,2,191,45.02
13626,395,85,4,13.0,2,66,173.66
13627,395,54,6,13.0,2,4,263.63
13628,395,85,1,14.0,3,237,173.66
13629,396,65,4,3.0,2,122,38.73
13630,396,77,3,2.0,2,210,11.42
13631,396,78,6,6.0,2,249,386.82
13632,396,67,2,2.0,3,145,177.85
13633,396,45,5,11.0,2,32,193.58
13634,396,76,3,12.0,2,59,327.0
13635,396,40,6,3.0,1,149,162.24
13636,396,70,5,14.0,1,80,18.65
13637,396,99,1,8.0,1,200,21.99
13638,396,72,2,2.0,2,176,389.59
13639,396,49,1,3.0,2,91,217.79
13640,396,70,2,9.0,2,67,18.65
13641,396,118,6,8.0,2,250,102.4
13642,396,104,5,5.0,1,93,194.87
13643,397,119,5,10.0,4,145,399.96
13644,397,21,1,11.0,1,123,307.9
13645,397,97,6,13.0,3,114,99.11
13646,397,10060,4,12.0,3,59,393.57
13647,397,16,5,13.0,1,121,359.33
13648,397,59,1,4.0,1,222,149.07
13649,397,16,6,6.0,2,6,359.33
13650,397,66,2,3.0,1,2,134.76
13651,397,29,3,13.0,3,62,264.58
13652,397,119,5,8.0,4,159,399.96
13653,397,11,5,15.0,2,175,274.48
13654,397,82,2,6.0,4,39,393.73
13655,397,47,3,8.0,1,45,279.24
13656,397,98,3,13.0,1,237,89.1
13657,397,86,5,9.0,2,248,266.03
13658,397,120,3,3.0,1,154,18.02
13659,397,57,4,3.0,1,94,184.4
13660,397,102,5,9.0,2,208,332.57
13661,397,41,3,14.0,1,10,77.7
13662,397,94,5,8.0,1,239,323.01
13663,397,101,5,10.0,1,130,380.12
13664,397,113,6,8.0,2,62,268.21
13665,397,47,6,4.0,1,117,279.24
13666,397,81,4,3.0,1,53,45.14
13667,397,81,1,10.0,1,250,45.14
13668,397,46,3,8.0,3,204,2.86
13669,398,17,5,11.0,1,213,198.42
13670,398,110,4,15.0,1,90,4.35
13671,398,82,4,9.0,2,190,393.73
13672,398,64,3,1.0,1,61,254.43
13673,398,28,4,14.0,2,133,195.42
13674,398,91,1,11.0,1,131,177.83
13675,398,15,6,15.0,2,129,100.16
13676,398,10118,1,13.0,1,18,102.4
13677,398,71,4,6.0,2,47,273.46
13678,398,66,6,12.0,1,32,134.76
13679,398,60,3,1.0,1,3,393.57
13680,398,38,1,,1,96,323.38
13681,398,10096,5,9.0,3,116,231.12
13682,398,31,3,2.0,1,151,276.57
13683,398,86,6,8.0,2,67,266.03
13684,398,109,1,1.0,1,110,378.53
13685,398,85,3,12.0,1,122,173.66
13686,398,10,6,6.0,2,59,153.02
13687,398,10118,4,6.0,2,217,102.4
13688,398,81,3,15.0,2,67,45.14
13689,398,102,2,9.0,2,207,332.57
13690,398,24,1,9.0,2,17,204.05
13691,398,119,1,11.0,1,229,399.96
13692,398,45,2,13.0,1,112,193.58
13693,398,42,6,13.0,2,32,186.13
13694,398,17,2,14.0,1,53,198.42
13695,398,102,1,9.0,1,145,332.57
13696,398,88,4,15.0,1,190,52.66
13697,398,63,4,8.0,3,4,114.14
13698,398,72,1,1.0,2,110,389.59
13699,398,44,6,12.0,1,108,370.69
13700,398,46,1,4.0,1,46,2.86
13701,398,36,1,12.0,2,25,112.83
13702,398,93,3,10.0,2,6,39.17
13703,398,117,5,15.0,1,194,132.08
13704,398,42,2,4.0,2,190,186.13
13705,398,38,4,15.0,1,172,323.38
13706,398,20,3,2.0,1,18,344.59
13707,398,34,1,9.0,1,211,4.86
13708,398,18,4,10.0,4,35,65.67
13709,398,50,3,4.0,3,84,191.76
13710,398,23,4,4.0,4,218,204.06
13711,398,84,5,9.0,4,140,288.33
13712,398,4,6,15.0,1,157,118.68
13713,398,97,4,14.0,1,71,99.11
13714,398,10060,5,15.0,1,21,393.57
13715,398,63,5,7.0,2,85,114.14
13716,398,24,6,12.0,2,65,204.05
13717,398,105,6,10.0,3,66,115.72
13718,398,1,4,9.0,2,80,382.97
13719,398,110,5,10.0,1,167,4.35
13720,399,97,2,14.0,1,225,99.11
13721,399,113,3,14.0,2,85,268.21
13722,399,5,6,15.0,3,39,282.42
13723,399,2,1,9.0,2,64,144.87
13724,399,107,5,1.0,1,131,87.15
13725,399,116,5,9.0,1,25,74.33
13726,399,97,2,1.0,2,29,99.11
13727,399,37,4,,1,168,374.33
13728,399,36,6,5.0,2,81,112.83
13729,399,30,6,7.0,3,121,349.23
13730,399,106,6,11.0,1,202,57.07
13731,399,10060,1,,1,70,393.57
13732,399,88,6,7.0,1,91,52.66
13733,399,68,6,2.0,3,105,31.95
13734,399,12,3,3.0,1,175,322.41
13735,399,2,1,,3,132,144.87
13736,399,67,6,8.0,2,165,177.85
13737,399,96,1,8.0,1,230,231.12
13738,399,21,2,6.0,1,242,307.9
13739,399,101,5,11.0,4,49,380.12
13740,399,97,3,6.0,1,74,99.11
13741,399,10,6,15.0,2,127,153.02
13742,399,60,4,12.0,1,218,393.57
13743,399,87,5,4.0,1,115,267.42
13744,399,58,2,1.0,4,204,86.84
13745,399,107,3,4.0,1,201,87.15
13746,399,85,3,10.0,2,57,173.66
13747,399,10096,5,12.0,1,89,231.12
13748,399,81,3,1.0,2,171,45.14
13749,399,34,4,8.0,1,35,4.86
13750,399,59,5,15.0,1,237,149.07
13751,399,11,1,9.0,2,37,274.48
13752,400,120,6,8.0,1,97,18.02
13753,400,98,6,,3,171,89.1
13754,400,74,3,9.0,4,169,345.9
13755,400,88,4,1.0,2,65,52.66
13756,400,29,6,8.0,1,105,264.58
13757,400,53,4,3.0,2,216,99.99
13758,400,35,5,1.0,1,231,362.36
13759,400,63,1,11.0,2,121,114.14
13760,400,97,4,4.0,1,141,99.11
13761,400,59,1,2.0,1,104,149.07
13762,400,95,4,7.0,3,173,245.29
13763,400,67,6,3.0,3,123,177.85
13764,400,22,5,1.0,1,168,182.58
13765,400,22,4,12.0,2,176,182.58
13766,400,51,1,11.0,1,184,384.39
13767,400,52,5,6.0,4,240,29.05
13768,400,78,5,4.0,2,38,386.82
13769,400,10,6,12.0,1,59,153.02
13770,400,5,3,2.0,1,123,282.42
13771,400,27,3,9.0,2,200,25.05
13772,400,33,3,5.0,1,80,136.56
13773,400,34,1,5.0,1,176,4.86
13774,401,116,1,4.0,1,24,74.33
13775,401,85,6,7.0,1,197,173.66
13776,401,108,1,1.0,2,16,167.48
13777,401,57,5,,1,250,184.4
13778,401,57,3,2.0,2,34,184.4
13779,401,6,4,11.0,2,102,342.42
13780,401,112,6,1.0,1,178,89.33
13781,401,99,3,15.0,2,2,21.99
13782,401,93,5,2.0,2,161,39.17
13783,401,65,5,8.0,2,208,38.73
13784,401,20,1,4.0,1,5,344.59
13785,401,72,6,8.0,4,38,389.59
13786,401,107,5,15.0,1,101,87.15
13787,401,29,3,15.0,4,221,264.58
13788,401,10060,4,2.0,2,189,393.57
13789,401,5,1,13.0,1,143,282.42
13790,401,35,5,5.0,1,177,362.36
13791,401,9,4,13.0,1,217,254.72
13792,401,10060,1,2.0,2,185,393.57
13793,401,110,3,2.0,2,124,4.35
13794,401,54,4,10.0,1,111,263.63
13795,401,110,6,13.0,2,122,4.35
13796,401,4,1,5.0,1,139,118.68
13797,401,41,3,4.0,2,57,77.7
13798,401,42,5,10.0,1,181,186.13
13799,401,33,5,4.0,1,5,136.56
13800,401,39,6,4.0,2,227,170.58
13801,401,19,3,7.0,1,146,153.88
13802,401,43,2,11.0,1,187,40.97
13803,401,87,2,,2,143,267.42
13804,401,11,5,7.0,2,43,274.48
13805,401,1,3,7.0,3,24,382.97
13806,401,9,1,11.0,1,234,254.72
13807,401,9,5,9.0,4,220,254.72
13808,401,49,1,4.0,1,184,217.79
13809,401,90,5,4.0,1,110,85.65
13810,402,100,1,1.0,5,172,320.96
13811,402,10,5,6.0,1,224,153.02
13812,402,30,4,12.0,1,52,349.23
13813,402,10,2,5.0,1,43,153.02
13814,402,85,6,2.0,2,247,173.66
13815,402,68,5,3.0,4,80,31.95
13816,402,105,6,3.0,1,21,115.72
13817,402,102,6,13.0,2,207,332.57
13818,402,59,2,,1,175,149.07
13819,402,102,2,14.0,1,239,332.57
13820,402,76,4,12.0,2,92,327.0
13821,402,30,4,8.0,4,95,349.23
13822,402,95,6,11.0,1,235,245.29
13823,402,14,1,14.0,1,79,354.1
13824,402,5,4,13.0,1,87,282.42
13825,403,64,4,5.0,1,178,254.43
13826,403,31,1,9.0,1,222,276.57
13827,403,33,6,3.0,3,183,136.56
13828,403,106,3,14.0,3,160,57.07
13829,403,104,2,6.0,2,222,194.87
13830,403,34,1,13.0,3,101,4.86
13831,403,19,3,9.0,2,199,153.88
13832,403,14,2,4.0,1,238,354.1
13833,403,2,3,13.0,2,230,144.87
13834,403,30,1,11.0,2,168,349.23
13835,403,64,2,12.0,2,223,254.43
13836,403,61,6,1.0,2,131,327.21
13837,403,10055,1,12.0,1,223,268.55
13838,403,81,2,3.0,1,20,45.14
13839,403,10,1,1.0,2,242,153.02
13840,403,28,6,9.0,2,124,195.42
13841,403,28,2,10.0,2,168,195.42
13842,403,25,5,10.0,2,22,381.49
13843,403,78,5,13.0,2,109,386.82
13844,403,3,2,,2,195,184.85
13845,403,66,2,7.0,2,169,134.76
13846,403,94,5,9.0,3,31,323.01
13847,403,27,3,11.0,1,207,25.05
13848,403,67,4,9.0,5,64,177.85
13849,403,48,5,1.0,3,93,77.58
13850,403,68,4,14.0,4,152,31.95
13851,403,5,4,8.0,1,146,282.42
13852,403,36,3,5.0,1,41,112.83
13853,403,84,3,9.0,3,185,288.33
13854,403,93,4,5.0,5,8,39.17
13855,404,10055,5,13.0,2,121,268.55
13856,404,19,5,8.0,1,233,153.88
13857,404,19,2,11.0,1,68,153.88
13858,404,71,1,8.0,2,100,273.46
13859,404,71,2,4.0,2,166,273.46
13860,404,97,1,10.0,2,101,99.11
13861,404,66,4,9.0,1,185,134.76
13862,404,35,1,14.0,4,70,362.36
13863,404,33,3,6.0,2,62,136.56
13864,404,73,2,3.0,1,233,352.8
13865,404,28,3,8.0,1,15,195.42
13866,404,10,1,6.0,2,214,153.02
13867,404,49,4,12.0,3,75,217.79
13868,404,55,4,11.0,1,69,268.55
13869,404,8,5,13.0,4,238,268.73
13870,404,61,1,1.0,2,99,327.21
13871,404,33,1,3.0,1,169,136.56
13872,404,82,3,15.0,1,151,393.73
13873,404,49,3,14.0,1,91,217.79
13874,404,114,5,6.0,1,6,392.33
13875,404,39,3,1.0,2,206,170.58
13876,404,69,5,5.0,2,137,334.17
13877,404,92,6,13.0,2,17,69.54
13878,404,64,3,12.0,2,81,254.43
13879,404,67,2,4.0,1,204,177.85
13880,404,90,6,,1,10,85.65
13881,404,75,6,4.0,3,166,45.02
13882,404,29,4,10.0,2,180,264.58
13883,404,5,4,7.0,3,113,282.42
13884,404,33,2,15.0,2,2,136.56
13885,405,44,3,2.0,1,178,370.69
13886,405,106,2,14.0,4,250,57.07
13887,405,38,2,13.0,4,121,323.38
13888,405,88,4,10.0,2,242,52.66
13889,405,29,1,9.0,1,92,264.58
13890,405,33,1,7.0,1,229,136.56
13891,405,87,1,12.0,1,134,267.42
13892,405,10118,2,15.0,2,44,102.4
13893,405,11,1,13.0,1,134,274.48
13894,405,81,3,9.0,2,177,45.14
13895,405,54,2,6.0,2,215,263.63
13896,405,3,6,2.0,1,133,184.85
13897,405,112,5,3.0,1,103,89.33
13898,405,39,1,9.0,1,140,170.58
13899,405,73,4,8.0,1,186,352.8
13900,405,71,1,12.0,1,222,273.46
13901,405,11,6,15.0,1,203,274.48
13902,405,14,2,10.0,2,70,354.1
13903,405,95,5,3.0,2,120,245.29
13904,405,29,3,10.0,1,68,264.58
13905,405,48,4,9.0,1,205,77.58
13906,405,68,4,13.0,2,51,31.95
13907,405,36,4,14.0,1,120,112.83
13908,406,59,1,12.0,1,203,149.07
13909,406,58,3,12.0,1,117,86.84
13910,406,26,1,11.0,2,210,196.47
13911,406,4,4,4.0,2,49,118.68
13912,406,66,1,12.0,1,28,134.76
13913,406,35,2,8.0,1,63,362.36
13914,406,76,4,12.0,2,241,327.0
13915,406,87,1,12.0,1,87,267.42
13916,406,70,5,2.0,3,56,18.65
13917,406,25,2,10.0,1,193,381.49
13918,406,10118,1,3.0,3,228,102.4
13919,406,58,3,5.0,2,185,86.84
13920,406,37,1,5.0,5,39,374.33
13921,406,1,6,8.0,1,152,382.97
13922,406,67,3,12.0,2,2,177.85
13923,406,74,4,15.0,1,169,345.9
13924,406,88,4,14.0,4,149,52.66
13925,406,24,4,11.0,2,240,204.05
13926,406,82,6,,1,200,393.73
13927,406,116,4,10.0,2,11,74.33
13928,406,73,4,15.0,2,137,352.8
13929,406,81,2,8.0,4,169,45.14
13930,406,74,5,12.0,3,63,345.9
13931,406,113,1,13.0,2,49,268.21
13932,406,17,3,,1,191,198.42
13933,406,79,3,3.0,1,184,272.45
13934,406,49,3,8.0,4,74,217.79
13935,406,119,3,15.0,3,50,399.96
13936,406,108,2,11.0,2,235,167.48
13937,406,3,3,7.0,2,120,184.85
13938,407,37,5,14.0,2,215,374.33
13939,407,97,3,5.0,2,123,99.11
13940,407,1,1,10.0,1,189,382.97
13941,407,39,2,14.0,1,250,170.58
13942,407,38,2,5.0,1,50,323.38
13943,407,85,5,2.0,2,63,173.66
13944,407,60,2,10.0,3,41,393.57
13945,407,111,3,13.0,2,189,299.51
13946,407,52,5,6.0,2,126,29.05
13947,407,88,3,8.0,1,81,52.66
13948,407,14,2,1.0,2,125,354.1
13949,407,106,3,11.0,1,140,57.07
13950,407,7,3,3.0,2,235,255.0
13951,407,35,4,4.0,1,44,362.36
13952,407,89,1,14.0,2,187,228.5
13953,407,60,5,1.0,3,16,393.57
13954,407,40,1,7.0,1,72,162.24
13955,407,19,5,9.0,5,245,153.88
13956,407,42,3,,3,161,186.13
13957,407,23,1,,2,182,204.06
13958,407,18,6,15.0,2,77,65.67
13959,407,101,6,4.0,1,11,380.12
13960,407,108,1,,2,95,167.48
13961,407,104,4,2.0,1,149,194.87
13962,407,33,1,15.0,1,98,136.56
13963,407,13,3,15.0,1,32,350.79
13964,407,24,2,4.0,2,172,204.05
13965,407,22,6,6.0,2,16,182.58
13966,407,17,2,15.0,1,190,198.42
13967,407,97,1,10.0,1,164,99.11
13968,407,119,6,15.0,2,228,399.96
13969,407,115,1,3.0,2,127,265.87
13970,407,5,2,12.0,1,69,282.42
13971,408,104,5,14.0,2,24,194.87
13972,408,98,1,14.0,1,149,89.1
13973,408,88,2,1.0,1,85,52.66
13974,408,65,6,11.0,2,203,38.73
13975,408,111,6,13.0,1,76,299.51
13976,408,111,2,14.0,4,31,299.51
13977,408,80,6,12.0,2,32,351.06
13978,408,74,4,13.0,2,138,345.9
13979,408,63,4,11.0,3,28,114.14
13980,408,84,6,13.0,2,27,288.33
13981,408,36,2,14.0,1,112,112.83
13982,408,7,1,2.0,2,242,255.0
13983,408,10096,3,15.0,3,209,231.12
13984,408,18,1,11.0,2,90,65.67
13985,408,19,6,11.0,1,7,153.88
13986,408,25,6,8.0,2,49,381.49
13987,408,48,2,11.0,1,145,77.58
13988,408,79,4,11.0,4,187,272.45
13989,408,7,6,6.0,2,97,255.0
13990,409,92,1,7.0,2,114,69.54
13991,409,10,2,13.0,4,245,153.02
13992,409,40,3,2.0,3,59,162.24
13993,409,74,4,13.0,1,52,345.9
13994,409,96,2,11.0,1,150,231.12
13995,409,6,4,1.0,2,102,342.42
13996,409,111,5,9.0,2,216,299.51
13997,409,15,5,15.0,1,212,100.16
13998,409,87,2,3.0,1,140,267.42
13999,409,37,1,3.0,2,104,374.33
14000,409,55,4,9.0,2,169,268.55
14001,409,88,1,13.0,1,111,52.66
14002,409,17,2,9.0,2,68,198.42
14003,409,80,1,5.0,2,86,351.06
14004,409,96,5,12.0,2,113,231.12
14005,409,37,4,6.0,2,170,374.33
14006,409,39,5,11.0,2,25,170.58
14007,409,19,5,7.0,2,145,153.88
14008,409,41,2,6.0,2,58,77.7
14009,409,39,2,,1,164,170.58
14010,409,77,4,11.0,1,51,11.42
14011,409,7,6,13.0,1,242,255.0
14012,409,44,6,11.0,1,93,370.69
14013,409,44,5,4.0,1,67,370.69
14014,409,44,5,7.0,1,92,370.69
14015,409,105,3,14.0,2,121,115.72
14016,409,90,2,13.0,2,89,85.65
14017,410,33,3,11.0,4,163,136.56
14018,410,111,6,10.0,2,188,299.51
14019,410,18,6,,3,96,65.67
14020,410,47,3,2.0,1,47,279.24
14021,410,27,1,13.0,2,116,25.05
14022,410,74,3,10.0,3,76,345.9
14023,410,117,2,9.0,3,61,132.08
14024,410,82,5,9.0,1,228,393.73
14025,410,112,3,15.0,2,231,89.33
14026,410,106,4,1.0,3,219,57.07
14027,410,110,3,6.0,1,6,4.35
14028,410,102,3,9.0,2,167,332.57
14029,410,91,3,7.0,2,51,177.83
14030,410,107,2,15.0,2,17,87.15
14031,410,93,3,10.0,1,195,39.17
14032,410,14,2,14.0,1,233,354.1
14033,410,94,3,4.0,2,27,323.01
14034,410,56,4,15.0,4,215,269.33
14035,410,29,6,4.0,1,1,264.58
14036,410,88,3,14.0,1,50,52.66
14037,410,75,1,7.0,1,211,45.02
14038,410,59,6,6.0,1,215,149.07
14039,410,43,6,5.0,5,218,40.97
14040,410,120,4,15.0,1,114,18.02
14041,410,44,5,3.0,5,177,370.69
14042,410,93,6,7.0,2,208,39.17
14043,410,97,4,5.0,1,180,99.11
14044,410,51,1,15.0,1,109,384.39
14045,410,47,4,13.0,3,81,279.24
14046,410,52,3,,3,55,29.05
14047,410,46,3,2.0,1,115,2.86
14048,410,8,4,7.0,1,118,268.73
14049,410,77,2,3.0,2,72,11.42
14050,410,83,4,4.0,3,80,19.67
14051,410,55,5,9.0,1,233,268.55
14052,410,45,4,9.0,1,53,193.58
14053,410,77,3,11.0,5,75,11.42
14054,410,95,2,4.0,1,107,245.29
14055,410,8,1,8.0,2,243,268.73
14056,410,55,4,11.0,2,12,268.55
14057,410,37,6,1.0,1,53,374.33
14058,410,71,6,2.0,1,110,273.46
14059,410,104,6,15.0,2,80,194.87
14060,410,114,5,11.0,2,15,392.33
14061,411,40,4,13.0,2,219,162.24
14062,411,1,5,6.0,2,220,382.97
14063,411,51,3,14.0,2,7,384.39
14064,411,49,2,15.0,1,73,217.79
14065,411,100,4,3.0,1,128,320.96
14066,411,80,6,8.0,1,58,351.06
14067,411,96,3,7.0,1,118,231.12
14068,411,78,1,11.0,1,199,386.82
14069,411,120,4,8.0,2,175,18.02
14070,411,21,6,6.0,2,183,307.9
14071,411,10,3,7.0,1,106,153.02
14072,411,103,6,8.0,1,161,105.16
14073,411,33,1,3.0,1,102,136.56
14074,411,92,6,3.0,1,210,69.54
14075,411,111,5,14.0,1,238,299.51
14076,411,58,2,5.0,1,153,86.84
14077,411,59,4,12.0,5,233,149.07
14078,411,13,3,11.0,1,19,350.79
14079,411,77,3,8.0,1,132,11.42
14080,411,10118,5,9.0,2,164,102.4
14081,411,63,1,4.0,2,192,114.14
14082,411,51,4,1.0,1,88,384.39
14083,411,32,6,11.0,1,11,360.05
14084,411,43,1,4.0,2,140,40.97
14085,411,8,4,12.0,2,47,268.73
14086,411,80,5,6.0,1,107,351.06
14087,411,12,1,4.0,2,4,322.41
14088,411,107,5,6.0,4,136,87.15
14089,411,72,6,1.0,1,239,389.59
14090,412,104,3,2.0,1,239,194.87
14091,412,51,4,11.0,1,26,384.39
14092,412,1,4,5.0,1,135,382.97
14093,412,74,4,13.0,1,193,345.9
14094,412,120,1,9.0,2,202,18.02
14095,412,72,1,11.0,1,123,389.59
14096,412,112,6,12.0,3,183,89.33
14097,412,68,6,13.0,2,185,31.95
14098,412,22,3,4.0,2,129,182.58
14099,412,106,2,10.0,2,195,57.07
14100,412,73,6,11.0,1,73,352.8
14101,412,107,3,6.0,2,202,87.15
14102,412,116,6,10.0,3,6,74.33
14103,412,95,4,4.0,1,167,245.29
14104,412,16,5,6.0,1,34,359.33
14105,412,99,3,13.0,1,174,21.99
14106,412,67,2,6.0,1,188,177.85
14107,412,55,2,1.0,2,92,268.55
14108,412,67,1,14.0,1,113,177.85
14109,412,56,2,8.0,2,63,269.33
14110,412,119,2,9.0,1,214,399.96
14111,412,71,6,10.0,1,196,273.46
14112,412,58,1,11.0,2,231,86.84
14113,412,15,3,14.0,1,181,100.16
14114,412,27,1,7.0,1,40,25.05
14115,412,26,6,3.0,2,32,196.47
14116,412,34,2,8.0,3,23,4.86
14117,412,23,1,6.0,2,125,204.06
14118,412,17,1,9.0,1,109,198.42
14119,413,58,2,11.0,2,131,86.84
14120,413,19,3,5.0,1,205,153.88
14121,413,113,2,11.0,2,216,268.21
14122,413,51,6,1.0,1,123,384.39
14123,413,99,6,1.0,1,141,21.99
14124,413,60,3,11.0,2,234,393.57
14125,413,104,5,5.0,1,94,194.87
14126,413,120,4,7.0,4,180,18.02
14127,413,10096,3,11.0,2,215,231.12
14128,413,32,4,,1,174,360.05
14129,413,3,6,14.0,4,63,184.85
14130,413,28,1,1.0,2,59,195.42
14131,413,64,2,5.0,3,113,254.43
14132,413,6,5,10.0,1,11,342.42
14133,413,4,2,5.0,1,249,118.68
14134,413,52,2,10.0,1,88,29.05
14135,413,96,1,5.0,2,229,231.12
14136,413,43,1,11.0,4,111,40.97
14137,413,72,6,3.0,2,19,389.59
14138,413,113,3,11.0,2,97,268.21
14139,413,45,5,4.0,2,250,193.58
14140,413,88,3,15.0,2,237,52.66
14141,413,55,6,3.0,4,158,268.55
14142,413,4,6,8.0,1,4,118.68
14143,413,65,4,5.0,1,217,38.73
14144,413,35,2,6.0,1,5,362.36
14145,413,110,2,8.0,2,8,4.35
14146,413,116,6,13.0,1,90,74.33
14147,413,72,2,9.0,1,139,389.59
14148,413,81,3,1.0,4,149,45.14
14149,413,110,5,13.0,1,73,4.35
14150,413,59,5,5.0,2,191,149.07
14151,413,66,2,,2,31,134.76
14152,413,107,4,15.0,2,138,87.15
14153,413,92,4,12.0,1,241,69.54
14154,413,74,2,12.0,1,152,345.9
14155,413,47,4,13.0,2,245,279.24
14156,413,2,1,12.0,1,65,144.87
14157,413,6,5,10.0,1,106,342.42
14158,413,43,3,14.0,2,135,40.97
14159,413,75,3,11.0,3,193,45.02
14160,413,98,5,1.0,1,235,89.1
14161,413,28,4,8.0,2,203,195.42
14162,413,11,6,9.0,3,11,274.48
14163,414,105,4,13.0,1,142,115.72
14164,414,81,6,5.0,1,65,45.14
14165,414,17,5,9.0,1,48,198.42
14166,414,75,1,1.0,4,143,45.02
14167,414,42,5,11.0,1,130,186.13
14168,414,13,6,,2,134,350.79
14169,414,50,5,10.0,3,187,191.76
14170,414,49,1,5.0,1,217,217.79
14171,414,42,6,5.0,1,27,186.13
14172,414,116,5,13.0,2,80,74.33
14173,414,99,6,1.0,4,84,21.99
14174,414,25,2,3.0,1,217,381.49
14175,414,28,1,13.0,1,88,195.42
14176,414,95,6,8.0,3,139,245.29
14177,414,44,2,9.0,2,99,370.69
14178,414,59,2,13.0,1,8,149.07
14179,414,19,1,11.0,1,184,153.88
14180,414,42,5,6.0,1,226,186.13
14181,414,79,5,14.0,1,228,272.45
14182,414,34,6,9.0,1,174,4.86
14183,414,77,5,4.0,1,177,11.42
14184,414,95,4,13.0,1,213,245.29
14185,414,107,5,1.0,3,131,87.15
14186,414,29,4,6.0,1,152,264.58
14187,414,22,2,10.0,1,131,182.58
14188,414,58,6,3.0,1,237,86.84
14189,414,10060,2,4.0,2,179,393.57
14190,414,63,3,12.0,3,183,114.14
14191,414,14,4,10.0,2,100,354.1
14192,414,79,6,8.0,3,241,272.45
14193,414,48,1,11.0,1,233,77.58
14194,414,57,4,7.0,5,52,184.4
14195,414,41,5,9.0,1,13,77.7
14196,414,52,2,15.0,2,119,29.05
14197,414,51,1,12.0,2,147,384.39
14198,415,92,3,12.0,1,176,69.54
14199,415,108,2,12.0,1,211,167.48
14200,415,66,2,9.0,1,230,134.76
14201,415,96,5,11.0,2,164,231.12
14202,415,83,3,15.0,1,238,19.67
14203,415,102,3,9.0,2,75,332.57
14204,415,1,3,6.0,1,161,382.97
14205,415,79,2,7.0,1,238,272.45
14206,415,44,4,4.0,2,193,370.69
14207,415,53,5,5.0,2,249,99.99
14208,415,83,2,14.0,1,34,19.67
14209,415,105,1,13.0,2,52,115.72
14210,415,26,4,13.0,2,45,196.47
14211,415,85,3,9.0,4,25,173.66
14212,415,39,3,10.0,2,247,170.58
14213,415,10118,2,,1,76,102.4
14214,415,60,2,10.0,1,28,393.57
14215,415,17,1,11.0,2,130,198.42
14216,415,119,3,12.0,1,136,399.96
14217,415,21,5,2.0,2,207,307.9
14218,415,102,3,15.0,1,131,332.57
14219,415,5,1,7.0,1,41,282.42
14220,415,55,3,2.0,5,161,268.55
14221,415,17,2,3.0,2,65,198.42
14222,415,60,4,14.0,1,157,393.57
14223,415,93,1,15.0,4,90,39.17
14224,415,118,4,15.0,1,164,102.4
14225,415,64,1,8.0,1,249,254.43
14226,415,7,1,10.0,1,232,255.0
14227,415,10055,3,15.0,3,94,268.55
14228,415,46,2,15.0,2,136,2.86
14229,415,17,3,8.0,4,143,198.42
14230,415,27,4,2.0,1,122,25.05
14231,415,10,6,9.0,2,90,153.02
14232,415,90,6,2.0,3,177,85.65
14233,415,93,4,9.0,1,21,39.17
14234,415,63,3,9.0,2,195,114.14
14235,415,71,5,9.0,1,162,273.46
14236,415,18,2,8.0,3,133,65.67
14237,416,65,6,10.0,1,94,38.73
14238,416,45,4,15.0,2,46,193.58
14239,416,2,1,5.0,2,232,144.87
14240,416,101,1,13.0,2,75,380.12
14241,416,84,3,9.0,1,87,288.33
14242,416,5,1,8.0,2,236,282.42
14243,416,70,4,15.0,1,17,18.65
14244,416,39,4,10.0,3,22,170.58
14245,416,102,4,3.0,1,56,332.57
14246,416,10118,5,11.0,2,109,102.4
14247,416,31,1,15.0,1,71,276.57
14248,416,12,2,1.0,2,192,322.41
14249,416,53,6,3.0,1,160,99.99
14250,416,50,5,4.0,1,100,191.76
14251,416,13,2,14.0,1,27,350.79
14252,416,66,4,1.0,1,38,134.76
14253,416,65,4,9.0,2,29,38.73
14254,416,3,2,7.0,1,177,184.85
14255,416,43,2,2.0,2,50,40.97
14256,416,119,5,7.0,2,64,399.96
14257,416,114,6,9.0,2,236,392.33
14258,416,90,5,5.0,2,85,85.65
14259,416,115,1,8.0,2,137,265.87
14260,416,28,2,13.0,1,126,195.42
14261,416,98,2,3.0,1,165,89.1
14262,416,80,2,14.0,2,118,351.06
14263,416,12,2,8.0,1,13,322.41
14264,416,41,3,1.0,1,205,77.7
14265,416,89,3,6.0,3,50,228.5
14266,416,15,2,14.0,1,159,100.16
14267,416,62,1,3.0,1,186,107.26
14268,416,75,5,5.0,2,173,45.02
14269,416,89,4,8.0,1,210,228.5
14270,416,66,5,13.0,2,92,134.76
14271,416,89,4,1.0,2,71,228.5
14272,416,10055,3,5.0,2,88,268.55
14273,417,48,2,8.0,2,54,77.58
14274,417,51,6,6.0,1,52,384.39
14275,417,33,3,8.0,2,186,136.56
14276,417,21,2,10.0,4,81,307.9
14277,417,38,6,15.0,4,62,323.38
14278,417,21,1,2.0,1,199,307.9
14279,417,45,6,6.0,1,61,193.58
14280,417,96,1,8.0,3,234,231.12
14281,417,119,5,9.0,1,201,399.96
14282,417,61,1,11.0,2,67,327.21
14283,417,27,4,10.0,1,101,25.05
14284,417,72,2,4.0,2,232,389.59
14285,417,78,2,2.0,2,2,386.82
14286,417,118,5,11.0,1,63,102.4
14287,417,117,1,5.0,1,199,132.08
14288,417,37,1,13.0,2,190,374.33
14289,417,42,1,5.0,5,155,186.13
14290,417,98,1,6.0,1,108,89.1
14291,417,21,4,15.0,2,99,307.9
14292,417,85,3,,1,198,173.66
14293,417,63,1,10.0,2,161,114.14
14294,417,57,2,2.0,1,119,184.4
14295,417,96,3,,2,158,231.12
14296,417,40,4,6.0,2,169,162.24
14297,417,101,6,6.0,1,189,380.12
14298,417,42,6,5.0,3,55,186.13
14299,417,89,6,3.0,2,134,228.5
14300,417,50,4,1.0,2,152,191.76
14301,418,109,1,9.0,2,141,378.53
14302,418,101,2,11.0,1,228,380.12
14303,418,119,4,8.0,2,238,399.96
14304,418,87,5,14.0,1,48,267.42
14305,418,88,2,8.0,2,88,52.66
14306,418,45,4,7.0,2,212,193.58
14307,418,49,3,5.0,2,26,217.79
14308,418,26,1,,2,217,196.47
14309,418,120,2,7.0,2,75,18.02
14310,418,3,4,8.0,1,45,184.85
14311,418,65,2,2.0,2,152,38.73
14312,418,92,1,1.0,2,47,69.54
14313,418,90,6,3.0,3,153,85.65
14314,418,93,5,3.0,1,112,39.17
14315,418,77,6,14.0,1,225,11.42
14316,418,7,2,2.0,2,161,255.0
14317,418,22,6,11.0,3,201,182.58
14318,418,90,4,10.0,2,246,85.65
14319,418,24,3,4.0,2,109,204.05
14320,418,54,5,4.0,1,5,263.63
14321,418,29,2,3.0,1,109,264.58
14322,418,9,6,11.0,1,28,254.72
14323,418,118,2,8.0,3,55,102.4
14324,418,10096,5,15.0,2,212,231.12
14325,418,19,2,5.0,1,161,153.88
14326,418,100,6,7.0,1,90,320.96
14327,418,10055,1,1.0,4,114,268.55
14328,418,35,3,14.0,2,13,362.36
14329,418,91,1,,2,236,177.83
14330,418,9,5,8.0,2,30,254.72
14331,418,4,5,11.0,1,32,118.68
14332,418,89,1,14.0,1,242,228.5
14333,418,3,6,2.0,3,43,184.85
14334,418,93,3,2.0,2,30,39.17
14335,418,116,5,13.0,4,239,74.33
14336,419,60,1,1.0,1,151,393.57
14337,419,72,1,10.0,2,25,389.59
14338,419,10060,2,15.0,1,249,393.57
14339,419,12,1,2.0,1,78,322.41
14340,419,49,6,13.0,1,31,217.79
14341,419,41,4,10.0,2,90,77.7
14342,419,102,3,4.0,2,87,332.57
14343,419,9,2,15.0,4,59,254.72
14344,419,96,2,14.0,4,122,231.12
14345,419,80,6,3.0,2,196,351.06
14346,419,25,6,5.0,1,122,381.49
14347,419,104,5,15.0,1,124,194.87
14348,419,46,6,15.0,2,166,2.86
14349,419,108,3,11.0,1,240,167.48
14350,419,48,5,9.0,2,142,77.58
14351,419,70,3,8.0,1,22,18.65
14352,419,3,4,6.0,2,121,184.85
14353,419,115,4,15.0,1,119,265.87
14354,419,109,6,1.0,1,73,378.53
14355,419,98,1,8.0,1,53,89.1
14356,419,94,3,7.0,3,136,323.01
14357,419,65,1,14.0,1,246,38.73
14358,419,3,1,15.0,2,221,184.85
14359,420,72,4,15.0,2,227,389.59
14360,420,1,1,6.0,1,63,382.97
14361,420,60,3,12.0,1,113,393.57
14362,420,68,1,15.0,1,79,31.95
14363,420,76,3,12.0,1,155,327.0
14364,420,52,2,4.0,1,153,29.05
14365,420,13,5,9.0,3,28,350.79
14366,420,30,5,4.0,2,49,349.23
14367,420,90,5,2.0,1,82,85.65
14368,420,116,2,14.0,3,218,74.33
14369,420,60,4,11.0,2,117,393.57
14370,420,48,5,14.0,1,166,77.58
14371,420,118,4,,1,21,102.4
14372,420,15,2,15.0,1,201,100.16
14373,420,64,5,13.0,2,242,254.43
14374,420,85,5,11.0,2,182,173.66
14375,420,109,5,14.0,2,62,378.53
14376,420,8,4,3.0,1,210,268.73
14377,420,39,1,1.0,1,156,170.58
14378,420,110,4,11.0,2,85,4.35
14379,420,99,3,7.0,1,171,21.99
14380,420,43,1,10.0,1,7,40.97
14381,420,115,2,12.0,4,95,265.87
14382,420,111,5,13.0,2,153,299.51
14383,420,59,6,1.0,2,114,149.07
14384,420,34,1,3.0,2,69,4.86
14385,420,53,6,2.0,2,127,99.99
14386,420,18,2,10.0,1,163,65.67
14387,420,30,1,1.0,1,85,349.23
14388,420,104,2,2.0,3,173,194.87
14389,420,43,1,9.0,2,110,40.97
14390,420,3,3,12.0,1,199,184.85
14391,420,22,2,13.0,1,116,182.58
14392,420,97,6,5.0,4,215,99.11
14393,420,110,3,6.0,2,14,4.35
14394,420,61,1,12.0,1,182,327.21
14395,420,2,4,9.0,3,57,144.87
14396,420,20,4,14.0,3,15,344.59
14397,420,5,2,13.0,1,231,282.42
14398,420,41,2,14.0,1,45,77.7
14399,420,85,6,11.0,1,121,173.66
14400,420,92,4,8.0,2,27,69.54
14401,420,65,4,13.0,2,115,38.73
14402,420,3,1,10.0,1,120,184.85
14403,420,44,5,12.0,1,165,370.69
14404,420,34,5,14.0,2,228,4.86
14405,420,16,6,2.0,2,3,359.33
14406,420,82,5,8.0,3,132,393.73
14407,420,30,3,2.0,1,233,349.23
14408,420,76,6,13.0,2,105,327.0
14409,420,15,4,6.0,1,130,100.16
14410,420,11,5,15.0,4,205,274.48
14411,420,103,4,1.0,2,108,105.16
14412,420,90,4,6.0,1,88,85.65
14413,420,115,4,5.0,2,147,265.87
14414,421,10060,5,14.0,2,229,393.57
14415,421,10055,1,4.0,1,70,268.55
14416,421,35,3,1.0,4,47,362.36
14417,421,67,3,14.0,3,81,177.85
14418,421,10060,1,8.0,2,116,393.57
14419,421,41,4,11.0,1,64,77.7
14420,421,75,1,14.0,1,190,45.02
14421,421,69,4,4.0,2,42,334.17
14422,421,60,6,12.0,1,176,393.57
14423,421,114,3,1.0,1,28,392.33
14424,421,10118,4,10.0,1,46,102.4
14425,421,59,6,5.0,2,147,149.07
14426,421,53,1,13.0,3,174,99.99
14427,421,105,5,11.0,1,175,115.72
14428,421,13,2,12.0,1,160,350.79
14429,421,55,2,4.0,2,21,268.55
14430,421,117,3,2.0,3,140,132.08
14431,421,99,4,3.0,4,222,21.99
14432,421,89,1,5.0,2,105,228.5
14433,421,111,4,7.0,1,94,299.51
14434,421,5,3,12.0,2,213,282.42
14435,421,11,6,14.0,4,114,274.48
14436,421,10096,4,5.0,1,93,231.12
14437,421,10,2,12.0,1,42,153.02
14438,421,71,6,7.0,1,164,273.46
14439,421,10,3,14.0,3,222,153.02
14440,421,105,6,11.0,3,64,115.72
14441,421,9,6,2.0,4,64,254.72
14442,421,49,5,13.0,2,152,217.79
14443,421,114,1,13.0,3,129,392.33
14444,421,58,4,3.0,1,46,86.84
14445,421,64,1,11.0,2,20,254.43
14446,421,47,1,12.0,1,59,279.24
14447,421,53,5,10.0,1,74,99.99
14448,421,37,5,9.0,2,53,374.33
14449,421,62,3,4.0,1,44,107.26
14450,422,43,4,15.0,4,147,40.97
14451,422,10055,3,13.0,3,241,268.55
14452,422,33,4,8.0,1,176,136.56
14453,422,34,1,3.0,1,231,4.86
14454,422,62,4,2.0,2,99,107.26
14455,422,76,3,3.0,5,166,327.0
14456,422,25,5,14.0,4,45,381.49
14457,422,6,1,10.0,1,175,342.42
14458,422,48,3,12.0,2,182,77.58
14459,422,61,1,1.0,1,113,327.21
14460,422,10118,1,1.0,1,138,102.4
14461,422,102,5,3.0,1,63,332.57
14462,422,77,4,7.0,2,178,11.42
14463,422,41,2,10.0,2,146,77.7
14464,422,29,5,8.0,2,180,264.58
14465,422,78,5,9.0,4,136,386.82
14466,422,15,5,13.0,1,184,100.16
14467,422,24,3,5.0,1,175,204.05
14468,422,99,1,9.0,3,134,21.99
14469,422,30,6,8.0,1,12,349.23
14470,422,55,1,10.0,2,55,268.55
14471,422,34,4,2.0,2,8,4.86
14472,422,51,2,1.0,2,239,384.39
14473,422,22,1,1.0,2,144,182.58
14474,422,51,1,5.0,1,12,384.39
14475,422,50,3,6.0,1,158,191.76
14476,422,15,4,3.0,1,211,100.16
14477,422,90,1,6.0,1,93,85.65
14478,422,76,6,8.0,1,141,327.0
14479,422,12,2,8.0,1,7,322.41
14480,422,102,6,4.0,1,246,332.57
14481,422,64,5,11.0,3,138,254.43
14482,422,76,2,15.0,1,40,327.0
14483,422,65,6,15.0,2,21,38.73
14484,422,10060,4,11.0,2,204,393.57
14485,422,101,4,13.0,1,37,380.12
14486,422,69,6,4.0,1,43,334.17
14487,422,85,4,12.0,4,162,173.66
14488,423,18,5,15.0,2,38,65.67
14489,423,62,2,3.0,1,232,107.26
14490,423,120,4,14.0,1,64,18.02
14491,423,29,3,3.0,2,162,264.58
14492,423,99,6,3.0,1,35,21.99
14493,423,58,3,8.0,1,167,86.84
14494,423,120,3,5.0,3,175,18.02
14495,423,117,1,4.0,1,7,132.08
14496,423,104,5,12.0,2,22,194.87
14497,423,66,1,10.0,2,182,134.76
14498,423,19,3,14.0,5,169,153.88
14499,423,15,2,4.0,1,92,100.16
14500,423,64,3,9.0,2,179,254.43
14501,423,20,1,4.0,2,151,344.59
14502,423,34,5,14.0,2,7,4.86
14503,423,78,2,7.0,2,114,386.82
14504,423,48,1,6.0,1,88,77.58
14505,423,95,5,5.0,1,188,245.29
14506,423,101,5,8.0,1,236,380.12
14507,423,19,4,3.0,1,203,153.88
14508,423,103,3,4.0,1,125,105.16
14509,423,48,6,11.0,2,218,77.58
14510,423,29,4,2.0,2,60,264.58
14511,423,26,1,15.0,4,250,196.47
14512,423,28,1,15.0,1,108,195.42
14513,423,10096,4,10.0,1,97,231.12
14514,423,46,4,,1,123,2.86
14515,423,112,4,10.0,1,166,89.33
14516,423,70,2,13.0,1,232,18.65
14517,423,47,4,11.0,1,168,279.24
14518,423,44,1,6.0,2,196,370.69
14519,423,15,1,4.0,2,187,100.16
14520,423,10,2,14.0,1,170,153.02
14521,423,120,6,3.0,1,34,18.02
14522,423,10096,4,14.0,1,139,231.12
14523,423,109,2,13.0,5,249,378.53
14524,423,103,4,11.0,1,224,105.16
14525,423,90,6,7.0,5,59,85.65
14526,423,62,1,7.0,1,207,107.26
14527,424,10118,5,4.0,1,237,102.4
14528,424,79,5,6.0,2,245,272.45
14529,424,10055,1,10.0,1,146,268.55
14530,424,74,1,1.0,2,33,345.9
14531,424,68,3,4.0,2,135,31.95
14532,424,41,1,4.0,3,38,77.7
14533,424,48,2,12.0,4,100,77.58
14534,424,109,5,4.0,2,224,378.53
14535,424,17,1,2.0,2,217,198.42
14536,424,10096,1,14.0,1,83,231.12
14537,424,26,2,12.0,2,244,196.47
14538,424,108,5,2.0,1,170,167.48
14539,424,49,3,13.0,2,29,217.79
14540,424,44,1,7.0,5,76,370.69
14541,424,100,6,15.0,2,106,320.96
14542,424,78,2,7.0,2,199,386.82
14543,424,120,5,3.0,1,111,18.02
14544,424,7,5,,2,73,255.0
14545,424,26,2,1.0,2,191,196.47
14546,424,68,5,9.0,1,79,31.95
14547,424,85,2,2.0,3,52,173.66
14548,424,35,5,2.0,2,226,362.36
14549,424,3,3,9.0,3,136,184.85
14550,424,77,2,3.0,2,160,11.42
14551,424,40,6,9.0,2,225,162.24
14552,424,19,2,2.0,2,111,153.88
14553,424,11,1,10.0,1,233,274.48
14554,424,96,5,4.0,2,183,231.12
14555,424,9,2,14.0,2,164,254.72
14556,425,13,1,1.0,1,218,350.79
14557,425,63,5,8.0,2,174,114.14
14558,425,10096,6,12.0,1,9,231.12
14559,425,87,4,7.0,2,217,267.42
14560,425,86,2,1.0,3,13,266.03
14561,425,40,3,10.0,2,187,162.24
14562,425,116,6,3.0,3,35,74.33
14563,425,50,3,4.0,3,43,191.76
14564,425,34,4,3.0,2,165,4.86
14565,425,2,4,13.0,2,40,144.87
14566,425,105,2,8.0,1,233,115.72
14567,425,6,5,15.0,4,80,342.42
14568,425,118,3,2.0,2,127,102.4
14569,425,100,6,12.0,4,149,320.96
14570,425,28,4,,3,19,195.42
14571,425,56,6,12.0,1,201,269.33
14572,425,50,2,15.0,2,125,191.76
14573,425,21,2,11.0,1,81,307.9
14574,425,70,3,7.0,2,54,18.65
14575,425,57,1,4.0,2,202,184.4
14576,425,72,5,3.0,2,146,389.59
14577,425,57,5,3.0,1,173,184.4
14578,425,30,6,14.0,1,220,349.23
14579,425,44,5,4.0,3,71,370.69
14580,425,19,6,14.0,5,75,153.88
14581,425,17,2,2.0,3,5,198.42
14582,425,82,3,3.0,1,50,393.73
14583,425,47,4,13.0,3,87,279.24
14584,425,58,4,,2,196,86.84
14585,425,81,6,2.0,1,125,45.14
14586,425,39,2,9.0,1,80,170.58
14587,425,79,5,15.0,1,145,272.45
14588,425,90,5,,3,181,85.65
14589,425,78,4,7.0,1,243,386.82
14590,425,99,2,7.0,2,171,21.99
14591,425,72,4,9.0,3,89,389.59
14592,425,81,1,15.0,1,109,45.14
14593,425,92,6,3.0,2,72,69.54
14594,426,103,6,11.0,2,142,105.16
14595,426,89,5,7.0,1,78,228.5
14596,426,73,2,6.0,2,154,352.8
14597,426,82,1,3.0,2,122,393.73
14598,426,59,6,10.0,2,250,149.07
14599,426,92,5,12.0,2,75,69.54
14600,426,60,4,5.0,2,208,393.57
14601,426,72,2,2.0,2,50,389.59
14602,426,50,5,15.0,2,231,191.76
14603,426,94,6,2.0,3,61,323.01
14604,426,87,3,13.0,2,12,267.42
14605,426,54,6,15.0,4,81,263.63
14606,426,84,4,6.0,1,208,288.33
14607,426,61,2,8.0,2,117,327.21
14608,426,25,1,1.0,2,38,381.49
14609,426,7,2,,2,49,255.0
14610,426,118,4,14.0,1,5,102.4
14611,426,82,1,2.0,2,216,393.73
14612,426,25,2,9.0,1,80,381.49
14613,426,73,5,6.0,1,3,352.8
14614,426,55,2,9.0,3,32,268.55
14615,426,26,1,6.0,1,73,196.47
14616,426,70,1,8.0,1,229,18.65
14617,426,35,6,3.0,2,163,362.36
14618,426,88,1,13.0,2,183,52.66
14619,426,9,4,3.0,1,103,254.72
14620,426,112,3,14.0,1,51,89.33
14621,426,35,2,2.0,2,202,362.36
14622,426,47,2,8.0,1,113,279.24
14623,426,97,5,1.0,4,197,99.11
14624,426,73,5,15.0,1,89,352.8
14625,426,82,5,6.0,1,161,393.73
14626,426,31,6,14.0,2,168,276.57
14627,426,25,3,11.0,1,243,381.49
14628,426,10096,6,1.0,1,247,231.12
14629,426,1,2,7.0,1,15,382.97
14630,426,103,1,1.0,1,115,105.16
14631,427,106,5,2.0,1,112,57.07
14632,427,83,4,8.0,2,183,19.67
14633,427,35,4,1.0,2,12,362.36
14634,427,76,2,10.0,1,149,327.0
14635,427,25,3,12.0,1,156,381.49
14636,427,84,4,10.0,1,12,288.33
14637,427,72,4,9.0,1,226,389.59
14638,427,84,2,6.0,1,87,288.33
14639,427,58,3,2.0,3,159,86.84
14640,427,93,3,14.0,3,12,39.17
14641,427,10055,5,,2,99,268.55
14642,427,54,2,10.0,1,166,263.63
14643,427,97,4,2.0,1,234,99.11
14644,427,28,1,15.0,1,222,195.42
14645,427,49,2,13.0,1,204,217.79
14646,427,4,3,4.0,1,46,118.68
14647,427,50,3,14.0,2,96,191.76
14648,427,13,4,5.0,2,107,350.79
14649,427,102,3,11.0,3,130,332.57
14650,427,15,3,10.0,1,28,100.16
14651,427,60,3,1.0,1,162,393.57
14652,427,106,5,2.0,2,113,57.07
14653,427,114,5,1.0,2,109,392.33
14654,427,94,5,2.0,1,36,323.01
14655,427,110,1,3.0,1,179,4.35
14656,427,93,2,5.0,2,234,39.17
14657,427,115,6,5.0,2,122,265.87
14658,427,53,4,7.0,1,209,99.99
14659,427,101,1,11.0,1,5,380.12
14660,427,15,6,8.0,1,159,100.16
14661,427,99,6,13.0,1,166,21.99
14662,427,84,3,7.0,1,170,288.33
14663,427,52,3,3.0,1,80,29.05
14664,427,18,3,10.0,1,89,65.67
14665,427,109,3,13.0,1,206,378.53
14666,428,65,6,3.0,3,98,38.73
14667,428,101,3,3.0,3,209,380.12
14668,428,10118,6,5.0,2,99,102.4
14669,428,67,3,4.0,2,109,177.85
14670,428,10,5,13.0,4,139,153.02
14671,428,36,3,4.0,1,233,112.83
14672,428,71,1,12.0,1,164,273.46
14673,428,120,4,3.0,2,157,18.02
14674,428,14,3,3.0,1,28,354.1
14675,428,79,1,6.0,4,134,272.45
14676,428,94,5,10.0,2,51,323.01
14677,428,82,6,3.0,4,97,393.73
14678,428,99,6,13.0,2,57,21.99
14679,428,39,5,1.0,5,120,170.58
14680,428,93,5,6.0,2,242,39.17
14681,428,17,1,11.0,3,61,198.42
14682,428,44,2,15.0,2,158,370.69
14683,428,10055,1,3.0,1,218,268.55
14684,428,11,3,5.0,1,124,274.48
14685,428,75,6,12.0,2,224,45.02
14686,428,33,5,11.0,2,147,136.56
14687,428,85,5,4.0,2,21,173.66
14688,428,91,2,,2,170,177.83
14689,428,106,2,14.0,1,204,57.07
14690,428,97,6,9.0,1,71,99.11
14691,428,83,1,14.0,1,153,19.67
14692,428,73,2,12.0,2,134,352.8
14693,428,35,2,8.0,3,75,362.36
14694,428,11,3,9.0,2,116,274.48
14695,428,36,2,1.0,1,225,112.83
14696,428,22,1,2.0,1,137,182.58
14697,428,63,1,7.0,2,164,114.14
14698,428,96,6,3.0,2,193,231.12
14699,428,105,3,2.0,2,97,115.72
14700,428,66,1,7.0,1,139,134.76
14701,428,120,4,3.0,2,235,18.02
14702,428,105,5,6.0,2,161,115.72
14703,428,93,1,3.0,2,19,39.17
14704,428,107,5,1.0,2,111,87.15
14705,428,115,3,11.0,1,86,265.87
14706,429,115,1,3.0,1,112,265.87
14707,429,64,1,8.0,2,35,254.43
14708,429,57,3,10.0,2,219,184.4
14709,429,43,3,11.0,2,24,40.97
14710,429,81,6,14.0,2,19,45.14
14711,429,76,5,5.0,2,199,327.0
14712,429,23,6,9.0,2,95,204.06
14713,429,73,2,1.0,2,226,352.8
14714,429,10096,3,3.0,1,232,231.12
14715,429,53,5,7.0,2,162,99.99
14716,429,106,4,2.0,1,138,57.07
14717,429,5,6,14.0,1,6,282.42
14718,429,21,1,13.0,2,122,307.9
14719,429,71,6,6.0,1,92,273.46
14720,429,103,4,10.0,2,87,105.16
14721,429,43,4,1.0,5,49,40.97
14722,429,84,2,13.0,1,81,288.33
14723,429,50,4,15.0,1,221,191.76
14724,429,83,6,4.0,2,167,19.67
14725,429,103,4,14.0,2,151,105.16
14726,430,4,4,6.0,2,157,118.68
14727,430,16,2,12.0,2,93,359.33
14728,430,119,1,,1,154,399.96
14729,430,14,2,10.0,4,135,354.1
14730,430,94,3,7.0,1,25,323.01
14731,430,11,1,,1,226,274.48
14732,430,67,1,14.0,1,177,177.85
14733,430,115,5,1.0,1,240,265.87
14734,430,92,3,10.0,2,59,69.54
14735,430,78,3,15.0,2,97,386.82
14736,430,85,3,6.0,1,186,173.66
14737,430,51,5,10.0,1,107,384.39
14738,430,106,2,12.0,1,174,57.07
14739,430,25,4,4.0,1,120,381.49
14740,430,88,3,13.0,2,209,52.66
14741,430,9,3,9.0,1,213,254.72
14742,430,2,6,8.0,4,225,144.87
14743,430,29,2,9.0,3,48,264.58
14744,430,38,6,5.0,1,102,323.38
14745,430,100,3,8.0,1,90,320.96
14746,430,9,1,15.0,3,35,254.72
14747,430,111,4,10.0,5,181,299.51
14748,430,109,2,8.0,1,240,378.53
14749,430,67,5,3.0,1,96,177.85
14750,430,80,1,6.0,1,52,351.06
14751,430,105,4,5.0,2,116,115.72
14752,430,9,6,15.0,1,86,254.72
14753,430,53,4,14.0,2,73,99.99
14754,430,105,2,3.0,3,93,115.72
14755,430,109,2,4.0,1,215,378.53
14756,430,111,2,14.0,2,219,299.51
14757,430,5,5,15.0,1,242,282.42
14758,430,18,2,12.0,2,149,65.67
14759,430,79,4,12.0,1,81,272.45
14760,430,14,1,15.0,5,172,354.1
14761,430,39,1,3.0,1,173,170.58
14762,430,8,1,5.0,2,11,268.73
14763,430,106,4,5.0,1,160,57.07
14764,430,13,5,9.0,2,52,350.79
14765,430,73,3,2.0,1,2,352.8
14766,430,55,6,8.0,2,8,268.55
14767,430,23,3,2.0,2,193,204.06
14768,431,39,6,9.0,1,197,170.58
14769,431,54,2,8.0,2,70,263.63
14770,431,50,4,15.0,2,1,191.76
14771,431,60,2,13.0,2,189,393.57
14772,431,108,5,11.0,3,150,167.48
14773,431,10096,2,13.0,2,8,231.12
14774,431,8,4,11.0,2,65,268.73
14775,431,51,3,8.0,4,244,384.39
14776,431,47,6,7.0,1,49,279.24
14777,431,47,5,8.0,2,50,279.24
14778,431,11,2,12.0,1,157,274.48
14779,431,72,4,6.0,1,105,389.59
14780,431,118,3,4.0,2,31,102.4
14781,431,117,5,12.0,1,96,132.08
14782,431,10,2,3.0,4,57,153.02
14783,431,85,6,12.0,3,9,173.66
14784,431,56,1,5.0,2,99,269.33
14785,431,86,4,1.0,2,121,266.03
14786,431,105,5,14.0,1,12,115.72
14787,431,14,5,10.0,2,155,354.1
14788,431,101,4,15.0,2,6,380.12
14789,432,33,5,15.0,2,179,136.56
14790,432,63,4,2.0,5,92,114.14
14791,432,21,4,1.0,2,120,307.9
14792,432,10060,2,7.0,2,22,393.57
14793,432,106,2,5.0,3,15,57.07
14794,432,108,4,13.0,2,42,167.48
14795,432,25,4,9.0,2,25,381.49
14796,432,92,6,13.0,2,210,69.54
14797,432,80,1,13.0,2,22,351.06
14798,432,61,2,7.0,1,24,327.21
14799,432,100,5,8.0,2,230,320.96
14800,432,57,5,7.0,1,202,184.4
14801,432,57,5,3.0,4,103,184.4
14802,432,13,3,13.0,1,140,350.79
14803,432,85,6,8.0,1,11,173.66
14804,432,28,2,15.0,1,29,195.42
14805,432,18,4,12.0,5,237,65.67
14806,432,104,3,10.0,1,205,194.87
14807,432,84,1,7.0,1,194,288.33
14808,432,29,1,8.0,1,53,264.58
14809,432,10118,5,9.0,2,215,102.4
14810,432,56,4,12.0,1,24,269.33
14811,432,65,3,,2,77,38.73
14812,432,119,6,1.0,2,105,399.96
14813,432,95,4,8.0,1,225,245.29
14814,432,2,1,10.0,1,174,144.87
14815,432,108,5,2.0,3,233,167.48
14816,432,47,5,10.0,2,191,279.24
14817,432,98,4,2.0,2,249,89.1
14818,432,88,3,4.0,2,56,52.66
14819,432,73,6,10.0,2,126,352.8
14820,432,86,5,9.0,3,108,266.03
14821,432,35,2,2.0,3,21,362.36
14822,432,18,6,2.0,3,2,65.67
14823,432,9,6,12.0,2,39,254.72
14824,432,41,4,6.0,2,49,77.7
14825,432,103,5,8.0,2,110,105.16
14826,432,81,4,13.0,2,41,45.14
14827,432,109,3,3.0,1,112,378.53
14828,432,99,4,1.0,2,23,21.99
14829,432,18,2,3.0,1,125,65.67
14830,432,87,3,1.0,2,237,267.42
14831,432,90,6,7.0,2,37,85.65
14832,433,62,5,12.0,1,79,107.26
14833,433,4,6,5.0,2,249,118.68
14834,433,11,6,,1,103,274.48
14835,433,100,1,10.0,1,180,320.96
14836,433,19,5,2.0,3,52,153.88
14837,433,46,4,,5,152,2.86
14838,433,85,3,1.0,1,103,173.66
14839,433,8,4,14.0,2,152,268.73
14840,433,47,6,,2,53,279.24
14841,433,108,2,3.0,2,111,167.48
14842,433,30,4,6.0,1,189,349.23
14843,433,38,2,3.0,2,185,323.38
14844,433,21,4,15.0,1,100,307.9
14845,433,118,2,1.0,4,97,102.4
14846,433,67,2,14.0,3,86,177.85
14847,433,34,6,8.0,2,218,4.86
14848,433,103,2,1.0,2,121,105.16
14849,433,9,1,7.0,2,79,254.72
14850,433,3,4,5.0,1,28,184.85
14851,433,50,4,11.0,1,34,191.76
14852,433,3,6,12.0,1,70,184.85
14853,433,41,6,11.0,2,95,77.7
14854,433,3,4,7.0,5,67,184.85
14855,433,49,6,13.0,1,147,217.79
14856,433,39,5,10.0,1,101,170.58
14857,433,109,3,1.0,1,220,378.53
14858,433,26,4,12.0,1,83,196.47
14859,433,10,6,7.0,1,13,153.02
14860,433,23,6,7.0,1,175,204.06
14861,433,43,6,15.0,4,153,40.97
14862,433,54,4,4.0,2,220,263.63
14863,433,92,6,15.0,1,119,69.54
14864,433,85,1,9.0,2,174,173.66
14865,433,69,5,7.0,2,93,334.17
14866,433,84,5,5.0,4,105,288.33
14867,433,85,1,14.0,2,150,173.66
14868,434,88,4,13.0,1,93,52.66
14869,434,12,2,12.0,2,131,322.41
14870,434,63,1,5.0,2,79,114.14
14871,434,103,1,10.0,3,76,105.16
14872,434,30,5,1.0,2,139,349.23
14873,434,118,4,12.0,1,134,102.4
14874,434,92,2,12.0,2,84,69.54
14875,434,13,3,1.0,2,151,350.79
14876,434,11,5,3.0,1,238,274.48
14877,434,20,3,10.0,2,209,344.59
14878,434,10055,3,3.0,1,185,268.55
14879,434,16,2,7.0,5,104,359.33
14880,434,10060,6,9.0,2,229,393.57
14881,434,53,1,13.0,1,158,99.99
14882,434,20,5,13.0,1,78,344.59
14883,434,107,1,11.0,1,34,87.15
14884,434,46,1,7.0,1,225,2.86
14885,434,110,3,13.0,1,66,4.35
14886,434,60,6,15.0,2,24,393.57
14887,434,9,1,6.0,2,35,254.72
14888,434,69,4,12.0,3,111,334.17
14889,434,66,1,14.0,2,159,134.76
14890,434,88,3,12.0,1,83,52.66
14891,434,4,3,2.0,1,249,118.68
14892,434,65,3,12.0,2,190,38.73
14893,435,63,2,9.0,3,28,114.14
14894,435,22,2,5.0,1,143,182.58
14895,435,10055,2,9.0,2,9,268.55
14896,435,41,3,9.0,1,88,77.7
14897,435,10118,5,12.0,2,197,102.4
14898,435,77,4,13.0,2,240,11.42
14899,435,53,3,13.0,1,126,99.99
14900,435,8,3,9.0,1,180,268.73
14901,435,111,2,13.0,1,38,299.51
14902,435,5,6,9.0,2,23,282.42
14903,435,55,1,10.0,2,248,268.55
14904,435,79,6,12.0,1,84,272.45
14905,435,114,6,2.0,2,50,392.33
14906,435,42,1,,1,197,186.13
14907,435,64,3,14.0,1,147,254.43
14908,435,16,2,10.0,2,108,359.33
14909,436,119,5,1.0,3,13,399.96
14910,436,64,4,6.0,2,115,254.43
14911,436,47,3,6.0,3,99,279.24
14912,436,89,2,5.0,1,128,228.5
14913,436,115,4,12.0,1,158,265.87
14914,436,37,3,13.0,1,96,374.33
14915,436,90,6,10.0,2,87,85.65
14916,436,93,5,1.0,1,151,39.17
14917,436,80,1,1.0,1,219,351.06
14918,436,17,4,14.0,1,104,198.42
14919,436,18,6,12.0,2,25,65.67
14920,436,13,3,1.0,1,131,350.79
14921,436,5,2,14.0,2,243,282.42
14922,436,53,4,7.0,1,171,99.99
14923,436,54,5,15.0,2,220,263.63
14924,436,1,4,2.0,1,15,382.97
14925,436,80,6,1.0,2,121,351.06
14926,436,115,5,7.0,2,127,265.87
14927,436,37,5,2.0,1,88,374.33
14928,436,58,1,5.0,2,52,86.84
14929,436,102,5,13.0,5,226,332.57
14930,436,7,1,11.0,1,244,255.0
14931,436,64,6,15.0,1,137,254.43
14932,436,29,6,14.0,1,152,264.58
14933,436,32,6,8.0,4,96,360.05
14934,436,27,4,6.0,1,54,25.05
14935,436,111,6,9.0,2,103,299.51
14936,436,49,5,15.0,2,237,217.79
14937,436,87,1,13.0,1,94,267.42
14938,436,54,3,11.0,1,103,263.63
14939,436,7,4,5.0,1,55,255.0
14940,436,107,1,1.0,2,193,87.15
14941,436,73,4,5.0,2,131,352.8
14942,436,110,5,3.0,1,87,4.35
14943,436,108,2,4.0,1,10,167.48
14944,436,104,6,11.0,1,40,194.87
14945,436,100,1,8.0,1,31,320.96
14946,436,91,2,8.0,1,62,177.83
14947,436,62,3,13.0,1,17,107.26
14948,436,17,1,13.0,1,220,198.42
14949,436,81,2,12.0,2,154,45.14
14950,436,54,1,8.0,3,11,263.63
14951,436,111,5,6.0,2,26,299.51
14952,436,4,2,10.0,1,138,118.68
14953,436,70,5,7.0,1,50,18.65
14954,436,38,1,1.0,1,172,323.38
14955,436,112,3,8.0,2,78,89.33
14956,436,60,6,10.0,1,102,393.57
14957,436,20,2,4.0,1,131,344.59
14958,436,9,4,,2,51,254.72
14959,436,9,5,5.0,1,68,254.72
14960,437,40,3,1.0,3,63,162.24
14961,437,92,3,5.0,1,111,69.54
14962,437,20,3,3.0,1,224,344.59
14963,437,10,5,11.0,1,3,153.02
14964,437,36,1,5.0,2,173,112.83
14965,437,21,5,12.0,2,125,307.9
14966,437,25,2,15.0,2,74,381.49
14967,437,67,1,13.0,1,147,177.85
14968,437,116,6,13.0,2,15,74.33
14969,437,90,1,14.0,3,197,85.65
14970,437,4,6,10.0,2,233,118.68
14971,437,55,5,1.0,1,17,268.55
14972,437,10,3,9.0,2,221,153.02
14973,437,102,4,5.0,1,67,332.57
14974,437,8,1,11.0,2,64,268.73
14975,437,10060,6,3.0,2,183,393.57
14976,437,39,5,4.0,2,40,170.58
14977,437,39,6,11.0,1,163,170.58
14978,437,112,1,4.0,2,129,89.33
14979,437,27,3,11.0,2,72,25.05
14980,437,75,3,15.0,4,49,45.02
14981,437,41,2,8.0,1,166,77.7
14982,437,24,2,13.0,1,114,204.05
14983,437,37,5,13.0,1,89,374.33
14984,437,46,3,7.0,1,35,2.86
14985,437,42,3,6.0,1,229,186.13
14986,437,70,5,10.0,1,151,18.65
14987,437,116,6,13.0,1,234,74.33
14988,437,120,3,11.0,1,239,18.02
14989,437,96,5,13.0,1,222,231.12
14990,437,43,2,13.0,4,198,40.97
14991,437,16,1,1.0,2,207,359.33
14992,437,27,2,15.0,2,21,25.05
14993,437,14,4,15.0,3,232,354.1
14994,437,10060,6,7.0,2,36,393.57
14995,437,12,5,14.0,1,174,322.41
14996,437,4,2,11.0,1,154,118.68
14997,437,105,2,2.0,2,37,115.72
14998,438,120,2,2.0,1,1,18.02
14999,438,116,4,14.0,5,195,74.33
15000,438,70,5,9.0,3,123,18.65
15001,438,2,3,5.0,1,10,144.87
15002,438,32,5,1.0,1,139,360.05
15003,438,53,4,11.0,4,20,99.99
15004,438,27,5,7.0,1,40,25.05
15005,438,113,2,15.0,1,158,268.21
15006,438,50,3,10.0,4,90,191.76
15007,438,88,3,6.0,1,179,52.66
15008,438,73,2,,4,77,352.8
15009,438,68,3,15.0,2,55,31.95
15010,438,60,5,3.0,1,170,393.57
15011,438,88,1,15.0,2,123,52.66
15012,438,78,2,4.0,1,237,386.82
15013,438,78,5,7.0,1,38,386.82
15014,438,115,2,1.0,2,125,265.87
15015,438,18,1,,1,141,65.67
15016,438,61,3,9.0,1,132,327.21
15017,438,19,4,5.0,1,132,153.88
15018,438,79,2,8.0,1,132,272.45
15019,438,65,4,11.0,3,239,38.73
15020,438,35,1,4.0,2,139,362.36
15021,438,62,6,8.0,1,233,107.26
15022,438,25,4,14.0,1,49,381.49
15023,438,105,4,14.0,1,37,115.72
15024,438,6,2,15.0,2,32,342.42
15025,438,74,5,11.0,2,104,345.9
15026,438,106,1,4.0,2,87,57.07
15027,438,19,2,10.0,2,70,153.88
15028,438,79,6,1.0,4,237,272.45
15029,438,40,1,7.0,2,37,162.24
15030,438,87,2,5.0,2,19,267.42
15031,438,110,4,8.0,1,239,4.35
15032,438,44,5,5.0,2,32,370.69
15033,438,30,4,12.0,2,2,349.23
15034,438,106,5,9.0,2,235,57.07
15035,438,8,5,3.0,2,6,268.73
15036,439,68,1,6.0,1,244,31.95
15037,439,10060,2,14.0,2,182,393.57
15038,439,10118,1,13.0,1,247,102.4
15039,439,42,2,1.0,4,231,186.13
15040,439,112,2,10.0,1,177,89.33
15041,439,119,2,8.0,2,223,399.96
15042,439,85,2,9.0,1,122,173.66
15043,439,26,2,13.0,1,30,196.47
15044,439,44,5,11.0,2,104,370.69
15045,439,26,6,3.0,1,131,196.47
15046,439,68,6,8.0,2,70,31.95
15047,439,81,4,,1,129,45.14
15048,439,68,5,7.0,2,36,31.95
15049,439,88,6,8.0,2,188,52.66
15050,439,1,4,1.0,3,177,382.97
15051,439,92,4,2.0,2,137,69.54
15052,439,67,1,7.0,2,173,177.85
15053,439,89,3,4.0,2,22,228.5
15054,439,114,3,7.0,2,115,392.33
15055,439,100,1,7.0,5,205,320.96
15056,439,94,4,9.0,2,250,323.01
15057,439,50,1,12.0,1,117,191.76
15058,439,97,1,8.0,2,218,99.11
15059,439,80,1,6.0,2,218,351.06
15060,439,10060,5,9.0,3,131,393.57
15061,439,115,5,12.0,1,38,265.87
15062,439,38,5,11.0,2,31,323.38
15063,440,98,3,3.0,2,61,89.1
15064,440,27,5,11.0,1,61,25.05
15065,440,64,2,1.0,1,61,254.43
15066,440,118,6,8.0,2,223,102.4
15067,440,85,5,2.0,1,186,173.66
15068,440,46,1,8.0,2,77,2.86
15069,440,19,5,,1,3,153.88
15070,440,79,2,6.0,1,233,272.45
15071,440,111,1,4.0,2,149,299.51
15072,440,106,6,4.0,2,205,57.07
15073,440,10096,2,9.0,2,220,231.12
15074,440,81,4,11.0,2,105,45.14
15075,440,19,6,13.0,2,187,153.88
15076,440,19,6,11.0,1,207,153.88
15077,440,113,5,2.0,2,217,268.21
15078,440,25,2,2.0,2,176,381.49
15079,440,4,2,12.0,1,157,118.68
15080,440,87,6,4.0,2,229,267.42
15081,440,12,3,14.0,2,44,322.41
15082,440,45,2,9.0,2,207,193.58
15083,440,37,1,14.0,1,106,374.33
15084,440,115,4,2.0,1,44,265.87
15085,440,120,5,4.0,2,34,18.02
15086,440,120,3,11.0,1,38,18.02
15087,440,27,6,12.0,2,123,25.05
15088,440,67,1,3.0,2,205,177.85
15089,440,36,2,6.0,1,167,112.83
15090,440,57,1,3.0,1,18,184.4
15091,440,113,1,14.0,2,81,268.21
15092,440,18,1,2.0,1,233,65.67
15093,440,84,1,5.0,1,225,288.33
15094,440,6,6,5.0,1,83,342.42
15095,440,65,2,,1,175,38.73
15096,440,97,1,13.0,2,70,99.11
15097,440,16,4,10.0,1,79,359.33
15098,440,43,2,1.0,2,160,40.97
15099,440,96,5,10.0,1,208,231.12
15100,441,81,2,12.0,4,215,45.14
15101,441,49,4,1.0,1,153,217.79
15102,441,105,3,5.0,2,38,115.72
15103,441,100,1,2.0,1,50,320.96
15104,441,41,5,2.0,2,174,77.7
15105,441,48,3,15.0,1,90,77.58
15106,441,34,5,4.0,5,221,4.86
15107,441,97,5,4.0,1,4,99.11
15108,441,52,1,9.0,2,246,29.05
15109,441,99,1,3.0,1,228,21.99
15110,441,85,2,1.0,3,152,173.66
15111,441,82,1,2.0,2,13,393.73
15112,441,18,6,15.0,2,100,65.67
15113,441,10096,4,10.0,2,121,231.12
15114,441,4,2,13.0,1,50,118.68
15115,441,103,2,4.0,1,179,105.16
15116,441,70,2,8.0,2,80,18.65
15117,441,70,3,15.0,2,125,18.65
15118,441,57,1,7.0,1,75,184.4
15119,441,89,4,3.0,2,39,228.5
15120,441,100,4,4.0,2,28,320.96
15121,441,10096,6,15.0,2,137,231.12
15122,441,54,1,4.0,2,181,263.63
15123,441,81,2,5.0,4,51,45.14
15124,441,20,4,14.0,1,73,344.59
15125,441,33,1,15.0,2,89,136.56
15126,441,58,2,1.0,1,18,86.84
15127,441,105,5,4.0,2,190,115.72
15128,441,81,2,8.0,1,26,45.14
15129,442,21,3,14.0,1,150,307.9
15130,442,118,5,7.0,2,197,102.4
15131,442,106,2,4.0,2,27,57.07
15132,442,73,4,14.0,2,134,352.8
15133,442,70,5,14.0,1,137,18.65
15134,442,59,2,5.0,1,59,149.07
15135,442,3,6,11.0,1,115,184.85
15136,442,36,4,13.0,2,240,112.83
15137,442,113,6,8.0,3,87,268.21
15138,442,105,5,2.0,2,85,115.72
15139,442,94,3,15.0,2,171,323.01
15140,442,85,6,10.0,1,246,173.66
15141,442,110,3,8.0,3,225,4.35
15142,442,104,2,,2,220,194.87
15143,442,93,3,7.0,3,200,39.17
15144,442,68,6,1.0,2,142,31.95
15145,442,35,2,12.0,2,193,362.36
15146,442,108,5,2.0,4,139,167.48
15147,442,53,4,3.0,2,224,99.99
15148,442,35,6,12.0,2,20,362.36
15149,442,48,2,10.0,3,28,77.58
15150,442,64,6,8.0,1,50,254.43
15151,442,52,2,7.0,3,166,29.05
15152,442,114,2,5.0,2,246,392.33
15153,442,59,1,10.0,3,245,149.07
15154,442,55,4,1.0,2,117,268.55
15155,442,19,2,15.0,1,229,153.88
15156,442,56,6,13.0,1,94,269.33
15157,442,81,4,15.0,1,114,45.14
15158,442,86,5,3.0,1,215,266.03
15159,442,1,1,7.0,3,215,382.97
15160,442,41,3,1.0,1,192,77.7
15161,442,3,4,5.0,2,51,184.85
15162,442,77,2,3.0,2,227,11.42
15163,443,116,3,4.0,2,59,74.33
15164,443,84,2,4.0,1,143,288.33
15165,443,71,2,3.0,1,140,273.46
15166,443,13,6,1.0,2,102,350.79
15167,443,68,1,2.0,1,140,31.95
15168,443,104,5,9.0,1,55,194.87
15169,443,91,6,5.0,2,49,177.83
15170,443,43,4,2.0,1,35,40.97
15171,443,37,1,13.0,2,130,374.33
15172,443,8,3,9.0,1,119,268.73
15173,443,33,5,15.0,2,24,136.56
15174,443,104,1,8.0,2,57,194.87
15175,443,95,2,10.0,1,235,245.29
15176,443,79,4,4.0,1,216,272.45
15177,443,35,1,14.0,1,192,362.36
15178,443,98,6,11.0,2,63,89.1
15179,443,71,6,4.0,4,63,273.46
15180,443,27,4,8.0,4,53,25.05
15181,443,30,3,1.0,2,84,349.23
15182,443,71,2,14.0,2,208,273.46
15183,443,68,5,10.0,2,192,31.95
15184,443,37,5,6.0,2,242,374.33
15185,443,9,3,8.0,2,71,254.72
15186,443,18,2,1.0,1,10,65.67
15187,443,51,3,5.0,1,207,384.39
15188,443,8,3,9.0,2,234,268.73
15189,444,10118,3,9.0,2,230,102.4
15190,444,14,5,5.0,4,232,354.1
15191,444,57,4,11.0,2,169,184.4
15192,444,99,5,4.0,2,131,21.99
15193,444,33,4,2.0,1,63,136.56
15194,444,26,4,1.0,2,235,196.47
15195,444,14,5,12.0,1,127,354.1
15196,444,60,1,8.0,2,149,393.57
15197,444,87,4,1.0,3,130,267.42
15198,444,23,4,4.0,1,244,204.06
15199,444,106,2,6.0,1,125,57.07
15200,444,10,5,,2,39,153.02
15201,444,10,1,12.0,1,130,153.02
15202,444,79,6,2.0,2,143,272.45
15203,444,111,1,1.0,1,158,299.51
15204,444,11,6,6.0,2,127,274.48
15205,444,33,1,9.0,1,88,136.56
15206,444,10060,6,6.0,2,179,393.57
15207,444,93,4,9.0,2,170,39.17
15208,444,5,3,14.0,1,80,282.42
15209,444,29,3,5.0,1,146,264.58
15210,445,10055,2,9.0,2,17,268.55
15211,445,61,6,15.0,2,203,327.21
15212,445,35,3,2.0,2,223,362.36
15213,445,86,1,11.0,1,44,266.03
15214,445,107,3,14.0,1,83,87.15
15215,445,94,2,3.0,2,82,323.01
15216,445,76,5,14.0,2,141,327.0
15217,445,84,6,8.0,2,26,288.33
15218,445,112,2,8.0,1,219,89.33
15219,445,21,6,7.0,3,52,307.9
15220,445,10096,5,2.0,3,240,231.12
15221,445,15,4,4.0,5,194,100.16
15222,445,107,2,2.0,5,202,87.15
15223,445,13,1,3.0,2,77,350.79
15224,445,42,1,8.0,2,241,186.13
15225,445,28,3,2.0,2,193,195.42
15226,445,91,2,11.0,1,200,177.83
15227,445,61,5,2.0,2,80,327.21
15228,445,38,1,8.0,4,150,323.38
15229,445,78,5,2.0,2,226,386.82
15230,445,21,4,10.0,1,22,307.9
15231,445,87,4,6.0,1,88,267.42
15232,445,52,3,4.0,4,3,29.05
15233,445,10055,1,,1,138,268.55
15234,445,102,3,4.0,2,41,332.57
15235,445,18,1,3.0,1,38,65.67
15236,445,60,1,9.0,3,241,393.57
15237,445,38,5,1.0,5,20,323.38
15238,445,62,2,1.0,1,144,107.26
15239,445,19,6,1.0,2,136,153.88
15240,445,95,6,14.0,1,228,245.29
15241,445,19,1,4.0,1,41,153.88
15242,445,39,3,5.0,1,57,170.58
15243,445,17,5,15.0,1,238,198.42
15244,445,73,4,6.0,1,236,352.8
15245,445,81,3,11.0,2,180,45.14
15246,445,114,4,13.0,3,109,392.33
15247,445,67,6,8.0,1,149,177.85
15248,445,79,2,4.0,2,45,272.45
15249,445,67,1,3.0,2,103,177.85
15250,445,2,1,1.0,2,25,144.87
15251,446,45,3,6.0,2,9,193.58
15252,446,10,4,13.0,1,178,153.02
15253,446,66,1,4.0,2,110,134.76
15254,446,93,1,10.0,1,189,39.17
15255,446,1,1,1.0,1,54,382.97
15256,446,10118,5,2.0,2,180,102.4
15257,446,94,1,8.0,2,104,323.01
15258,446,80,3,5.0,1,230,351.06
15259,446,70,5,15.0,1,3,18.65
15260,446,63,2,13.0,1,147,114.14
15261,446,40,1,1.0,1,134,162.24
15262,446,72,2,7.0,2,5,389.59
15263,446,37,4,13.0,2,201,374.33
15264,446,30,5,3.0,2,43,349.23
15265,446,98,4,5.0,1,229,89.1
15266,446,78,6,14.0,1,129,386.82
15267,446,45,2,9.0,1,25,193.58
15268,446,37,4,4.0,1,181,374.33
15269,446,83,5,6.0,1,207,19.67
15270,446,41,2,9.0,1,59,77.7
15271,446,56,3,5.0,1,19,269.33
15272,446,74,1,8.0,1,164,345.9
15273,446,112,3,10.0,2,125,89.33
15274,446,89,1,13.0,2,249,228.5
15275,446,24,1,4.0,1,174,204.05
15276,446,115,6,,2,59,265.87
15277,446,105,6,9.0,1,129,115.72
15278,446,78,6,1.0,4,174,386.82
15279,446,87,6,1.0,1,163,267.42
15280,446,8,4,2.0,1,8,268.73
15281,446,68,3,1.0,2,208,31.95
15282,446,98,5,12.0,2,127,89.1
15283,446,83,4,15.0,2,36,19.67
15284,446,51,2,8.0,1,121,384.39
15285,446,52,6,2.0,1,114,29.05
15286,446,92,6,14.0,2,44,69.54
15287,446,86,1,5.0,2,181,266.03
15288,446,51,5,12.0,2,76,384.39
15289,446,24,6,15.0,4,14,204.05
15290,446,84,5,15.0,2,23,288.33
15291,446,11,5,15.0,2,138,274.48
15292,446,61,3,12.0,1,34,327.21
15293,446,99,3,8.0,2,221,21.99
15294,446,4,3,15.0,1,9,118.68
15295,446,26,2,13.0,1,41,196.47
15296,446,37,1,15.0,2,155,374.33
15297,446,61,6,9.0,1,153,327.21
15298,446,93,1,12.0,1,170,39.17
15299,447,3,2,6.0,1,116,184.85
15300,447,68,5,3.0,1,152,31.95
15301,447,10,5,,2,10,153.02
15302,447,70,3,5.0,3,3,18.65
15303,447,63,3,8.0,1,223,114.14
15304,447,29,5,15.0,1,128,264.58
15305,447,105,3,10.0,1,226,115.72
15306,447,102,4,4.0,3,37,332.57
15307,447,26,2,4.0,2,102,196.47
15308,447,4,6,8.0,1,103,118.68
15309,447,119,6,14.0,1,119,399.96
15310,447,118,4,10.0,1,63,102.4
15311,447,69,6,9.0,1,199,334.17
15312,447,10055,6,9.0,1,112,268.55
15313,447,29,5,7.0,1,55,264.58
15314,447,10096,6,5.0,2,48,231.12
15315,447,27,6,1.0,1,152,25.05
15316,447,111,2,3.0,2,99,299.51
15317,447,75,2,15.0,2,235,45.02
15318,447,39,5,5.0,1,29,170.58
15319,447,109,3,6.0,3,168,378.53
15320,447,117,5,1.0,3,18,132.08
15321,447,82,4,15.0,2,44,393.73
15322,447,64,3,7.0,2,104,254.43
15323,447,4,4,6.0,2,179,118.68
15324,447,117,4,1.0,2,119,132.08
15325,447,66,1,6.0,1,83,134.76
15326,447,23,4,3.0,2,35,204.06
15327,447,34,4,13.0,1,40,4.86
15328,447,2,4,8.0,1,147,144.87
15329,447,51,4,2.0,1,177,384.39
15330,447,30,3,8.0,1,241,349.23
15331,447,107,6,3.0,3,60,87.15
15332,447,90,5,11.0,1,64,85.65
15333,447,116,4,1.0,1,215,74.33
15334,447,46,5,13.0,1,105,2.86
15335,447,93,6,5.0,2,15,39.17
15336,447,45,1,15.0,1,165,193.58
15337,447,45,1,10.0,2,241,193.58
15338,447,16,1,6.0,2,110,359.33
15339,447,102,2,3.0,1,117,332.57
15340,447,16,6,3.0,2,67,359.33
15341,448,2,6,8.0,2,121,144.87
15342,448,29,2,10.0,3,87,264.58
15343,448,7,2,8.0,2,144,255.0
15344,448,85,2,7.0,1,52,173.66
15345,448,112,1,2.0,2,59,89.33
15346,448,5,2,10.0,1,116,282.42
15347,448,109,3,14.0,2,19,378.53
15348,448,108,1,10.0,1,7,167.48
15349,448,10055,4,7.0,1,140,268.55
15350,448,87,2,13.0,1,165,267.42
15351,448,119,4,2.0,4,86,399.96
15352,448,94,3,11.0,1,195,323.01
15353,448,25,5,1.0,2,1,381.49
15354,448,10,1,3.0,2,24,153.02
15355,448,3,6,7.0,1,186,184.85
15356,448,67,4,2.0,1,158,177.85
15357,448,98,4,4.0,2,63,89.1
15358,448,59,2,1.0,2,207,149.07
15359,448,81,3,1.0,1,50,45.14
15360,448,61,4,11.0,1,95,327.21
15361,448,74,4,5.0,1,232,345.9
15362,448,22,4,6.0,1,123,182.58
15363,448,73,5,3.0,2,118,352.8
15364,448,8,5,11.0,2,51,268.73
15365,448,116,3,1.0,1,245,74.33
15366,448,59,3,15.0,2,192,149.07
15367,448,112,6,5.0,1,122,89.33
15368,448,71,4,2.0,1,34,273.46
15369,448,67,1,8.0,2,9,177.85
15370,448,13,1,9.0,1,108,350.79
15371,449,7,1,6.0,2,193,255.0
15372,449,82,2,8.0,4,250,393.73
15373,449,6,6,15.0,2,10,342.42
15374,449,53,2,11.0,2,205,99.99
15375,449,77,4,9.0,1,80,11.42
15376,449,104,5,8.0,2,73,194.87
15377,449,4,6,10.0,1,43,118.68
15378,449,85,6,9.0,1,51,173.66
15379,449,62,4,15.0,2,229,107.26
15380,449,68,5,6.0,1,97,31.95
15381,449,35,1,2.0,1,120,362.36
15382,449,72,4,9.0,3,167,389.59
15383,449,23,4,10.0,2,197,204.06
15384,449,47,4,12.0,2,220,279.24
15385,449,114,6,4.0,2,120,392.33
15386,449,94,5,9.0,2,134,323.01
15387,449,94,5,12.0,2,154,323.01
15388,449,53,4,2.0,2,240,99.99
15389,449,115,2,11.0,1,162,265.87
15390,449,61,5,7.0,1,192,327.21
15391,449,111,5,,1,14,299.51
15392,449,15,6,5.0,1,205,100.16
15393,449,85,6,15.0,3,78,173.66
15394,449,1,2,15.0,1,13,382.97
15395,449,31,3,6.0,1,163,276.57
15396,449,71,5,,2,137,273.46
15397,449,18,4,12.0,1,250,65.67
15398,449,10060,6,3.0,1,114,393.57
15399,449,106,1,12.0,1,117,57.07
15400,449,19,3,15.0,1,159,153.88
15401,449,86,4,10.0,1,43,266.03
15402,449,13,1,12.0,3,138,350.79
15403,449,8,5,15.0,2,112,268.73
15404,449,101,4,10.0,2,61,380.12
15405,449,32,2,7.0,2,126,360.05
15406,449,31,4,11.0,2,66,276.57
15407,449,10118,1,10.0,2,188,102.4
15408,449,16,1,3.0,2,6,359.33
15409,450,19,4,2.0,2,101,153.88
15410,450,9,4,11.0,1,161,254.72
15411,450,77,2,10.0,1,33,11.42
15412,450,32,2,15.0,2,211,360.05
15413,450,92,3,4.0,1,82,69.54
15414,450,75,2,3.0,1,99,45.02
15415,450,112,4,3.0,2,149,89.33
15416,450,112,6,15.0,2,249,89.33
15417,450,29,5,,1,217,264.58
15418,450,17,6,4.0,1,54,198.42
15419,450,81,5,3.0,2,136,45.14
15420,450,4,1,4.0,3,165,118.68
15421,450,81,6,7.0,2,6,45.14
15422,450,114,6,5.0,2,17,392.33
15423,450,32,6,7.0,2,29,360.05
15424,450,76,2,2.0,1,141,327.0
15425,450,44,6,11.0,2,231,370.69
15426,450,57,3,12.0,2,201,184.4
15427,450,44,2,9.0,2,175,370.69
15428,450,74,4,1.0,1,247,345.9
15429,450,114,4,2.0,2,58,392.33
15430,450,111,6,8.0,1,210,299.51
15431,450,96,1,15.0,3,61,231.12
15432,450,40,4,15.0,1,59,162.24
15433,450,90,1,14.0,2,59,85.65
15434,450,115,3,14.0,1,250,265.87
15435,450,89,2,7.0,4,93,228.5
15436,450,79,1,9.0,1,19,272.45
15437,450,84,5,11.0,2,100,288.33
15438,450,77,1,14.0,1,173,11.42
15439,450,8,4,15.0,1,241,268.73
15440,450,76,1,15.0,2,52,327.0
15441,450,72,6,,1,161,389.59
15442,450,50,3,3.0,2,29,191.76
15443,450,64,3,7.0,2,125,254.43
15444,450,39,1,9.0,1,140,170.58
15445,451,100,3,11.0,1,51,320.96
15446,451,50,5,8.0,2,182,191.76
15447,451,57,2,5.0,1,166,184.4
15448,451,14,5,1.0,5,187,354.1
15449,451,79,6,2.0,2,102,272.45
15450,451,78,5,15.0,3,219,386.82
15451,451,93,4,13.0,2,152,39.17
15452,451,32,6,11.0,2,163,360.05
15453,451,43,4,1.0,3,247,40.97
15454,451,117,3,3.0,2,102,132.08
15455,451,10118,4,3.0,2,160,102.4
15456,451,109,6,15.0,3,2,378.53
15457,451,84,1,7.0,1,31,288.33
15458,451,3,3,11.0,1,239,184.85
15459,451,94,3,1.0,1,25,323.01
15460,451,92,5,1.0,3,160,69.54
15461,451,72,6,7.0,2,70,389.59
15462,451,19,4,15.0,3,117,153.88
15463,451,17,1,4.0,1,237,198.42
15464,451,94,3,2.0,2,95,323.01
15465,451,94,2,8.0,2,67,323.01
15466,451,102,4,3.0,1,167,332.57
15467,451,76,1,10.0,1,182,327.0
15468,451,114,4,7.0,1,84,392.33
15469,451,69,3,14.0,1,96,334.17
15470,451,117,6,7.0,1,8,132.08
15471,451,24,6,9.0,2,131,204.05
15472,451,34,6,10.0,2,124,4.86
15473,451,10060,5,12.0,2,224,393.57
15474,451,17,4,12.0,3,181,198.42
15475,451,67,5,15.0,1,129,177.85
15476,451,88,5,4.0,1,25,52.66
15477,451,85,6,,1,248,173.66
15478,451,20,1,,1,33,344.59
15479,451,74,6,10.0,2,8,345.9
15480,451,86,4,9.0,1,12,266.03
15481,451,70,2,4.0,2,67,18.65
15482,451,85,1,8.0,1,226,173.66
15483,451,96,3,13.0,2,112,231.12
15484,451,9,2,3.0,1,241,254.72
15485,451,119,5,12.0,1,211,399.96
15486,451,67,6,2.0,2,112,177.85
15487,452,51,4,10.0,2,131,384.39
15488,452,97,2,4.0,2,225,99.11
15489,452,30,5,5.0,3,78,349.23
15490,452,52,1,10.0,4,187,29.05
15491,452,41,3,6.0,2,237,77.7
15492,452,105,1,14.0,2,22,115.72
15493,452,2,3,5.0,1,165,144.87
15494,452,84,6,15.0,2,50,288.33
15495,452,16,3,2.0,1,176,359.33
15496,452,115,5,4.0,2,19,265.87
15497,452,30,2,11.0,3,135,349.23
15498,452,49,4,5.0,1,212,217.79
15499,452,118,3,2.0,2,3,102.4
15500,452,119,4,1.0,5,120,399.96
15501,452,66,6,2.0,4,108,134.76
15502,452,38,6,1.0,3,165,323.38
15503,452,37,1,1.0,2,87,374.33
15504,452,118,6,5.0,2,245,102.4
15505,452,14,6,9.0,1,225,354.1
15506,452,62,2,13.0,1,41,107.26
15507,452,80,5,14.0,3,109,351.06
15508,452,56,3,10.0,4,122,269.33
15509,452,35,5,13.0,1,40,362.36
15510,452,77,3,12.0,1,142,11.42
15511,452,14,2,8.0,1,91,354.1
15512,452,99,2,6.0,2,202,21.99
15513,452,100,2,2.0,2,129,320.96
15514,452,51,5,12.0,2,113,384.39
15515,452,56,5,10.0,2,171,269.33
15516,452,97,5,3.0,2,80,99.11
15517,453,61,2,11.0,2,147,327.21
15518,453,108,6,2.0,1,83,167.48
15519,453,54,2,11.0,2,109,263.63
15520,453,14,2,14.0,4,4,354.1
15521,453,79,3,10.0,1,71,272.45
15522,453,60,6,13.0,4,128,393.57
15523,453,46,3,7.0,1,154,2.86
15524,453,69,4,2.0,2,160,334.17
15525,453,76,2,12.0,1,57,327.0
15526,453,114,2,14.0,1,221,392.33
15527,453,4,1,5.0,1,127,118.68
15528,453,10060,6,10.0,1,176,393.57
15529,453,85,1,15.0,2,162,173.66
15530,453,80,3,10.0,1,101,351.06
15531,453,5,5,8.0,1,117,282.42
15532,453,11,5,14.0,2,230,274.48
15533,453,49,3,6.0,1,218,217.79
15534,453,10118,3,10.0,3,57,102.4
15535,453,18,4,12.0,2,125,65.67
15536,453,85,1,8.0,1,47,173.66
15537,453,56,3,15.0,1,174,269.33
15538,453,85,4,7.0,1,159,173.66
15539,453,104,3,4.0,1,164,194.87
15540,453,36,3,3.0,2,115,112.83
15541,453,76,1,1.0,2,91,327.0
15542,453,34,4,12.0,1,221,4.86
15543,453,108,5,4.0,1,206,167.48
15544,453,81,2,7.0,2,168,45.14
15545,453,105,3,11.0,1,64,115.72
15546,454,51,3,10.0,1,116,384.39
15547,454,97,5,8.0,1,22,99.11
15548,454,21,6,9.0,3,46,307.9
15549,454,106,4,1.0,3,188,57.07
15550,454,97,5,3.0,2,96,99.11
15551,454,39,1,13.0,4,189,170.58
15552,454,120,5,14.0,1,19,18.02
15553,454,115,4,3.0,4,239,265.87
15554,454,28,2,2.0,1,35,195.42
15555,454,63,2,8.0,5,194,114.14
15556,454,87,2,9.0,2,155,267.42
15557,454,99,3,9.0,4,175,21.99
15558,454,21,3,6.0,2,129,307.9
15559,454,35,1,6.0,2,214,362.36
15560,454,43,5,,1,185,40.97
15561,454,82,3,7.0,3,227,393.73
15562,454,7,3,11.0,1,68,255.0
15563,454,72,4,12.0,2,70,389.59
15564,454,83,6,4.0,1,47,19.67
15565,454,38,3,9.0,2,131,323.38
15566,454,31,2,9.0,2,17,276.57
15567,454,62,1,1.0,2,141,107.26
15568,454,120,5,5.0,1,15,18.02
15569,454,33,5,8.0,1,92,136.56
15570,454,81,5,4.0,5,55,45.14
15571,454,100,5,9.0,1,142,320.96
15572,454,44,3,11.0,3,140,370.69
15573,455,27,5,15.0,2,37,25.05
15574,455,89,6,12.0,2,187,228.5
15575,455,53,6,12.0,1,102,99.99
15576,455,58,3,12.0,2,220,86.84
15577,455,114,2,7.0,5,64,392.33
15578,455,86,2,3.0,2,47,266.03
15579,455,52,6,10.0,1,232,29.05
15580,455,59,4,9.0,2,209,149.07
15581,455,24,5,6.0,1,233,204.05
15582,455,107,4,,1,36,87.15
15583,455,70,1,12.0,1,171,18.65
15584,455,55,2,4.0,1,37,268.55
15585,455,12,3,7.0,2,19,322.41
15586,455,33,6,14.0,1,221,136.56
15587,455,23,6,11.0,1,163,204.06
15588,455,58,2,10.0,1,67,86.84
15589,455,108,6,14.0,2,66,167.48
15590,455,10060,2,15.0,2,188,393.57
15591,455,87,1,6.0,2,180,267.42
15592,455,65,1,1.0,4,47,38.73
15593,455,12,3,11.0,2,43,322.41
15594,455,90,6,1.0,1,146,85.65
15595,455,9,2,10.0,4,40,254.72
15596,455,15,5,15.0,1,77,100.16
15597,455,42,6,8.0,2,201,186.13
15598,456,99,5,7.0,1,82,21.99
15599,456,62,2,2.0,2,107,107.26
15600,456,71,3,7.0,2,50,273.46
15601,456,33,3,1.0,1,189,136.56
15602,456,56,1,7.0,1,130,269.33
15603,456,42,3,14.0,1,154,186.13
15604,456,100,3,2.0,2,116,320.96
15605,456,24,6,7.0,2,34,204.05
15606,456,75,2,11.0,3,73,45.02
15607,456,53,4,5.0,2,70,99.99
15608,456,85,4,8.0,1,77,173.66
15609,456,85,4,11.0,1,162,173.66
15610,456,50,4,5.0,2,162,191.76
15611,456,2,1,12.0,1,240,144.87
15612,456,60,6,7.0,2,234,393.57
15613,456,77,6,6.0,1,147,11.42
15614,456,57,1,15.0,1,240,184.4
15615,456,7,5,11.0,3,122,255.0
15616,456,90,2,13.0,1,173,85.65
15617,456,23,2,13.0,1,117,204.06
15618,456,8,2,13.0,1,133,268.73
15619,456,10,6,11.0,2,216,153.02
15620,456,14,1,12.0,1,227,354.1
15621,456,67,2,10.0,1,103,177.85
15622,456,113,1,6.0,2,15,268.21
15623,456,100,5,13.0,2,223,320.96
15624,456,21,1,1.0,4,106,307.9
15625,456,57,3,2.0,1,131,184.4
15626,456,26,1,2.0,2,103,196.47
15627,456,86,4,5.0,1,33,266.03
15628,456,118,4,4.0,3,238,102.4
15629,456,11,5,2.0,1,250,274.48
15630,456,44,5,12.0,1,112,370.69
15631,456,21,4,8.0,1,213,307.9
15632,456,85,6,15.0,2,66,173.66
15633,456,93,3,7.0,2,48,39.17
15634,456,87,2,3.0,2,101,267.42
15635,456,63,1,10.0,2,75,114.14
15636,456,72,4,8.0,1,23,389.59
15637,456,53,3,2.0,3,68,99.99
15638,456,7,3,11.0,3,148,255.0
15639,457,29,4,13.0,2,38,264.58
15640,457,4,6,10.0,1,115,118.68
15641,457,66,1,14.0,2,19,134.76
15642,457,39,4,14.0,1,11,170.58
15643,457,56,4,9.0,4,186,269.33
15644,457,50,4,10.0,3,111,191.76
15645,457,57,4,1.0,1,63,184.4
15646,457,112,6,8.0,3,78,89.33
15647,457,77,1,9.0,2,61,11.42
15648,457,57,6,1.0,2,88,184.4
15649,457,2,5,4.0,3,55,144.87
15650,457,98,1,5.0,2,110,89.1
15651,457,107,4,6.0,5,20,87.15
15652,457,82,5,9.0,1,143,393.73
15653,457,24,4,3.0,3,190,204.05
15654,457,38,6,2.0,2,61,323.38
15655,457,40,2,6.0,1,95,162.24
15656,457,51,4,15.0,1,186,384.39
15657,457,111,3,,1,22,299.51
15658,457,17,4,9.0,2,202,198.42
15659,457,91,5,8.0,2,113,177.83
15660,457,39,4,14.0,1,44,170.58
15661,457,114,1,10.0,2,39,392.33
15662,457,49,4,6.0,1,124,217.79
15663,457,81,4,8.0,2,31,45.14
15664,457,10055,6,4.0,4,82,268.55
15665,457,60,1,8.0,1,233,393.57
15666,457,41,1,2.0,1,120,77.7
15667,457,103,6,7.0,1,18,105.16
15668,457,21,3,2.0,1,110,307.9
15669,458,36,3,12.0,2,182,112.83
15670,458,41,3,11.0,2,163,77.7
15671,458,60,2,11.0,2,222,393.57
15672,458,98,2,14.0,1,161,89.1
15673,458,81,6,12.0,2,35,45.14
15674,458,12,3,9.0,2,38,322.41
15675,458,79,2,8.0,5,157,272.45
15676,458,102,2,10.0,5,188,332.57
15677,458,77,4,11.0,3,83,11.42
15678,458,54,1,15.0,1,22,263.63
15679,458,44,5,7.0,1,91,370.69
15680,458,45,1,6.0,1,95,193.58
15681,458,103,5,11.0,2,246,105.16
15682,458,97,1,11.0,2,8,99.11
15683,458,109,6,8.0,1,123,378.53
15684,458,24,6,7.0,2,5,204.05
15685,458,102,3,14.0,1,55,332.57
15686,458,118,1,7.0,2,250,102.4
15687,458,78,5,8.0,1,136,386.82
15688,458,10055,2,12.0,1,244,268.55
15689,458,78,6,15.0,1,128,386.82
15690,458,58,2,2.0,2,148,86.84
15691,458,50,2,12.0,1,170,191.76
15692,458,114,1,2.0,2,108,392.33
15693,458,4,3,3.0,2,27,118.68
15694,458,43,4,1.0,1,6,40.97
15695,458,43,5,2.0,2,125,40.97
15696,458,116,2,,3,170,74.33
15697,458,10096,3,6.0,2,4,231.12
15698,458,14,6,9.0,2,149,354.1
15699,458,8,6,3.0,1,151,268.73
15700,458,34,2,6.0,2,89,4.86
15701,459,26,3,11.0,1,199,196.47
15702,459,83,1,11.0,1,78,19.67
15703,459,1,2,11.0,1,163,382.97
15704,459,32,6,,3,103,360.05
15705,459,31,2,8.0,2,229,276.57
15706,459,75,1,14.0,1,167,45.02
15707,459,62,6,8.0,2,231,107.26
15708,459,30,1,12.0,2,132,349.23
15709,459,108,1,8.0,1,233,167.48
15710,459,72,1,14.0,2,143,389.59
15711,459,106,4,5.0,2,87,57.07
15712,459,119,2,11.0,1,49,399.96
15713,459,45,6,9.0,2,77,193.58
15714,459,6,1,9.0,1,195,342.42
15715,459,6,2,7.0,4,223,342.42
15716,459,51,2,6.0,1,7,384.39
15717,459,41,1,12.0,1,238,77.7
15718,459,115,1,13.0,1,187,265.87
15719,459,62,5,14.0,2,74,107.26
15720,459,46,6,11.0,5,245,2.86
15721,459,104,2,14.0,1,62,194.87
15722,459,35,6,13.0,1,111,362.36
15723,459,1,2,4.0,2,48,382.97
15724,459,52,5,15.0,3,116,29.05
15725,459,67,4,,1,48,177.85
15726,459,96,1,,2,184,231.12
15727,460,11,1,,2,48,274.48
15728,460,78,6,5.0,2,3,386.82
15729,460,102,5,7.0,2,120,332.57
15730,460,72,5,11.0,3,98,389.59
15731,460,95,3,11.0,1,242,245.29
15732,460,12,4,15.0,2,228,322.41
15733,460,21,5,9.0,1,75,307.9
15734,460,93,2,9.0,1,75,39.17
15735,460,28,2,4.0,2,225,195.42
15736,460,98,1,11.0,2,13,89.1
15737,460,118,2,7.0,1,1,102.4
15738,460,97,2,11.0,1,1,99.11
15739,460,112,5,3.0,2,7,89.33
15740,460,99,4,1.0,1,6,21.99
15741,460,23,3,10.0,2,55,204.06
15742,460,56,1,3.0,1,58,269.33
15743,460,101,1,9.0,2,123,380.12
15744,460,30,4,1.0,1,90,349.23
15745,460,46,5,8.0,1,106,2.86
15746,460,5,6,8.0,1,98,282.42
15747,461,42,2,4.0,2,156,186.13
15748,461,50,4,5.0,1,141,191.76
15749,461,30,5,3.0,2,224,349.23
15750,461,64,3,10.0,1,243,254.43
15751,461,102,3,14.0,1,77,332.57
15752,461,31,5,8.0,1,179,276.57
15753,461,21,5,12.0,2,200,307.9
15754,461,118,4,15.0,1,151,102.4
15755,461,10118,2,5.0,1,4,102.4
15756,461,90,6,13.0,2,220,85.65
15757,461,47,4,9.0,3,3,279.24
15758,461,70,3,3.0,1,195,18.65
15759,461,106,3,7.0,1,69,57.07
15760,461,114,6,2.0,4,221,392.33
15761,461,46,5,5.0,3,139,2.86
15762,461,106,1,14.0,3,35,57.07
15763,461,67,4,,4,158,177.85
15764,461,6,6,13.0,1,223,342.42
15765,461,67,3,4.0,2,171,177.85
15766,461,80,3,,3,188,351.06
15767,461,53,5,1.0,2,232,99.99
15768,461,9,2,7.0,1,53,254.72
15769,461,50,2,11.0,2,74,191.76
15770,461,24,4,7.0,1,32,204.05
15771,461,63,6,14.0,1,208,114.14
15772,461,44,6,2.0,3,250,370.69
15773,461,60,3,9.0,2,76,393.57
15774,461,77,6,1.0,2,228,11.42
15775,461,77,3,15.0,1,72,11.42
15776,461,58,2,7.0,1,15,86.84
15777,461,65,3,8.0,1,188,38.73
15778,461,55,6,5.0,2,2,268.55
15779,461,9,6,1.0,2,40,254.72
15780,461,59,6,12.0,2,250,149.07
15781,461,97,1,7.0,3,242,99.11
15782,461,7,2,3.0,1,243,255.0
15783,462,97,5,10.0,1,207,99.11
15784,462,66,1,9.0,2,138,134.76
15785,462,13,3,9.0,4,163,350.79
15786,462,50,6,6.0,2,68,191.76
15787,462,9,2,12.0,1,45,254.72
15788,462,77,4,1.0,4,109,11.42
15789,462,11,2,3.0,2,201,274.48
15790,462,61,6,13.0,2,160,327.21
15791,462,19,6,7.0,1,111,153.88
15792,462,109,2,15.0,1,169,378.53
15793,462,62,3,8.0,2,106,107.26
15794,462,75,3,9.0,2,102,45.02
15795,462,72,4,11.0,1,136,389.59
15796,462,76,6,2.0,1,229,327.0
15797,462,11,5,8.0,2,178,274.48
15798,462,92,5,9.0,1,188,69.54
15799,463,62,6,8.0,1,67,107.26
15800,463,20,6,13.0,4,114,344.59
15801,463,22,4,2.0,2,60,182.58
15802,463,44,6,4.0,1,103,370.69
15803,463,62,6,1.0,1,179,107.26
15804,463,106,2,9.0,4,40,57.07
15805,463,92,1,11.0,4,151,69.54
15806,463,42,6,3.0,5,190,186.13
15807,463,12,6,13.0,2,37,322.41
15808,463,77,6,3.0,1,62,11.42
15809,463,10,3,2.0,2,70,153.02
15810,463,104,3,6.0,1,218,194.87
15811,463,10060,3,11.0,3,206,393.57
15812,463,29,3,15.0,1,38,264.58
15813,463,8,5,7.0,1,243,268.73
15814,463,116,5,1.0,2,90,74.33
15815,463,25,3,2.0,1,93,381.49
15816,464,97,5,11.0,2,196,99.11
15817,464,70,2,5.0,1,39,18.65
15818,464,46,2,7.0,2,3,2.86
15819,464,83,6,5.0,1,154,19.67
15820,464,51,3,7.0,2,157,384.39
15821,464,114,6,13.0,1,223,392.33
15822,464,23,2,2.0,1,118,204.06
15823,464,59,5,13.0,4,39,149.07
15824,464,96,1,2.0,2,118,231.12
15825,464,47,2,14.0,1,160,279.24
15826,464,80,1,13.0,1,121,351.06
15827,464,62,2,10.0,3,173,107.26
15828,464,117,1,13.0,2,9,132.08
15829,464,74,3,2.0,2,90,345.9
15830,464,12,5,10.0,1,213,322.41
15831,464,61,5,12.0,2,47,327.21
15832,464,84,4,2.0,1,95,288.33
15833,464,55,5,7.0,1,70,268.55
15834,464,50,6,11.0,5,5,191.76
15835,464,42,4,1.0,1,197,186.13
15836,464,120,2,4.0,2,99,18.02
15837,464,97,6,8.0,5,210,99.11
15838,464,22,5,2.0,1,136,182.58
15839,464,10118,4,13.0,5,196,102.4
15840,464,89,2,7.0,1,60,228.5
15841,464,37,2,4.0,1,63,374.33
15842,464,12,6,15.0,4,126,322.41
15843,464,56,6,6.0,2,80,269.33
15844,464,113,5,4.0,2,230,268.21
15845,464,96,6,1.0,2,72,231.12
15846,464,61,5,1.0,2,62,327.21
15847,464,27,2,10.0,1,156,25.05
15848,464,10,5,1.0,1,42,153.02
15849,464,52,4,7.0,2,66,29.05
15850,464,1,5,1.0,1,180,382.97
15851,464,62,4,12.0,2,167,107.26
15852,464,10118,1,12.0,1,40,102.4
15853,464,6,3,9.0,1,107,342.42
15854,464,63,3,,1,143,114.14
15855,464,85,3,5.0,2,68,173.66
15856,464,10118,1,13.0,1,135,102.4
15857,465,84,2,13.0,1,170,288.33
15858,465,19,4,4.0,1,63,153.88
15859,465,8,4,8.0,2,123,268.73
15860,465,66,5,14.0,2,195,134.76
15861,465,89,1,1.0,1,102,228.5
15862,465,1,3,11.0,1,189,382.97
15863,465,46,1,7.0,2,32,2.86
15864,465,86,3,9.0,1,120,266.03
15865,465,85,4,8.0,1,241,173.66
15866,465,110,2,13.0,2,28,4.35
15867,465,24,1,2.0,1,30,204.05
15868,465,93,5,2.0,1,176,39.17
15869,465,45,1,15.0,1,247,193.58
15870,465,108,5,10.0,4,50,167.48
15871,465,108,6,7.0,2,235,167.48
15872,465,116,4,11.0,4,108,74.33
15873,465,2,5,4.0,2,230,144.87
15874,465,94,2,13.0,1,38,323.01
15875,465,27,5,3.0,2,47,25.05
15876,465,28,4,11.0,1,128,195.42
15877,465,60,6,,5,157,393.57
15878,465,82,3,,1,17,393.73
15879,465,110,6,8.0,4,39,4.35
15880,465,79,4,13.0,1,212,272.45
15881,465,64,4,12.0,2,198,254.43
15882,465,70,5,4.0,3,219,18.65
15883,465,81,3,9.0,1,54,45.14
15884,465,17,1,7.0,2,181,198.42
15885,465,17,5,9.0,1,145,198.42
15886,465,49,3,9.0,2,242,217.79
15887,465,98,2,14.0,2,209,89.1
15888,465,56,6,12.0,2,218,269.33
15889,465,118,3,,2,56,102.4
15890,465,104,6,11.0,2,15,194.87
15891,465,113,5,2.0,1,91,268.21
15892,465,9,3,1.0,3,3,254.72
15893,465,89,5,11.0,2,49,228.5
15894,465,70,3,9.0,1,76,18.65
15895,465,43,3,5.0,2,235,40.97
15896,465,9,6,9.0,3,78,254.72
15897,465,10060,4,2.0,1,199,393.57
15898,465,26,2,8.0,2,174,196.47
15899,465,16,6,6.0,2,179,359.33
15900,465,30,6,3.0,2,67,349.23
15901,465,53,5,11.0,2,110,99.99
15902,465,98,6,10.0,1,239,89.1
15903,465,34,6,11.0,2,182,4.86
15904,465,79,2,13.0,1,81,272.45
15905,466,72,5,12.0,2,191,389.59
15906,466,38,2,5.0,2,209,323.38
15907,466,114,3,5.0,5,212,392.33
15908,466,84,2,6.0,1,162,288.33
15909,466,10096,2,13.0,1,150,231.12
15910,466,75,6,12.0,1,186,45.02
15911,466,81,5,1.0,3,112,45.14
15912,466,49,5,3.0,1,26,217.79
15913,466,6,6,6.0,2,153,342.42
15914,466,26,2,11.0,1,91,196.47
15915,466,60,1,5.0,2,74,393.57
15916,466,11,3,3.0,2,72,274.48
15917,466,102,1,6.0,2,158,332.57
15918,466,67,5,15.0,1,212,177.85
15919,466,57,2,4.0,1,156,184.4
15920,466,22,6,1.0,2,140,182.58
15921,466,6,2,7.0,1,41,342.42
15922,466,48,5,5.0,2,195,77.58
15923,466,98,2,6.0,2,56,89.1
15924,466,105,3,13.0,2,82,115.72
15925,466,108,1,3.0,1,243,167.48
15926,466,8,2,8.0,1,159,268.73
15927,466,101,5,4.0,2,122,380.12
15928,466,29,1,15.0,1,167,264.58
15929,466,118,4,8.0,1,73,102.4
15930,466,102,1,5.0,2,71,332.57
15931,466,69,5,6.0,2,39,334.17
15932,466,70,3,10.0,2,6,18.65
15933,467,42,5,3.0,1,83,186.13
15934,467,26,1,1.0,3,46,196.47
15935,467,104,1,8.0,1,195,194.87
15936,467,120,6,1.0,2,220,18.02
15937,467,82,2,11.0,2,65,393.73
15938,467,1,1,13.0,2,215,382.97
15939,467,59,5,11.0,5,16,149.07
15940,467,54,1,12.0,2,59,263.63
15941,467,9,5,6.0,1,130,254.72
15942,467,10,1,15.0,3,179,153.02
15943,467,96,1,5.0,5,103,231.12
15944,467,69,1,13.0,1,171,334.17
15945,467,10118,2,1.0,1,203,102.4
15946,467,120,1,11.0,2,82,18.02
15947,467,11,5,8.0,3,124,274.48
15948,467,66,6,6.0,2,6,134.76
15949,467,39,4,1.0,2,3,170.58
15950,467,52,2,14.0,3,215,29.05
15951,467,10,4,6.0,3,157,153.02
15952,467,88,3,11.0,1,152,52.66
15953,467,77,2,10.0,1,202,11.42
15954,467,53,1,11.0,2,72,99.99
15955,467,60,6,1.0,2,108,393.57
15956,467,94,3,7.0,1,230,323.01
15957,467,61,2,13.0,1,204,327.21
15958,467,72,2,12.0,3,25,389.59
15959,467,109,3,14.0,1,41,378.53
15960,467,105,1,10.0,1,138,115.72
15961,467,2,1,3.0,1,175,144.87
15962,467,33,3,7.0,1,156,136.56
15963,467,11,2,4.0,4,67,274.48
15964,467,70,6,8.0,1,134,18.65
15965,467,16,3,13.0,1,224,359.33
15966,467,10118,6,5.0,1,62,102.4
15967,467,10096,5,2.0,2,220,231.12
15968,467,88,6,5.0,2,81,52.66
15969,467,118,5,,2,35,102.4
15970,467,86,3,12.0,1,193,266.03
15971,467,43,5,14.0,2,102,40.97
15972,467,21,3,14.0,1,230,307.9
15973,467,25,6,12.0,2,57,381.49
15974,467,3,2,7.0,2,198,184.85
15975,467,103,2,,2,55,105.16
15976,467,66,3,3.0,2,143,134.76
15977,467,33,5,6.0,1,211,136.56
15978,467,119,3,14.0,2,217,399.96
15979,467,19,4,1.0,3,54,153.88
15980,467,15,1,3.0,2,2,100.16
15981,467,102,1,6.0,2,204,332.57
15982,467,9,2,10.0,3,194,254.72
15983,467,80,4,10.0,2,77,351.06
15984,467,101,6,5.0,1,165,380.12
15985,467,98,4,,2,6,89.1
15986,467,44,4,6.0,1,92,370.69
15987,468,63,3,14.0,1,29,114.14
15988,468,119,1,6.0,1,195,399.96
15989,468,105,5,5.0,2,30,115.72
15990,468,94,1,5.0,2,217,323.01
15991,468,56,3,14.0,2,128,269.33
15992,468,107,2,5.0,2,15,87.15
15993,468,65,5,7.0,2,104,38.73
15994,468,112,6,9.0,1,223,89.33
15995,468,112,1,8.0,3,69,89.33
15996,468,98,5,1.0,2,4,89.1
15997,468,71,1,1.0,1,234,273.46
15998,468,48,3,8.0,1,119,77.58
15999,468,41,2,15.0,3,106,77.7
16000,468,80,2,12.0,1,72,351.06
16001,468,100,3,1.0,1,116,320.96
16002,468,42,3,15.0,1,132,186.13
16003,468,103,3,10.0,2,62,105.16
16004,468,75,4,6.0,2,242,45.02
16005,468,115,6,5.0,4,35,265.87
16006,468,92,5,,1,191,69.54
16007,468,21,1,13.0,1,50,307.9
16008,468,100,4,13.0,5,106,320.96
16009,468,14,3,15.0,1,62,354.1
16010,468,17,5,5.0,1,35,198.42
16011,468,5,3,8.0,2,151,282.42
16012,468,74,3,5.0,1,50,345.9
16013,468,62,1,5.0,1,106,107.26
16014,468,78,1,6.0,1,29,386.82
16015,468,77,1,4.0,2,237,11.42
16016,468,13,2,15.0,1,98,350.79
16017,468,117,3,3.0,2,188,132.08
16018,468,87,4,2.0,2,93,267.42
16019,468,98,6,14.0,2,248,89.1
16020,468,23,2,7.0,1,92,204.06
16021,468,52,2,13.0,2,25,29.05
16022,468,111,1,4.0,2,9,299.51
16023,468,86,2,13.0,4,149,266.03
16024,468,36,2,11.0,2,237,112.83
16025,468,94,3,8.0,1,92,323.01
16026,468,43,6,9.0,1,58,40.97
16027,468,21,2,10.0,5,19,307.9
16028,468,71,1,15.0,2,161,273.46
16029,469,73,1,12.0,2,8,352.8
16030,469,108,6,14.0,1,125,167.48
16031,469,10118,1,6.0,2,104,102.4
16032,469,43,6,14.0,2,102,40.97
16033,469,20,1,8.0,1,183,344.59
16034,469,37,6,2.0,2,89,374.33
16035,469,47,4,15.0,2,217,279.24
16036,469,62,3,14.0,2,154,107.26
16037,469,38,5,3.0,2,237,323.38
16038,469,10055,1,1.0,2,201,268.55
16039,469,24,5,6.0,1,129,204.05
16040,469,36,3,4.0,1,84,112.83
16041,469,34,1,2.0,1,179,4.86
16042,469,39,6,2.0,2,51,170.58
16043,469,34,4,6.0,1,37,4.86
16044,469,8,6,7.0,2,65,268.73
16045,469,102,2,3.0,1,148,332.57
16046,469,68,2,2.0,1,40,31.95
16047,469,33,4,10.0,2,34,136.56
16048,469,29,2,15.0,1,168,264.58
16049,469,5,5,2.0,4,56,282.42
16050,469,78,1,3.0,2,215,386.82
16051,469,57,6,7.0,1,26,184.4
16052,469,33,2,2.0,1,23,136.56
16053,469,70,4,15.0,3,47,18.65
16054,469,16,5,4.0,1,23,359.33
16055,469,97,2,8.0,4,90,99.11
16056,469,26,3,1.0,2,160,196.47
16057,469,16,6,9.0,1,24,359.33
16058,469,69,3,7.0,1,38,334.17
16059,469,57,6,14.0,2,245,184.4
16060,469,72,4,8.0,2,186,389.59
16061,469,99,3,8.0,2,111,21.99
16062,469,105,5,14.0,1,193,115.72
16063,469,41,1,7.0,1,17,77.7
16064,469,119,6,11.0,2,139,399.96
16065,469,52,5,12.0,2,183,29.05
16066,469,85,5,11.0,1,14,173.66
16067,469,109,1,1.0,1,36,378.53
16068,469,14,1,8.0,2,9,354.1
16069,469,38,6,9.0,1,168,323.38
16070,469,103,4,5.0,2,131,105.16
16071,469,18,1,8.0,1,187,65.67
16072,469,6,4,10.0,1,218,342.42
16073,469,10055,1,7.0,2,174,268.55
16074,469,16,4,6.0,1,132,359.33
16075,469,118,1,8.0,4,123,102.4
16076,469,51,6,7.0,1,126,384.39
16077,469,10055,3,7.0,3,99,268.55
16078,469,7,4,6.0,5,224,255.0
16079,469,88,6,9.0,2,168,52.66
16080,469,81,3,3.0,1,74,45.14
16081,469,116,3,12.0,1,130,74.33
16082,469,38,3,7.0,2,144,323.38
16083,469,96,3,3.0,5,107,231.12
16084,469,23,4,7.0,1,243,204.06
16085,470,10096,2,6.0,4,95,231.12
16086,470,108,3,8.0,1,213,167.48
16087,470,28,2,3.0,2,98,195.42
16088,470,10055,1,9.0,4,95,268.55
16089,470,51,2,9.0,1,173,384.39
16090,470,96,6,15.0,1,125,231.12
16091,470,37,3,7.0,1,130,374.33
16092,470,96,5,15.0,5,179,231.12
16093,470,23,3,6.0,1,158,204.06
16094,470,112,5,1.0,1,234,89.33
16095,470,18,3,4.0,1,101,65.67
16096,470,118,2,14.0,1,104,102.4
16097,470,24,1,5.0,1,3,204.05
16098,470,35,6,5.0,2,40,362.36
16099,470,45,6,8.0,1,30,193.58
16100,470,9,6,3.0,2,121,254.72
16101,470,81,2,12.0,1,48,45.14
16102,470,4,4,14.0,4,166,118.68
16103,470,101,2,10.0,2,89,380.12
16104,470,79,6,8.0,4,200,272.45
16105,470,104,5,,1,222,194.87
16106,470,30,6,3.0,2,62,349.23
16107,470,67,6,6.0,1,153,177.85
16108,470,103,5,11.0,1,168,105.16
16109,470,51,1,10.0,2,249,384.39
16110,470,96,5,2.0,1,82,231.12
16111,470,56,1,10.0,1,110,269.33
16112,470,7,6,11.0,2,83,255.0
16113,470,15,6,,3,48,100.16
16114,470,18,3,5.0,1,101,65.67
16115,470,10055,5,4.0,1,63,268.55
16116,470,44,4,15.0,2,111,370.69
16117,470,92,3,14.0,2,225,69.54
16118,470,76,5,1.0,3,134,327.0
16119,470,35,6,3.0,2,121,362.36
16120,471,80,2,8.0,2,191,351.06
16121,471,39,1,14.0,4,176,170.58
16122,471,49,3,8.0,1,154,217.79
16123,471,10060,4,2.0,2,131,393.57
16124,471,68,3,6.0,4,39,31.95
16125,471,47,2,7.0,1,75,279.24
16126,471,84,1,2.0,3,29,288.33
16127,471,7,5,11.0,2,213,255.0
16128,471,42,3,11.0,2,82,186.13
16129,471,94,1,2.0,1,247,323.01
16130,471,47,5,13.0,2,109,279.24
16131,471,32,5,15.0,1,191,360.05
16132,471,73,6,3.0,2,113,352.8
16133,471,117,5,2.0,4,120,132.08
16134,471,114,4,1.0,2,177,392.33
16135,471,120,2,8.0,2,16,18.02
16136,471,77,6,4.0,2,155,11.42
16137,471,79,5,12.0,2,105,272.45
16138,471,118,1,11.0,2,231,102.4
16139,471,28,4,3.0,3,146,195.42
16140,471,90,5,5.0,1,184,85.65
16141,471,10,5,10.0,1,43,153.02
16142,471,16,2,9.0,1,201,359.33
16143,471,36,1,8.0,2,107,112.83
16144,471,65,6,12.0,2,7,38.73
16145,471,43,3,1.0,1,191,40.97
16146,471,59,6,11.0,2,221,149.07
16147,471,101,4,13.0,3,98,380.12
16148,472,108,5,6.0,1,204,167.48
16149,472,74,2,9.0,1,228,345.9
16150,472,73,3,9.0,2,16,352.8
16151,472,23,1,8.0,1,109,204.06
16152,472,47,2,12.0,1,128,279.24
16153,472,48,6,6.0,3,145,77.58
16154,472,88,6,5.0,1,33,52.66
16155,472,30,3,2.0,2,229,349.23
16156,472,70,6,14.0,2,236,18.65
16157,472,112,4,,1,119,89.33
16158,472,51,5,9.0,1,96,384.39
16159,472,30,5,11.0,2,156,349.23
16160,472,80,3,13.0,1,156,351.06
16161,472,17,4,15.0,1,210,198.42
16162,472,10060,2,5.0,1,135,393.57
16163,472,16,4,13.0,1,39,359.33
16164,472,23,3,9.0,1,31,204.06
16165,472,101,2,7.0,3,163,380.12
16166,472,49,2,2.0,1,161,217.79
16167,472,68,3,3.0,2,9,31.95
16168,472,1,5,12.0,2,64,382.97
16169,472,81,4,12.0,2,125,45.14
16170,472,96,3,13.0,2,55,231.12
16171,472,1,4,8.0,1,117,382.97
16172,472,27,5,8.0,1,90,25.05
16173,472,31,3,7.0,1,87,276.57
16174,472,76,4,9.0,5,29,327.0
16175,472,24,1,5.0,1,1,204.05
16176,472,29,6,2.0,1,82,264.58
16177,473,98,6,2.0,3,37,89.1
16178,473,53,4,12.0,1,2,99.99
16179,473,37,1,4.0,3,115,374.33
16180,473,112,3,10.0,2,96,89.33
16181,473,92,2,1.0,2,225,69.54
16182,473,90,2,6.0,4,207,85.65
16183,473,11,2,,3,90,274.48
16184,473,30,5,3.0,2,116,349.23
16185,473,15,5,4.0,4,210,100.16
16186,473,63,1,3.0,1,154,114.14
16187,473,54,6,9.0,3,17,263.63
16188,473,100,3,2.0,2,74,320.96
16189,473,17,6,4.0,1,89,198.42
16190,473,117,2,6.0,2,104,132.08
16191,473,28,6,3.0,1,78,195.42
16192,473,119,4,7.0,3,244,399.96
16193,473,10096,4,3.0,3,244,231.12
16194,473,71,3,2.0,2,59,273.46
16195,473,27,6,13.0,2,189,25.05
16196,473,114,5,14.0,2,139,392.33
16197,473,117,1,9.0,5,163,132.08
16198,473,13,4,7.0,3,229,350.79
16199,474,84,2,15.0,2,56,288.33
16200,474,29,5,12.0,1,226,264.58
16201,474,85,3,3.0,2,8,173.66
16202,474,27,3,1.0,1,78,25.05
16203,474,117,1,14.0,2,67,132.08
16204,474,68,6,15.0,4,137,31.95
16205,474,102,5,4.0,2,63,332.57
16206,474,68,4,11.0,1,74,31.95
16207,474,28,3,12.0,2,197,195.42
16208,474,36,5,12.0,1,206,112.83
16209,474,117,3,7.0,1,48,132.08
16210,474,72,3,15.0,2,242,389.59
16211,474,112,1,1.0,5,240,89.33
16212,474,105,1,14.0,2,11,115.72
16213,474,4,2,12.0,2,120,118.68
16214,474,85,4,2.0,2,136,173.66
16215,474,3,4,5.0,3,63,184.85
16216,474,65,5,5.0,2,166,38.73
16217,474,9,5,13.0,2,29,254.72
16218,474,49,2,5.0,1,239,217.79
16219,474,68,3,2.0,1,172,31.95
16220,474,100,4,11.0,3,21,320.96
16221,474,3,5,8.0,1,190,184.85
16222,474,43,4,2.0,2,19,40.97
16223,475,29,2,14.0,1,25,264.58
16224,475,30,5,12.0,1,133,349.23
16225,475,100,2,12.0,2,157,320.96
16226,475,32,3,8.0,2,212,360.05
16227,475,99,4,5.0,4,215,21.99
16228,475,115,5,4.0,1,147,265.87
16229,475,41,2,15.0,1,233,77.7
16230,475,110,6,1.0,4,140,4.35
16231,475,18,6,1.0,2,60,65.67
16232,475,68,1,,1,177,31.95
16233,475,10060,3,11.0,1,74,393.57
16234,475,91,3,12.0,1,245,177.83
16235,475,86,4,8.0,2,109,266.03
16236,475,9,4,12.0,1,128,254.72
16237,475,41,2,2.0,3,34,77.7
16238,475,50,3,7.0,1,75,191.76
16239,475,34,5,1.0,1,19,4.86
16240,475,48,5,,2,238,77.58
16241,475,33,1,10.0,2,43,136.56
16242,475,87,5,5.0,1,52,267.42
16243,475,10118,3,7.0,1,52,102.4
16244,475,102,6,7.0,1,147,332.57
16245,475,7,6,10.0,1,70,255.0
16246,475,51,4,5.0,1,80,384.39
16247,475,48,1,2.0,1,125,77.58
16248,475,20,6,1.0,2,4,344.59
16249,475,68,5,13.0,5,72,31.95
16250,475,85,2,5.0,2,207,173.66
16251,475,42,1,14.0,1,166,186.13
16252,475,105,5,3.0,2,224,115.72
16253,475,26,6,10.0,2,176,196.47
16254,476,4,1,,1,1,118.68
16255,476,43,4,15.0,3,148,40.97
16256,476,61,5,12.0,4,111,327.21
16257,476,116,5,5.0,2,35,74.33
16258,476,20,1,10.0,4,105,344.59
16259,476,67,5,12.0,2,129,177.85
16260,476,63,5,14.0,1,149,114.14
16261,476,38,5,6.0,1,159,323.38
16262,476,114,2,8.0,1,33,392.33
16263,476,115,6,2.0,1,81,265.87
16264,476,10118,6,6.0,1,177,102.4
16265,476,76,3,6.0,5,118,327.0
16266,476,16,1,,1,192,359.33
16267,476,40,4,3.0,1,67,162.24
16268,476,63,2,10.0,5,179,114.14
16269,476,66,1,3.0,2,206,134.76
16270,476,88,2,9.0,1,127,52.66
16271,476,98,1,9.0,3,199,89.1
16272,476,50,6,9.0,2,186,191.76
16273,476,31,2,14.0,3,35,276.57
16274,476,8,5,13.0,1,95,268.73
16275,476,47,4,3.0,2,242,279.24
16276,476,32,6,15.0,1,10,360.05
16277,476,116,3,7.0,1,160,74.33
16278,476,91,5,4.0,4,43,177.83
16279,476,116,5,11.0,1,21,74.33
16280,476,20,2,4.0,1,168,344.59
16281,476,97,1,2.0,2,181,99.11
16282,476,99,3,12.0,2,124,21.99
16283,476,66,3,1.0,1,35,134.76
16284,477,76,3,8.0,2,179,327.0
16285,477,35,4,4.0,1,166,362.36
16286,477,93,1,2.0,2,63,39.17
16287,477,6,1,14.0,2,41,342.42
16288,477,2,2,7.0,2,152,144.87
16289,477,111,6,5.0,1,62,299.51
16290,477,69,5,13.0,1,193,334.17
16291,477,81,4,14.0,1,173,45.14
16292,477,10060,3,6.0,2,232,393.57
16293,477,13,5,5.0,1,237,350.79
16294,477,72,2,5.0,1,30,389.59
16295,477,61,4,4.0,1,131,327.21
16296,477,71,6,9.0,1,90,273.46
16297,477,2,6,15.0,1,16,144.87
16298,477,46,2,6.0,1,152,2.86
16299,477,47,2,3.0,2,3,279.24
16300,477,91,6,7.0,2,5,177.83
16301,477,54,6,5.0,1,218,263.63
16302,477,78,2,14.0,1,93,386.82
16303,477,104,2,7.0,2,119,194.87
16304,477,58,1,12.0,2,207,86.84
16305,477,13,6,12.0,1,60,350.79
16306,477,1,2,4.0,2,171,382.97
16307,477,46,6,4.0,1,177,2.86
16308,477,117,3,14.0,2,111,132.08
16309,477,43,4,,2,36,40.97
16310,477,91,3,14.0,1,45,177.83
16311,477,51,2,3.0,1,65,384.39
16312,477,117,4,3.0,1,245,132.08
16313,477,117,5,3.0,4,72,132.08
16314,477,69,3,7.0,2,186,334.17
16315,478,93,1,10.0,2,98,39.17
16316,478,102,4,10.0,2,222,332.57
16317,478,45,1,1.0,1,190,193.58
16318,478,81,1,9.0,2,212,45.14
16319,478,97,3,14.0,1,88,99.11
16320,478,85,5,11.0,2,17,173.66
16321,478,83,2,3.0,2,16,19.67
16322,478,22,5,6.0,2,61,182.58
16323,478,84,3,6.0,1,3,288.33
16324,478,41,2,11.0,2,137,77.7
16325,478,7,6,5.0,4,215,255.0
16326,478,53,1,6.0,2,115,99.99
16327,478,102,5,15.0,2,219,332.57
16328,478,35,4,11.0,2,103,362.36
16329,478,78,2,15.0,2,151,386.82
16330,478,99,5,10.0,1,148,21.99
16331,478,2,1,7.0,1,97,144.87
16332,478,79,2,1.0,2,82,272.45
16333,478,52,3,13.0,1,44,29.05
16334,478,80,3,12.0,2,144,351.06
16335,478,70,1,15.0,1,50,18.65
16336,478,47,1,7.0,1,102,279.24
16337,479,62,6,14.0,2,113,107.26
16338,479,59,2,7.0,1,158,149.07
16339,479,72,4,3.0,2,34,389.59
16340,479,30,1,14.0,2,13,349.23
16341,479,24,3,5.0,1,171,204.05
16342,479,87,2,15.0,1,25,267.42
16343,479,54,1,10.0,3,125,263.63
16344,479,118,4,14.0,1,160,102.4
16345,479,49,3,,1,120,217.79
16346,479,35,2,9.0,2,242,362.36
16347,479,103,4,8.0,2,191,105.16
16348,479,25,3,11.0,2,69,381.49
16349,479,90,6,3.0,1,34,85.65
16350,479,39,1,11.0,1,83,170.58
16351,479,26,1,13.0,1,238,196.47
16352,479,10060,6,1.0,1,159,393.57
16353,479,21,2,7.0,2,222,307.9
16354,479,48,5,3.0,1,221,77.58
16355,479,2,6,14.0,1,227,144.87
16356,479,10055,3,15.0,2,167,268.55
16357,479,74,2,5.0,2,228,345.9
16358,479,18,2,3.0,1,83,65.67
16359,479,18,5,5.0,2,241,65.67
16360,479,18,5,4.0,3,54,65.67
16361,479,62,4,14.0,1,53,107.26
16362,479,24,1,15.0,2,106,204.05
16363,479,65,1,4.0,2,232,38.73
16364,479,48,3,3.0,2,158,77.58
16365,479,55,4,14.0,2,29,268.55
16366,479,4,3,4.0,2,206,118.68
16367,479,79,4,1.0,2,202,272.45
16368,479,10096,4,6.0,2,6,231.12
16369,479,30,6,14.0,2,138,349.23
16370,479,80,2,8.0,1,93,351.06
16371,479,45,5,5.0,1,164,193.58
16372,479,10096,3,11.0,1,232,231.12
16373,479,117,2,11.0,2,69,132.08
16374,479,95,2,4.0,2,218,245.29
16375,480,112,1,13.0,2,135,89.33
16376,480,111,3,12.0,2,133,299.51
16377,480,21,3,8.0,2,192,307.9
16378,480,117,2,9.0,1,2,132.08
16379,480,51,4,5.0,2,142,384.39
16380,480,83,4,13.0,1,141,19.67
16381,480,49,5,7.0,2,192,217.79
16382,480,46,6,3.0,4,123,2.86
16383,480,7,6,9.0,2,184,255.0
16384,480,8,4,4.0,1,205,268.73
16385,480,119,6,13.0,4,179,399.96
16386,480,94,3,6.0,2,105,323.01
16387,480,14,3,2.0,2,215,354.1
16388,480,118,2,9.0,1,108,102.4
16389,480,40,3,,1,79,162.24
16390,480,82,6,3.0,1,205,393.73
16391,480,66,1,1.0,1,22,134.76
16392,480,14,6,1.0,2,89,354.1
16393,480,39,6,3.0,1,172,170.58
16394,480,54,3,9.0,2,177,263.63
16395,480,5,6,2.0,2,9,282.42
16396,480,51,6,6.0,2,92,384.39
16397,481,25,3,6.0,1,82,381.49
16398,481,108,5,8.0,1,107,167.48
16399,481,89,6,15.0,2,137,228.5
16400,481,46,5,3.0,3,13,2.86
16401,481,16,6,1.0,1,6,359.33
16402,481,55,5,10.0,5,112,268.55
16403,481,113,4,2.0,2,150,268.21
16404,481,17,5,7.0,1,64,198.42
16405,481,44,3,11.0,1,200,370.69
16406,481,110,3,2.0,1,175,4.35
16407,481,25,4,8.0,2,226,381.49
16408,481,52,2,4.0,1,86,29.05
16409,481,78,2,9.0,1,102,386.82
16410,481,114,5,9.0,1,122,392.33
16411,481,26,6,11.0,2,211,196.47
16412,481,78,2,8.0,2,163,386.82
16413,481,46,1,13.0,1,222,2.86
16414,481,67,6,14.0,2,6,177.85
16415,481,27,5,5.0,2,122,25.05
16416,481,86,5,11.0,2,163,266.03
16417,481,75,3,4.0,1,158,45.02
16418,481,11,1,4.0,1,226,274.48
16419,481,106,4,11.0,1,210,57.07
16420,481,7,4,8.0,2,177,255.0
16421,481,111,1,13.0,1,217,299.51
16422,481,40,1,6.0,1,182,162.24
16423,481,61,3,,1,230,327.21
16424,481,53,1,8.0,3,192,99.99
16425,481,109,4,8.0,1,172,378.53
16426,481,116,2,12.0,1,191,74.33
16427,481,61,6,8.0,1,103,327.21
16428,481,67,3,3.0,2,160,177.85
16429,481,28,5,11.0,1,152,195.42
16430,481,41,3,8.0,1,177,77.7
16431,481,33,6,9.0,1,109,136.56
16432,481,89,3,10.0,2,101,228.5
16433,481,120,3,11.0,1,168,18.02
16434,481,3,5,,1,73,184.85
16435,481,47,6,14.0,4,88,279.24
16436,481,98,1,,2,107,89.1
16437,481,61,1,12.0,2,115,327.21
16438,481,4,2,11.0,2,68,118.68
16439,482,47,2,,2,168,279.24
16440,482,59,6,2.0,2,93,149.07
16441,482,36,6,2.0,1,37,112.83
16442,482,32,2,10.0,2,246,360.05
16443,482,102,5,13.0,1,141,332.57
16444,482,70,4,6.0,3,198,18.65
16445,482,39,1,3.0,1,186,170.58
16446,482,4,2,7.0,1,162,118.68
16447,482,57,3,13.0,3,132,184.4
16448,482,106,5,11.0,1,66,57.07
16449,482,4,4,14.0,1,76,118.68
16450,482,59,5,11.0,2,238,149.07
16451,482,21,5,4.0,1,200,307.9
16452,482,45,3,1.0,2,81,193.58
16453,482,69,3,1.0,1,60,334.17
16454,482,10060,3,8.0,1,199,393.57
16455,482,107,1,12.0,1,77,87.15
16456,482,20,2,13.0,1,169,344.59
16457,482,10060,3,6.0,3,176,393.57
16458,482,9,1,4.0,1,215,254.72
16459,482,45,1,4.0,2,93,193.58
16460,482,60,4,5.0,1,138,393.57
16461,482,95,5,6.0,2,228,245.29
16462,482,91,6,3.0,1,1,177.83
16463,482,73,2,15.0,1,73,352.8
16464,482,113,4,4.0,2,117,268.21
16465,482,87,2,10.0,1,123,267.42
16466,482,16,4,4.0,1,36,359.33
16467,482,39,6,8.0,2,41,170.58
16468,482,24,3,5.0,2,90,204.05
16469,482,118,5,2.0,2,139,102.4
16470,482,75,5,10.0,1,24,45.02
16471,482,14,1,4.0,1,223,354.1
16472,482,88,1,,4,237,52.66
16473,482,78,5,,3,185,386.82
16474,482,10055,3,9.0,1,64,268.55
16475,482,111,2,7.0,1,174,299.51
16476,482,85,4,14.0,1,17,173.66
16477,482,120,4,15.0,3,153,18.02
16478,482,25,3,11.0,2,96,381.49
16479,483,95,2,3.0,2,65,245.29
16480,483,52,6,5.0,1,161,29.05
16481,483,27,5,15.0,2,195,25.05
16482,483,24,2,8.0,2,152,204.05
16483,483,66,2,,5,220,134.76
16484,483,14,3,9.0,2,42,354.1
16485,483,26,2,4.0,3,184,196.47
16486,483,9,5,13.0,3,99,254.72
16487,483,82,5,3.0,3,102,393.73
16488,483,23,2,2.0,2,17,204.06
16489,483,37,2,5.0,2,126,374.33
16490,483,50,2,9.0,2,140,191.76
16491,483,46,3,4.0,1,247,2.86
16492,483,69,6,5.0,1,75,334.17
16493,483,91,4,5.0,3,132,177.83
16494,483,43,4,5.0,2,126,40.97
16495,483,119,4,9.0,1,15,399.96
16496,483,107,4,1.0,1,247,87.15
16497,483,56,5,5.0,2,11,269.33
16498,483,119,1,4.0,1,95,399.96
16499,484,39,1,1.0,1,121,170.58
16500,484,108,3,2.0,2,182,167.48
16501,484,41,3,12.0,5,203,77.7
16502,484,25,4,4.0,2,182,381.49
16503,484,117,5,12.0,1,149,132.08
16504,484,101,2,1.0,2,184,380.12
16505,484,112,1,9.0,3,223,89.33
16506,484,86,5,6.0,1,157,266.03
16507,484,81,5,10.0,2,45,45.14
16508,484,87,6,13.0,2,221,267.42
16509,484,107,5,13.0,2,15,87.15
16510,484,30,5,5.0,4,126,349.23
16511,484,68,4,5.0,4,109,31.95
16512,484,93,4,11.0,2,166,39.17
16513,484,69,4,,1,4,334.17
16514,484,5,6,1.0,1,245,282.42
16515,484,69,4,14.0,2,25,334.17
16516,484,110,3,,2,119,4.35
16517,484,3,2,11.0,1,119,184.85
16518,484,65,2,4.0,1,124,38.73
16519,484,87,4,7.0,4,39,267.42
16520,484,45,1,5.0,1,118,193.58
16521,484,12,5,10.0,1,189,322.41
16522,484,95,5,12.0,1,176,245.29
16523,484,30,1,9.0,1,201,349.23
16524,484,57,1,10.0,1,151,184.4
16525,484,62,3,8.0,1,20,107.26
16526,484,110,6,,1,50,4.35
16527,484,69,4,11.0,1,104,334.17
16528,484,116,6,2.0,1,197,74.33
16529,485,119,2,2.0,1,175,399.96
16530,485,54,1,1.0,1,243,263.63
16531,485,118,6,10.0,2,223,102.4
16532,485,30,5,5.0,1,144,349.23
16533,485,8,2,11.0,1,88,268.73
16534,485,74,2,8.0,1,80,345.9
16535,485,19,1,10.0,2,129,153.88
16536,485,47,6,8.0,1,199,279.24
16537,485,73,1,7.0,5,214,352.8
16538,485,86,5,6.0,2,64,266.03
16539,485,112,4,9.0,2,16,89.33
16540,485,31,5,11.0,1,140,276.57
16541,485,67,1,13.0,1,163,177.85
16542,485,24,5,4.0,2,18,204.05
16543,485,42,6,3.0,1,84,186.13
16544,485,38,2,3.0,1,24,323.38
16545,485,16,2,9.0,3,221,359.33
16546,485,24,5,13.0,4,44,204.05
16547,485,34,3,14.0,2,120,4.86
16548,485,85,3,5.0,1,234,173.66
16549,485,23,1,10.0,1,180,204.06
16550,485,104,3,15.0,1,179,194.87
16551,485,91,2,3.0,1,45,177.83
16552,485,60,5,11.0,1,29,393.57
16553,485,43,6,14.0,2,141,40.97
16554,485,89,6,5.0,2,188,228.5
16555,485,96,5,2.0,2,104,231.12
16556,485,60,2,13.0,2,55,393.57
16557,485,32,3,1.0,1,119,360.05
16558,485,48,1,4.0,1,74,77.58
16559,485,47,4,13.0,2,152,279.24
16560,485,45,3,1.0,1,228,193.58
16561,485,54,1,6.0,2,82,263.63
16562,485,102,4,1.0,1,31,332.57
16563,485,13,6,4.0,2,208,350.79
16564,485,1,4,1.0,3,152,382.97
16565,485,13,2,15.0,1,151,350.79
16566,485,22,4,11.0,4,233,182.58
16567,485,98,4,13.0,2,29,89.1
16568,485,76,4,5.0,1,237,327.0
16569,485,60,5,6.0,1,10,393.57
16570,485,73,6,,2,163,352.8
16571,485,59,3,4.0,3,194,149.07
16572,486,100,2,12.0,2,178,320.96
16573,486,113,1,4.0,1,43,268.21
16574,486,106,1,13.0,2,30,57.07
16575,486,104,3,5.0,2,28,194.87
16576,486,46,6,15.0,2,243,2.86
16577,486,11,2,13.0,1,95,274.48
16578,486,6,5,14.0,1,1,342.42
16579,486,70,5,1.0,2,100,18.65
16580,486,48,5,14.0,1,58,77.58
16581,486,107,1,14.0,1,15,87.15
16582,486,93,1,6.0,1,34,39.17
16583,486,114,5,7.0,3,138,392.33
16584,486,104,1,5.0,2,68,194.87
16585,486,3,4,11.0,2,187,184.85
16586,486,18,3,10.0,1,68,65.67
16587,486,83,5,7.0,2,228,19.67
16588,486,16,4,,1,115,359.33
16589,486,37,1,6.0,1,174,374.33
16590,486,4,6,6.0,2,33,118.68
16591,486,45,1,7.0,3,63,193.58
16592,486,44,3,14.0,2,182,370.69
16593,486,57,5,6.0,4,57,184.4
16594,486,39,3,13.0,1,227,170.58
16595,486,45,6,15.0,3,235,193.58
16596,486,120,1,11.0,5,212,18.02
16597,486,108,2,13.0,1,185,167.48
16598,486,26,3,,1,138,196.47
16599,486,46,1,3.0,3,232,2.86
16600,486,116,5,12.0,2,26,74.33
16601,486,54,6,9.0,1,95,263.63
16602,486,120,1,11.0,1,106,18.02
16603,486,89,5,12.0,1,189,228.5
16604,486,113,6,8.0,1,197,268.21
16605,486,48,4,11.0,1,136,77.58
16606,486,53,5,13.0,1,135,99.99
16607,486,51,1,10.0,1,113,384.39
16608,486,53,5,9.0,4,145,99.99
16609,487,17,6,,1,128,198.42
16610,487,5,2,10.0,2,150,282.42
16611,487,54,3,1.0,1,11,263.63
16612,487,120,2,1.0,2,137,18.02
16613,487,72,5,9.0,1,70,389.59
16614,487,24,1,11.0,3,97,204.05
16615,487,104,1,5.0,1,214,194.87
16616,487,50,1,13.0,2,105,191.76
16617,487,61,5,2.0,3,213,327.21
16618,487,81,4,1.0,2,176,45.14
16619,487,20,4,11.0,2,129,344.59
16620,487,108,4,10.0,1,225,167.48
16621,487,72,3,1.0,2,134,389.59
16622,487,97,2,2.0,1,249,99.11
16623,487,17,4,13.0,2,212,198.42
16624,487,49,3,9.0,2,41,217.79
16625,487,80,5,8.0,2,38,351.06
16626,487,105,3,12.0,2,179,115.72
16627,487,80,4,14.0,3,104,351.06
16628,487,6,3,9.0,2,126,342.42
16629,487,77,2,10.0,2,135,11.42
16630,487,57,6,5.0,1,32,184.4
16631,487,46,3,11.0,3,94,2.86
16632,487,61,4,10.0,2,98,327.21
16633,487,23,5,3.0,2,93,204.06
16634,487,102,3,6.0,2,232,332.57
16635,487,56,3,9.0,1,59,269.33
16636,487,26,1,10.0,1,248,196.47
16637,487,21,1,14.0,1,216,307.9
16638,487,112,6,11.0,1,64,89.33
16639,487,86,5,7.0,1,197,266.03
16640,487,34,5,4.0,2,172,4.86
16641,487,6,4,10.0,2,27,342.42
16642,487,23,3,9.0,2,220,204.06
16643,487,80,4,11.0,2,106,351.06
16644,487,118,4,15.0,1,199,102.4
16645,487,47,6,14.0,2,209,279.24
16646,487,79,4,9.0,2,97,272.45
16647,487,102,2,13.0,1,226,332.57
16648,487,30,3,5.0,3,171,349.23
16649,487,47,1,5.0,2,79,279.24
16650,487,70,3,1.0,3,190,18.65
16651,487,5,2,,2,128,282.42
16652,487,84,6,5.0,4,62,288.33
16653,487,30,3,2.0,2,83,349.23
16654,487,41,5,8.0,2,155,77.7
16655,487,25,3,15.0,5,161,381.49
16656,487,51,5,4.0,1,139,384.39
16657,487,10,2,8.0,2,5,153.02
16658,487,61,1,11.0,1,49,327.21
16659,487,98,1,2.0,2,130,89.1
16660,488,50,6,12.0,1,12,191.76
16661,488,68,2,12.0,2,21,31.95
16662,488,57,4,15.0,2,165,184.4
16663,488,3,3,13.0,1,77,184.85
16664,488,1,3,,3,16,382.97
16665,488,113,1,2.0,2,136,268.21
16666,488,54,1,3.0,2,16,263.63
16667,488,16,5,13.0,4,99,359.33
16668,488,72,4,12.0,2,188,389.59
16669,488,75,1,3.0,2,63,45.02
16670,488,53,6,7.0,1,58,99.99
16671,488,45,4,1.0,2,163,193.58
16672,488,100,1,10.0,2,175,320.96
16673,488,19,6,10.0,1,37,153.88
16674,488,22,1,10.0,1,165,182.58
16675,488,101,2,,2,211,380.12
16676,488,34,6,6.0,1,146,4.86
16677,488,47,4,15.0,1,165,279.24
16678,488,110,2,8.0,2,11,4.35
16679,488,44,4,8.0,1,79,370.69
16680,488,82,4,7.0,1,39,393.73
16681,488,90,3,9.0,1,79,85.65
16682,488,67,6,15.0,2,69,177.85
16683,488,11,4,11.0,2,147,274.48
16684,488,54,6,11.0,2,83,263.63
16685,488,22,6,7.0,1,137,182.58
16686,488,9,3,6.0,2,85,254.72
16687,488,118,1,6.0,2,224,102.4
16688,488,2,3,14.0,2,25,144.87
16689,488,25,6,6.0,2,150,381.49
16690,488,14,6,11.0,4,108,354.1
16691,488,30,1,9.0,2,133,349.23
16692,488,44,3,2.0,1,108,370.69
16693,488,55,1,10.0,1,191,268.55
16694,489,10055,2,4.0,2,84,268.55
16695,489,112,3,1.0,2,157,89.33
16696,489,4,6,10.0,1,213,118.68
16697,489,116,3,5.0,2,246,74.33
16698,489,71,1,10.0,1,82,273.46
16699,489,20,6,3.0,2,210,344.59
16700,489,43,3,10.0,1,198,40.97
16701,489,89,6,1.0,5,130,228.5
16702,489,90,6,8.0,1,36,85.65
16703,489,44,1,15.0,2,129,370.69
16704,489,72,6,4.0,1,78,389.59
16705,489,11,1,7.0,2,58,274.48
16706,489,95,4,4.0,2,95,245.29
16707,489,76,5,1.0,1,115,327.0
16708,489,41,3,9.0,1,140,77.7
16709,489,20,2,5.0,3,8,344.59
16710,489,58,1,12.0,2,145,86.84
16711,489,117,4,5.0,1,231,132.08
16712,489,68,2,9.0,1,39,31.95
16713,489,57,3,9.0,2,239,184.4
16714,489,68,1,9.0,2,196,31.95
16715,489,108,3,4.0,1,28,167.48
16716,489,75,2,10.0,1,57,45.02
16717,489,81,5,11.0,1,56,45.14
16718,489,65,4,7.0,1,202,38.73
16719,489,49,2,12.0,1,182,217.79
16720,489,115,6,9.0,2,19,265.87
16721,489,82,3,8.0,1,93,393.73
16722,489,59,2,15.0,2,105,149.07
16723,489,68,1,12.0,4,118,31.95
16724,489,13,1,5.0,1,119,350.79
16725,489,68,6,2.0,2,208,31.95
16726,489,84,1,,3,51,288.33
16727,490,7,2,3.0,1,220,255.0
16728,490,42,1,3.0,2,136,186.13
16729,490,17,3,13.0,1,216,198.42
16730,490,113,6,15.0,2,62,268.21
16731,490,97,1,1.0,1,230,99.11
16732,490,65,3,12.0,1,95,38.73
16733,490,94,5,9.0,2,19,323.01
16734,490,52,6,14.0,1,247,29.05
16735,490,108,4,,2,143,167.48
16736,490,27,5,13.0,2,33,25.05
16737,490,87,2,4.0,1,104,267.42
16738,490,78,4,9.0,1,130,386.82
16739,490,35,3,10.0,2,74,362.36
16740,490,12,4,15.0,2,35,322.41
16741,490,53,2,12.0,1,142,99.99
16742,490,21,4,6.0,1,215,307.9
16743,490,47,4,14.0,2,204,279.24
16744,490,65,4,5.0,2,245,38.73
16745,490,115,3,1.0,2,248,265.87
16746,490,3,2,14.0,2,150,184.85
16747,490,46,1,4.0,2,182,2.86
16748,490,90,3,4.0,3,220,85.65
16749,490,104,2,10.0,2,46,194.87
16750,490,84,4,10.0,3,45,288.33
16751,490,118,6,11.0,1,42,102.4
16752,490,61,3,14.0,1,66,327.21
16753,490,119,5,15.0,1,182,399.96
16754,491,8,2,4.0,2,110,268.73
16755,491,12,2,10.0,2,201,322.41
16756,491,20,2,9.0,1,183,344.59
16757,491,92,3,11.0,1,165,69.54
16758,491,13,2,7.0,1,167,350.79
16759,491,1,4,7.0,2,110,382.97
16760,491,58,6,5.0,1,167,86.84
16761,491,98,1,1.0,2,127,89.1
16762,491,30,6,10.0,2,157,349.23
16763,491,31,2,9.0,1,159,276.57
16764,491,41,1,12.0,2,111,77.7
16765,491,112,1,3.0,2,52,89.33
16766,491,113,1,7.0,5,234,268.21
16767,491,100,4,9.0,1,249,320.96
16768,491,117,3,12.0,2,127,132.08
16769,491,92,3,6.0,1,116,69.54
16770,491,9,5,5.0,1,33,254.72
16771,491,65,2,11.0,1,3,38.73
16772,491,47,6,2.0,4,21,279.24
16773,491,102,5,8.0,1,177,332.57
16774,491,48,6,11.0,2,76,77.58
16775,491,10060,3,14.0,1,44,393.57
16776,491,84,2,13.0,1,129,288.33
16777,491,84,2,7.0,2,1,288.33
16778,491,62,6,12.0,1,245,107.26
16779,491,100,5,,3,83,320.96
16780,491,55,6,11.0,2,142,268.55
16781,491,106,2,13.0,1,89,57.07
16782,491,13,5,8.0,1,102,350.79
16783,491,11,1,10.0,3,115,274.48
16784,491,26,1,9.0,2,230,196.47
16785,491,55,6,15.0,4,238,268.55
16786,491,32,3,11.0,2,143,360.05
16787,491,107,5,6.0,1,210,87.15
16788,491,60,5,11.0,2,114,393.57
16789,491,34,5,9.0,1,43,4.86
16790,491,72,6,6.0,2,31,389.59
16791,491,14,1,15.0,2,150,354.1
16792,491,33,4,4.0,1,13,136.56
16793,491,70,1,11.0,2,2,18.65
16794,492,23,6,3.0,2,218,204.06
16795,492,36,4,,2,21,112.83
16796,492,12,3,15.0,2,216,322.41
16797,492,10096,6,12.0,1,205,231.12
16798,492,94,5,6.0,1,88,323.01
16799,492,78,6,14.0,2,155,386.82
16800,492,113,2,9.0,2,26,268.21
16801,492,33,1,5.0,3,126,136.56
16802,492,75,4,5.0,1,111,45.02
16803,492,43,5,2.0,1,77,40.97
16804,492,118,5,11.0,1,205,102.4
16805,492,85,2,5.0,1,49,173.66
16806,492,13,1,14.0,2,114,350.79
16807,492,1,5,11.0,3,1,382.97
16808,492,92,1,4.0,2,88,69.54
16809,492,86,5,2.0,2,226,266.03
16810,492,57,2,7.0,2,98,184.4
16811,492,8,1,3.0,4,83,268.73
16812,492,26,3,8.0,2,157,196.47
16813,492,18,5,11.0,2,8,65.67
16814,492,77,2,6.0,2,148,11.42
16815,492,105,4,12.0,1,137,115.72
16816,492,106,5,8.0,2,172,57.07
16817,492,14,3,2.0,1,193,354.1
16818,492,117,2,13.0,2,175,132.08
16819,492,112,3,6.0,1,180,89.33
16820,492,9,6,1.0,2,93,254.72
16821,492,105,4,11.0,4,230,115.72
16822,492,45,3,15.0,2,84,193.58
16823,492,62,5,1.0,1,31,107.26
16824,492,56,6,,1,76,269.33
16825,492,73,6,6.0,2,132,352.8
16826,492,25,5,9.0,3,194,381.49
16827,492,77,1,12.0,1,176,11.42
16828,492,52,3,2.0,1,73,29.05
16829,492,46,1,4.0,1,46,2.86
16830,492,16,2,9.0,2,165,359.33
16831,492,73,1,14.0,3,41,352.8
16832,492,17,6,10.0,2,27,198.42
16833,492,77,4,6.0,1,229,11.42
16834,492,20,4,8.0,2,180,344.59
16835,492,34,1,13.0,1,151,4.86
16836,492,89,3,2.0,1,135,228.5
16837,492,120,1,10.0,3,222,18.02
16838,492,50,1,1.0,1,220,191.76
16839,493,17,3,,1,33,198.42
16840,493,10096,2,1.0,2,8,231.12
16841,493,24,4,9.0,2,83,204.05
16842,493,115,5,14.0,1,82,265.87
16843,493,106,2,7.0,2,174,57.07
16844,493,9,5,8.0,2,232,254.72
16845,493,103,3,4.0,2,186,105.16
16846,493,62,3,7.0,1,59,107.26
16847,493,69,4,1.0,2,57,334.17
16848,493,105,5,4.0,1,158,115.72
16849,493,69,2,10.0,2,132,334.17
16850,493,10118,2,2.0,2,151,102.4
16851,493,14,4,4.0,1,3,354.1
16852,493,25,1,7.0,1,80,381.49
16853,493,42,5,9.0,1,149,186.13
16854,493,63,3,11.0,4,210,114.14
16855,493,41,6,4.0,2,235,77.7
16856,493,25,1,15.0,2,213,381.49
16857,493,86,5,,2,192,266.03
16858,493,109,1,8.0,1,62,378.53
16859,493,119,2,1.0,2,137,399.96
16860,493,90,4,14.0,4,185,85.65
16861,493,24,2,10.0,1,74,204.05
16862,493,12,1,10.0,2,130,322.41
16863,493,8,3,2.0,2,105,268.73
16864,494,25,2,3.0,1,143,381.49
16865,494,105,6,8.0,2,202,115.72
16866,494,14,3,15.0,2,155,354.1
16867,494,53,4,7.0,5,90,99.99
16868,494,56,6,12.0,1,3,269.33
16869,494,107,4,7.0,1,158,87.15
16870,494,102,2,11.0,2,114,332.57
16871,494,115,2,12.0,2,238,265.87
16872,494,53,4,10.0,2,6,99.99
16873,494,27,4,2.0,2,215,25.05
16874,494,102,2,15.0,1,175,332.57
16875,494,57,3,7.0,1,125,184.4
16876,494,10118,3,9.0,1,45,102.4
16877,494,111,1,5.0,1,127,299.51
16878,494,89,2,,2,152,228.5
16879,494,74,6,,1,115,345.9
16880,494,66,5,2.0,1,223,134.76
16881,494,28,6,6.0,2,108,195.42
16882,494,4,4,11.0,2,17,118.68
16883,494,76,1,12.0,2,124,327.0
16884,494,36,6,8.0,1,45,112.83
16885,494,23,1,13.0,4,95,204.06
16886,494,2,5,,2,27,144.87
16887,494,117,1,5.0,1,170,132.08
16888,494,102,5,3.0,2,33,332.57
16889,494,53,5,8.0,1,63,99.99
16890,494,36,2,10.0,1,69,112.83
16891,494,48,2,10.0,1,134,77.58
16892,494,24,6,1.0,2,224,204.05
16893,494,109,5,2.0,1,101,378.53
16894,494,52,3,6.0,2,18,29.05
16895,494,63,4,13.0,2,194,114.14
16896,494,86,3,11.0,1,111,266.03
16897,495,68,6,5.0,1,162,31.95
16898,495,43,6,,1,62,40.97
16899,495,35,4,12.0,1,13,362.36
16900,495,107,1,3.0,2,115,87.15
16901,495,52,3,,2,205,29.05
16902,495,32,1,14.0,1,93,360.05
16903,495,65,3,11.0,3,201,38.73
16904,495,107,6,7.0,5,231,87.15
16905,495,17,2,2.0,1,156,198.42
16906,495,93,6,8.0,1,231,39.17
16907,495,84,3,4.0,1,154,288.33
16908,495,64,1,7.0,2,57,254.43
16909,495,56,1,15.0,5,209,269.33
16910,495,109,6,11.0,1,16,378.53
16911,495,79,5,14.0,1,137,272.45
16912,495,120,6,8.0,2,206,18.02
16913,495,53,4,10.0,2,247,99.99
16914,495,84,1,14.0,1,235,288.33
16915,495,63,6,3.0,1,249,114.14
16916,495,36,2,,2,164,112.83
16917,495,113,5,3.0,2,163,268.21
16918,495,98,4,2.0,2,50,89.1
16919,495,44,4,9.0,1,249,370.69
16920,495,57,6,5.0,1,212,184.4
16921,495,36,5,4.0,1,216,112.83
16922,495,60,3,10.0,1,242,393.57
16923,495,65,5,8.0,1,177,38.73
16924,495,2,1,6.0,4,28,144.87
16925,496,72,2,14.0,3,231,389.59
16926,496,22,3,4.0,1,68,182.58
16927,496,109,1,3.0,1,45,378.53
16928,496,29,5,7.0,1,7,264.58
16929,496,74,2,9.0,2,224,345.9
16930,496,120,2,12.0,4,239,18.02
16931,496,80,4,15.0,2,108,351.06
16932,496,20,5,4.0,1,171,344.59
16933,496,116,1,4.0,3,44,74.33
16934,496,42,2,5.0,2,3,186.13
16935,496,108,2,2.0,1,124,167.48
16936,496,96,5,1.0,4,103,231.12
16937,496,110,5,9.0,1,190,4.35
16938,496,59,6,1.0,1,163,149.07
16939,496,22,5,,3,189,182.58
16940,496,52,5,10.0,1,6,29.05
16941,496,106,3,1.0,2,173,57.07
16942,496,24,1,15.0,4,44,204.05
16943,496,99,4,10.0,2,34,21.99
16944,496,22,6,3.0,2,222,182.58
16945,496,43,2,4.0,2,179,40.97
16946,496,38,3,5.0,3,14,323.38
16947,496,24,4,13.0,1,157,204.05
16948,496,119,5,5.0,1,51,399.96
16949,496,2,4,6.0,1,245,144.87
16950,496,10060,2,5.0,2,133,393.57
16951,496,99,5,3.0,1,249,21.99
16952,496,7,4,6.0,1,249,255.0
16953,496,100,3,4.0,2,68,320.96
16954,496,95,3,4.0,2,215,245.29
16955,496,30,4,15.0,3,19,349.23
16956,496,107,3,1.0,1,241,87.15
16957,496,110,6,10.0,2,172,4.35
16958,496,88,6,12.0,2,163,52.66
16959,496,39,3,1.0,1,65,170.58
16960,496,19,3,1.0,1,91,153.88
16961,496,88,4,11.0,1,198,52.66
16962,496,10055,1,13.0,2,97,268.55
16963,496,32,1,9.0,2,198,360.05
16964,496,50,2,11.0,2,209,191.76
16965,497,104,2,1.0,1,181,194.87
16966,497,91,4,9.0,1,143,177.83
16967,497,75,3,8.0,2,189,45.02
16968,497,1,3,12.0,4,41,382.97
16969,497,82,1,4.0,2,133,393.73
16970,497,117,1,11.0,3,10,132.08
16971,497,2,1,9.0,1,13,144.87
16972,497,10055,2,15.0,1,44,268.55
16973,497,10060,1,9.0,1,216,393.57
16974,497,62,5,2.0,3,229,107.26
16975,497,60,5,3.0,1,109,393.57
16976,497,8,1,15.0,1,101,268.73
16977,497,37,2,15.0,1,174,374.33
16978,497,48,2,1.0,3,147,77.58
16979,497,75,1,5.0,2,41,45.02
16980,497,23,6,1.0,4,93,204.06
16981,497,26,2,4.0,2,121,196.47
16982,497,48,5,6.0,1,80,77.58
16983,497,79,4,5.0,1,217,272.45
16984,497,38,4,5.0,1,125,323.38
16985,497,33,5,3.0,1,230,136.56
16986,497,79,1,,1,191,272.45
16987,497,101,1,2.0,1,112,380.12
16988,497,78,4,12.0,2,111,386.82
16989,497,6,3,1.0,2,42,342.42
16990,497,10055,5,6.0,1,9,268.55
16991,497,104,1,14.0,2,45,194.87
16992,497,100,3,2.0,1,92,320.96
16993,497,71,1,15.0,1,211,273.46
16994,498,23,6,9.0,1,29,204.06
16995,498,85,3,14.0,1,62,173.66
16996,498,113,5,,2,58,268.21
16997,498,117,6,10.0,2,146,132.08
16998,498,45,6,14.0,1,127,193.58
16999,498,92,4,5.0,1,166,69.54
17000,498,67,1,12.0,2,143,177.85
17001,498,15,6,7.0,1,37,100.16
17002,498,82,3,10.0,1,22,393.73
17003,498,86,6,13.0,2,147,266.03
17004,498,30,2,15.0,1,79,349.23
17005,498,119,6,,1,187,399.96
17006,498,100,6,11.0,1,36,320.96
17007,498,24,4,,1,221,204.05
17008,498,97,4,14.0,2,191,99.11
17009,498,18,4,7.0,3,25,65.67
17010,498,72,3,8.0,2,108,389.59
17011,498,82,4,10.0,4,131,393.73
17012,498,68,5,14.0,2,41,31.95
17013,498,64,3,4.0,2,212,254.43
17014,498,83,5,15.0,2,247,19.67
17015,498,44,2,13.0,2,143,370.69
17016,498,40,5,12.0,2,42,162.24
17017,498,46,6,9.0,1,8,2.86
17018,498,91,1,4.0,3,155,177.83
17019,498,103,2,12.0,2,50,105.16
17020,498,46,2,12.0,1,130,2.86
17021,498,62,3,5.0,1,61,107.26
17022,498,10055,1,3.0,2,239,268.55
17023,498,53,2,10.0,3,241,99.99
17024,499,39,3,7.0,1,167,170.58
17025,499,24,3,11.0,1,109,204.05
17026,499,1,1,15.0,2,237,382.97
17027,499,52,6,7.0,2,1,29.05
17028,499,105,1,11.0,2,87,115.72
17029,499,46,3,9.0,3,241,2.86
17030,499,16,6,13.0,4,189,359.33
17031,499,10060,3,9.0,4,93,393.57
17032,499,12,1,13.0,1,200,322.41
17033,499,3,2,,2,176,184.85
17034,499,38,4,6.0,1,119,323.38
17035,499,10118,1,8.0,2,27,102.4
17036,499,15,1,10.0,1,80,100.16
17037,499,117,6,1.0,2,16,132.08
17038,499,105,4,15.0,1,243,115.72
17039,499,27,2,12.0,1,121,25.05
17040,499,72,1,10.0,2,70,389.59
17041,499,86,3,12.0,2,16,266.03
17042,499,82,3,11.0,1,184,393.73
17043,499,104,1,13.0,2,227,194.87
17044,499,61,6,1.0,1,156,327.21
17045,499,49,6,4.0,1,229,217.79
17046,499,114,4,13.0,2,57,392.33
17047,500,49,2,1.0,2,215,217.79
17048,500,4,3,13.0,1,167,118.68
17049,500,6,5,4.0,1,81,342.42
17050,500,107,5,9.0,1,245,87.15
17051,500,88,5,14.0,2,59,52.66
17052,500,38,5,12.0,1,131,323.38
17053,500,53,5,14.0,1,68,99.99
17054,500,85,2,10.0,1,203,173.66
17055,500,98,1,14.0,1,37,89.1
17056,500,64,5,5.0,2,33,254.43
17057,500,53,6,,3,39,99.99
17058,500,97,6,11.0,1,147,99.11
17059,500,80,1,3.0,1,91,351.06
17060,500,90,2,13.0,2,150,85.65
17061,500,14,1,1.0,2,86,354.1
17062,500,112,1,2.0,2,48,89.33
17063,500,87,3,12.0,2,229,267.42
17064,500,1,6,7.0,1,126,382.97
17065,500,115,2,10.0,1,32,265.87
17066,500,22,2,1.0,2,226,182.58
17067,500,93,3,15.0,3,79,39.17
17068,500,25,3,7.0,1,184,381.49
17069,500,100,5,10.0,2,28,320.96
17070,500,8,2,,1,204,268.73
17071,500,111,4,4.0,1,6,299.51
17072,500,93,6,4.0,2,131,39.17
17073,500,41,6,13.0,2,226,77.7
17074,500,50,1,3.0,5,143,191.76
17075,500,25,3,5.0,1,61,381.49
17076,500,89,3,5.0,2,45,228.5
17077,500,94,1,12.0,2,210,323.01
17078,500,46,3,5.0,1,146,2.86
17079,500,97,4,11.0,3,188,99.11
17080,500,20,5,6.0,1,236,344.59
17081,500,53,6,10.0,2,102,99.99
17082,500,115,2,11.0,2,104,265.87
17083,500,54,2,14.0,2,50,263.63
17084,500,19,4,11.0,2,154,153.88
17085,501,112,5,9.0,2,53,89.33
17086,501,28,3,10.0,1,69,195.42
17087,501,118,4,10.0,1,241,102.4
17088,501,108,6,1.0,4,156,167.48
17089,501,61,6,2.0,2,38,327.21
17090,501,65,5,14.0,2,1,38.73
17091,501,9,6,7.0,3,226,254.72
17092,501,46,1,10.0,2,14,2.86
17093,501,54,2,5.0,2,78,263.63
17094,501,48,2,14.0,1,52,77.58
17095,501,95,3,15.0,1,218,245.29
17096,501,19,5,12.0,1,54,153.88
17097,501,86,3,11.0,1,239,266.03
17098,501,99,1,7.0,2,205,21.99
17099,501,117,3,5.0,1,127,132.08
17100,501,101,2,3.0,1,87,380.12
17101,501,89,6,8.0,1,26,228.5
17102,501,76,5,,2,82,327.0
17103,501,51,5,10.0,2,110,384.39
17104,501,111,5,5.0,1,195,299.51
17105,501,82,1,3.0,2,30,393.73
17106,501,55,5,11.0,2,242,268.55
17107,501,76,3,6.0,2,58,327.0
17108,501,35,2,2.0,1,165,362.36
17109,501,60,3,7.0,3,64,393.57
17110,501,102,6,6.0,4,159,332.57
17111,501,62,1,10.0,4,114,107.26
17112,501,8,4,4.0,4,146,268.73
17113,501,28,3,13.0,4,7,195.42
17114,501,1,5,4.0,2,23,382.97
17115,501,89,5,11.0,2,150,228.5
17116,501,42,5,5.0,2,177,186.13
17117,501,32,4,12.0,1,183,360.05
17118,501,75,1,10.0,1,13,45.02
17119,501,16,5,15.0,1,123,359.33
17120,501,21,1,13.0,1,161,307.9
17121,501,35,6,10.0,1,126,362.36
17122,501,36,5,8.0,2,175,112.83
17123,501,59,6,5.0,3,94,149.07
17124,501,3,4,15.0,2,93,184.85
17125,501,51,5,9.0,4,7,384.39
17126,501,63,4,15.0,1,147,114.14
17127,502,92,1,11.0,1,49,69.54
17128,502,89,5,8.0,2,173,228.5
17129,502,120,1,14.0,2,229,18.02
17130,502,80,2,8.0,1,15,351.06
17131,502,75,3,10.0,2,100,45.02
17132,502,105,3,8.0,1,149,115.72
17133,502,86,5,9.0,2,149,266.03
17134,502,77,3,4.0,1,171,11.42
17135,502,48,2,6.0,1,189,77.58
17136,502,36,6,11.0,3,8,112.83
17137,502,38,3,5.0,1,35,323.38
17138,502,37,6,4.0,3,210,374.33
17139,502,118,4,6.0,1,30,102.4
17140,502,76,5,15.0,2,160,327.0
17141,502,26,4,14.0,1,247,196.47
17142,502,6,2,14.0,2,24,342.42
17143,502,63,5,4.0,1,48,114.14
17144,502,16,1,,1,172,359.33
17145,502,44,5,8.0,3,34,370.69
17146,502,108,3,6.0,2,171,167.48
17147,502,76,5,7.0,1,179,327.0
17148,502,117,6,,1,21,132.08
17149,502,60,2,1.0,2,241,393.57
17150,502,56,1,3.0,4,13,269.33
17151,502,10,3,11.0,1,35,153.02
17152,502,84,1,3.0,2,124,288.33
17153,502,77,5,10.0,2,76,11.42
17154,502,79,3,11.0,2,15,272.45
17155,502,97,1,10.0,2,210,99.11
17156,502,110,2,3.0,2,229,4.35
17157,502,113,5,13.0,3,181,268.21
17158,502,49,4,9.0,4,168,217.79
17159,502,53,6,,1,204,99.99
17160,502,95,2,13.0,1,181,245.29
17161,502,63,1,10.0,3,229,114.14
17162,503,35,1,1.0,1,123,362.36
17163,503,89,5,8.0,2,153,228.5
17164,503,114,4,13.0,2,157,392.33
17165,503,77,3,10.0,1,217,11.42
17166,503,49,6,15.0,2,73,217.79
17167,503,60,3,14.0,2,77,393.57
17168,503,55,2,4.0,2,78,268.55
17169,503,120,6,1.0,2,23,18.02
17170,503,4,2,5.0,1,52,118.68
17171,503,34,2,15.0,2,114,4.86
17172,503,8,1,10.0,1,118,268.73
17173,503,45,4,3.0,1,117,193.58
17174,503,78,2,11.0,3,141,386.82
17175,503,48,1,10.0,1,100,77.58
17176,503,66,2,15.0,2,134,134.76
17177,503,91,5,,2,145,177.83
17178,503,119,2,4.0,2,136,399.96
17179,503,65,4,10.0,1,164,38.73
17180,503,87,1,8.0,2,39,267.42
17181,503,44,2,9.0,1,28,370.69
17182,503,110,1,10.0,1,199,4.35
17183,503,65,4,12.0,2,7,38.73
17184,503,27,5,14.0,1,116,25.05
17185,503,35,2,5.0,2,91,362.36
17186,503,89,3,4.0,2,136,228.5
17187,503,105,5,3.0,2,130,115.72
17188,503,79,4,12.0,2,30,272.45
17189,503,60,3,10.0,1,140,393.57
17190,503,15,1,1.0,2,158,100.16
17191,503,53,4,15.0,2,3,99.99
17192,503,70,5,15.0,2,168,18.65
17193,503,78,1,3.0,4,131,386.82
17194,503,10118,4,4.0,1,142,102.4
17195,503,5,1,2.0,2,87,282.42
17196,503,37,1,15.0,2,197,374.33
17197,503,26,3,7.0,3,215,196.47
17198,503,8,4,,2,81,268.73
17199,503,80,4,12.0,1,126,351.06
17200,503,11,5,9.0,1,106,274.48
17201,503,26,1,8.0,2,109,196.47
17202,503,7,5,12.0,1,160,255.0
17203,503,92,4,6.0,1,63,69.54
17204,504,48,6,14.0,2,107,77.58
17205,504,51,6,7.0,2,155,384.39
17206,504,106,1,8.0,1,158,57.07
17207,504,72,5,15.0,2,56,389.59
17208,504,29,3,4.0,1,114,264.58
17209,504,6,1,9.0,1,223,342.42
17210,504,8,2,5.0,1,174,268.73
17211,504,104,1,,1,108,194.87
17212,504,107,5,4.0,2,200,87.15
17213,504,60,2,14.0,1,241,393.57
17214,504,20,2,1.0,3,239,344.59
17215,504,92,1,15.0,2,91,69.54
17216,504,74,4,2.0,2,64,345.9
17217,504,22,1,4.0,1,6,182.58
17218,504,10,4,5.0,2,129,153.02
17219,504,3,3,,1,198,184.85
17220,504,22,3,13.0,2,226,182.58
17221,504,100,2,14.0,2,155,320.96
17222,504,92,3,15.0,1,100,69.54
17223,504,21,4,6.0,1,144,307.9
17224,504,70,6,4.0,1,77,18.65
17225,504,20,2,14.0,2,2,344.59
17226,504,66,3,15.0,3,44,134.76
17227,504,28,4,10.0,2,22,195.42
17228,504,14,2,6.0,1,205,354.1
17229,504,40,5,12.0,1,242,162.24
17230,504,44,3,3.0,3,87,370.69
17231,504,66,4,13.0,5,161,134.76
17232,504,69,1,14.0,1,53,334.17
17233,504,108,4,13.0,1,149,167.48
17234,504,81,5,1.0,2,204,45.14
17235,504,12,2,14.0,1,189,322.41
17236,505,13,2,7.0,1,238,350.79
17237,505,15,6,6.0,1,237,100.16
17238,505,71,1,7.0,2,134,273.46
17239,505,98,6,14.0,1,110,89.1
17240,505,22,6,14.0,1,191,182.58
17241,505,22,2,13.0,3,36,182.58
17242,505,114,3,8.0,1,197,392.33
17243,505,68,4,9.0,1,222,31.95
17244,505,65,5,15.0,3,59,38.73
17245,505,53,5,1.0,2,180,99.99
17246,505,44,1,4.0,1,96,370.69
17247,505,94,4,9.0,2,200,323.01
17248,505,61,6,13.0,1,212,327.21
17249,505,101,1,8.0,1,6,380.12
17250,505,48,2,1.0,2,194,77.58
17251,505,103,1,9.0,1,152,105.16
17252,505,52,1,11.0,2,77,29.05
17253,505,94,4,7.0,2,172,323.01
17254,505,105,1,5.0,2,147,115.72
17255,505,26,3,,2,16,196.47
17256,505,105,4,2.0,1,213,115.72
17257,505,110,6,11.0,2,95,4.35
17258,505,41,3,6.0,2,44,77.7
17259,505,48,5,3.0,1,150,77.58
17260,505,47,1,6.0,2,38,279.24
17261,505,13,1,11.0,1,222,350.79
17262,505,40,1,10.0,1,145,162.24
17263,505,80,6,5.0,1,105,351.06
17264,505,77,4,12.0,1,243,11.42
17265,505,29,3,6.0,1,184,264.58
17266,505,41,4,4.0,2,77,77.7
17267,505,48,3,1.0,2,40,77.58
17268,505,101,1,11.0,1,119,380.12
17269,505,77,4,13.0,4,138,11.42
17270,505,70,4,10.0,3,130,18.65
17271,505,66,3,5.0,1,11,134.76
17272,505,7,5,14.0,1,57,255.0
17273,505,15,1,14.0,2,60,100.16
17274,505,98,1,11.0,2,51,89.1
17275,505,15,1,7.0,1,243,100.16
17276,505,77,5,9.0,1,77,11.42
17277,505,55,4,8.0,2,52,268.55
17278,505,36,6,14.0,4,92,112.83
17279,505,116,5,13.0,2,23,74.33
17280,505,115,1,5.0,1,50,265.87
17281,505,99,6,1.0,2,234,21.99
17282,505,74,1,4.0,1,106,345.9
17283,505,90,3,5.0,2,66,85.65
17284,505,115,6,13.0,2,158,265.87
17285,506,18,6,2.0,1,4,65.67
17286,506,2,5,1.0,1,244,144.87
17287,506,82,1,7.0,1,199,393.73
17288,506,81,1,2.0,3,162,45.14
17289,506,60,1,,4,6,393.57
17290,506,40,3,5.0,2,195,162.24
17291,506,116,4,10.0,2,144,74.33
17292,506,19,5,2.0,2,244,153.88
17293,506,33,6,14.0,1,125,136.56
17294,506,90,6,6.0,2,163,85.65
17295,506,83,2,1.0,2,86,19.67
17296,506,10060,3,4.0,4,27,393.57
17297,506,92,2,8.0,2,237,69.54
17298,507,87,5,3.0,1,27,267.42
17299,507,79,6,,1,234,272.45
17300,507,42,1,12.0,1,124,186.13
17301,507,37,5,11.0,2,242,374.33
17302,507,100,4,13.0,2,138,320.96
17303,507,8,2,4.0,2,239,268.73
17304,507,31,5,6.0,1,200,276.57
17305,507,107,6,13.0,2,56,87.15
17306,507,89,1,2.0,2,118,228.5
17307,507,75,6,10.0,1,83,45.02
17308,507,9,5,5.0,3,30,254.72
17309,507,111,5,,1,31,299.51
17310,507,73,1,9.0,3,196,352.8
17311,507,10060,3,2.0,3,15,393.57
17312,507,4,4,14.0,1,151,118.68
17313,507,1,2,9.0,1,160,382.97
17314,507,17,4,8.0,1,124,198.42
17315,507,101,2,11.0,1,84,380.12
17316,507,113,6,13.0,2,223,268.21
17317,507,101,3,9.0,1,152,380.12
17318,507,53,6,13.0,1,109,99.99
17319,507,10,5,6.0,2,96,153.02
17320,507,41,4,12.0,1,125,77.7
17321,507,79,6,6.0,2,231,272.45
17322,507,119,1,7.0,2,171,399.96
17323,507,49,5,2.0,2,234,217.79
17324,508,37,1,15.0,1,82,374.33
17325,508,39,2,14.0,1,155,170.58
17326,508,53,6,13.0,2,111,99.99
17327,508,116,4,7.0,2,158,74.33
17328,508,105,1,8.0,2,143,115.72
17329,508,104,1,1.0,1,67,194.87
17330,508,32,4,12.0,1,165,360.05
17331,508,86,1,10.0,1,247,266.03
17332,508,62,1,4.0,3,79,107.26
17333,508,31,1,2.0,1,95,276.57
17334,508,97,6,1.0,1,18,99.11
17335,508,2,6,9.0,2,79,144.87
17336,508,3,5,5.0,2,89,184.85
17337,508,88,6,15.0,1,60,52.66
17338,508,4,1,1.0,3,39,118.68
17339,508,102,2,13.0,2,164,332.57
17340,508,45,3,6.0,1,116,193.58
17341,508,110,2,5.0,1,247,4.35
17342,508,63,2,9.0,3,19,114.14
17343,508,15,5,11.0,1,183,100.16
17344,508,82,6,14.0,2,95,393.73
17345,508,42,6,10.0,3,98,186.13
17346,508,50,4,12.0,1,112,191.76
17347,508,63,1,4.0,1,75,114.14
17348,508,52,6,9.0,2,57,29.05
17349,508,42,3,6.0,1,28,186.13
17350,508,108,4,14.0,2,11,167.48
17351,508,108,5,7.0,1,165,167.48
17352,508,82,2,7.0,2,245,393.73
17353,508,95,1,14.0,3,230,245.29
17354,508,81,2,2.0,2,192,45.14
17355,508,44,5,9.0,1,248,370.69
17356,508,92,6,3.0,1,137,69.54
17357,508,93,6,9.0,1,59,39.17
17358,508,41,1,14.0,3,179,77.7
17359,508,8,4,6.0,1,168,268.73
17360,508,66,2,3.0,1,43,134.76
17361,508,79,2,6.0,1,131,272.45
17362,508,105,3,10.0,2,237,115.72
17363,508,109,1,1.0,2,185,378.53
17364,508,70,5,6.0,3,38,18.65
17365,508,87,4,2.0,1,189,267.42
17366,508,65,5,6.0,1,129,38.73
17367,508,37,1,14.0,1,132,374.33
17368,508,60,1,13.0,3,36,393.57
17369,509,1,4,7.0,2,26,382.97
17370,509,33,3,12.0,3,3,136.56
17371,509,10055,6,15.0,5,134,268.55
17372,509,4,1,7.0,1,81,118.68
17373,509,24,1,4.0,1,93,204.05
17374,509,78,1,5.0,1,166,386.82
17375,509,110,6,10.0,1,141,4.35
17376,509,49,5,13.0,2,26,217.79
17377,509,17,5,10.0,2,136,198.42
17378,509,99,3,14.0,1,27,21.99
17379,509,5,1,13.0,1,148,282.42
17380,509,51,4,7.0,1,50,384.39
17381,509,42,1,2.0,3,12,186.13
17382,509,34,6,9.0,4,8,4.86
17383,509,29,1,,1,10,264.58
17384,509,79,1,6.0,1,76,272.45
17385,509,62,4,8.0,2,28,107.26
17386,509,45,5,11.0,4,245,193.58
17387,509,36,4,12.0,2,27,112.83
17388,509,66,3,2.0,2,37,134.76
17389,509,79,5,3.0,2,202,272.45
17390,509,78,5,9.0,1,216,386.82
17391,509,31,2,7.0,1,94,276.57
17392,509,85,5,13.0,1,116,173.66
17393,509,9,2,3.0,2,181,254.72
17394,509,90,2,15.0,1,216,85.65
17395,509,56,1,8.0,1,244,269.33
17396,509,5,1,9.0,2,12,282.42
17397,509,100,6,6.0,2,177,320.96
17398,509,24,6,9.0,1,141,204.05
17399,509,71,2,12.0,2,30,273.46
17400,509,66,5,4.0,1,93,134.76
17401,510,48,2,11.0,1,102,77.58
17402,510,3,6,1.0,2,162,184.85
17403,510,40,2,15.0,1,156,162.24
17404,510,66,5,1.0,1,206,134.76
17405,510,43,4,8.0,2,240,40.97
17406,510,98,4,15.0,1,171,89.1
17407,510,20,5,3.0,1,222,344.59
17408,510,43,1,9.0,2,101,40.97
17409,510,25,1,6.0,1,144,381.49
17410,510,89,3,1.0,1,147,228.5
17411,510,68,3,7.0,1,183,31.95
17412,510,100,1,14.0,2,48,320.96
17413,510,94,4,10.0,1,120,323.01
17414,510,25,1,15.0,1,172,381.49
17415,510,10055,2,2.0,3,28,268.55
17416,510,5,5,13.0,2,246,282.42
17417,510,83,2,4.0,2,221,19.67
17418,510,5,4,9.0,3,235,282.42
17419,510,83,4,10.0,1,12,19.67
17420,510,18,1,6.0,1,225,65.67
17421,510,10055,3,7.0,4,164,268.55
17422,510,59,2,8.0,3,97,149.07
17423,510,59,2,8.0,1,169,149.07
17424,510,112,6,12.0,2,107,89.33
17425,510,10118,6,8.0,2,61,102.4
17426,510,54,1,8.0,1,193,263.63
17427,510,5,3,,3,35,282.42
17428,510,13,5,1.0,2,185,350.79
17429,510,66,6,4.0,2,102,134.76
17430,510,111,2,2.0,2,118,299.51
17431,510,82,2,11.0,2,237,393.73
17432,510,46,6,6.0,2,167,2.86
17433,510,19,4,15.0,2,66,153.88
17434,511,10118,3,4.0,3,46,102.4
17435,511,21,5,14.0,2,44,307.9
17436,511,119,2,,2,173,399.96
17437,511,24,2,5.0,2,78,204.05
17438,511,2,6,,2,70,144.87
17439,511,39,3,14.0,1,239,170.58
17440,511,22,4,15.0,1,206,182.58
17441,511,18,5,3.0,2,124,65.67
17442,511,99,2,8.0,1,115,21.99
17443,511,3,3,9.0,1,203,184.85
17444,511,37,2,8.0,2,99,374.33
17445,511,19,6,3.0,3,87,153.88
17446,511,74,5,9.0,2,74,345.9
17447,511,96,4,7.0,2,94,231.12
17448,511,71,4,15.0,1,230,273.46
17449,511,10096,6,5.0,2,245,231.12
17450,511,31,1,,1,205,276.57
17451,511,102,4,7.0,2,38,332.57
17452,511,99,5,7.0,1,145,21.99
17453,511,14,5,14.0,1,68,354.1
17454,511,103,3,15.0,2,99,105.16
17455,511,75,3,7.0,2,226,45.02
17456,511,86,6,7.0,2,179,266.03
17457,512,24,6,,1,110,204.05
17458,512,36,6,15.0,2,61,112.83
17459,512,75,4,13.0,2,37,45.02
17460,512,29,3,14.0,2,86,264.58
17461,512,104,5,5.0,2,160,194.87
17462,512,99,5,5.0,1,43,21.99
17463,512,87,3,6.0,1,58,267.42
17464,512,6,3,13.0,1,90,342.42
17465,512,38,1,8.0,1,79,323.38
17466,512,16,3,3.0,1,37,359.33
17467,512,77,3,9.0,1,190,11.42
17468,512,72,5,7.0,1,132,389.59
17469,512,49,6,1.0,1,213,217.79
17470,512,67,5,10.0,3,16,177.85
17471,512,57,4,2.0,2,208,184.4
17472,512,36,5,1.0,1,16,112.83
17473,512,65,6,15.0,1,198,38.73
17474,512,6,5,14.0,4,183,342.42
17475,512,105,4,3.0,1,42,115.72
17476,512,2,6,13.0,1,61,144.87
17477,512,100,4,10.0,1,116,320.96
17478,512,38,4,3.0,4,130,323.38
17479,512,48,3,7.0,2,48,77.58
17480,512,39,5,12.0,2,126,170.58
17481,512,77,3,12.0,1,239,11.42
17482,512,108,6,5.0,4,53,167.48
17483,512,52,1,14.0,1,107,29.05
17484,512,96,4,10.0,3,164,231.12
17485,512,62,6,10.0,2,241,107.26
17486,512,50,6,6.0,2,131,191.76
17487,512,44,4,1.0,2,95,370.69
17488,512,10118,3,10.0,1,196,102.4
17489,512,61,3,12.0,3,159,327.21
17490,512,105,5,2.0,5,137,115.72
17491,512,81,6,10.0,2,66,45.14
17492,512,36,5,5.0,1,106,112.83
17493,512,118,2,2.0,2,180,102.4
17494,512,75,2,1.0,2,94,45.02
17495,512,26,1,14.0,2,140,196.47
17496,513,33,2,3.0,3,193,136.56
17497,513,17,6,8.0,1,184,198.42
17498,513,113,5,7.0,1,40,268.21
17499,513,34,2,12.0,2,106,4.86
17500,513,106,6,6.0,2,9,57.07
17501,513,9,2,5.0,1,36,254.72
17502,513,30,3,12.0,2,7,349.23
17503,513,90,6,,1,128,85.65
17504,513,15,1,11.0,2,111,100.16
17505,513,66,6,,1,1,134.76
17506,513,14,1,3.0,1,245,354.1
17507,513,10096,5,12.0,1,12,231.12
17508,513,84,4,,1,165,288.33
17509,513,6,5,11.0,1,8,342.42
17510,513,79,5,6.0,1,42,272.45
17511,513,63,2,12.0,1,35,114.14
17512,513,17,6,2.0,2,34,198.42
17513,513,17,4,15.0,1,104,198.42
17514,513,33,1,2.0,3,137,136.56
17515,513,116,2,13.0,3,30,74.33
17516,513,66,6,10.0,1,214,134.76
17517,513,44,3,,1,3,370.69
17518,513,28,3,15.0,2,29,195.42
17519,513,94,5,13.0,2,225,323.01
17520,513,36,6,7.0,2,244,112.83
17521,513,73,3,11.0,2,152,352.8
17522,513,80,2,13.0,3,171,351.06
17523,513,81,1,11.0,2,199,45.14
17524,513,11,4,5.0,2,100,274.48
17525,513,86,6,7.0,1,111,266.03
17526,513,91,6,9.0,1,35,177.83
17527,513,57,5,14.0,2,199,184.4
17528,513,70,6,5.0,2,95,18.65
17529,513,39,5,2.0,2,101,170.58
17530,513,24,4,8.0,1,201,204.05
17531,513,89,5,6.0,1,45,228.5
17532,513,106,3,13.0,1,29,57.07
17533,513,69,2,2.0,1,225,334.17
17534,513,15,6,5.0,1,120,100.16
17535,513,31,5,,1,49,276.57
17536,513,7,3,5.0,1,3,255.0
17537,513,10055,3,2.0,1,232,268.55
17538,513,23,3,1.0,4,246,204.06
17539,513,43,5,3.0,2,8,40.97
17540,514,61,5,11.0,2,67,327.21
17541,514,50,6,11.0,2,190,191.76
17542,514,84,4,4.0,1,79,288.33
17543,514,67,3,9.0,2,84,177.85
17544,514,19,5,14.0,2,132,153.88
17545,514,90,6,3.0,1,7,85.65
17546,514,95,2,12.0,1,155,245.29
17547,514,44,3,13.0,1,104,370.69
17548,514,21,1,8.0,1,237,307.9
17549,514,93,5,1.0,2,43,39.17
17550,514,111,1,10.0,2,247,299.51
17551,514,78,1,1.0,4,97,386.82
17552,514,92,1,11.0,1,207,69.54
17553,514,96,1,3.0,1,206,231.12
17554,514,98,5,8.0,4,132,89.1
17555,514,36,1,8.0,3,118,112.83
17556,514,45,6,,2,32,193.58
17557,514,75,5,10.0,2,56,45.02
17558,514,56,6,,1,131,269.33
17559,514,66,6,10.0,1,24,134.76
17560,514,115,2,13.0,1,212,265.87
17561,514,110,1,15.0,1,31,4.35
17562,514,10096,4,5.0,2,45,231.12
17563,514,78,2,2.0,5,120,386.82
17564,514,105,1,4.0,1,219,115.72
17565,514,47,5,11.0,1,156,279.24
17566,514,81,3,15.0,2,153,45.14
17567,514,95,4,9.0,2,142,245.29
17568,514,44,4,5.0,1,32,370.69
17569,514,56,2,2.0,2,231,269.33
17570,514,4,6,4.0,1,116,118.68
17571,514,28,1,6.0,1,183,195.42
17572,514,60,3,3.0,3,158,393.57
17573,514,72,4,,4,170,389.59
17574,514,61,4,13.0,2,8,327.21
17575,514,34,2,4.0,3,242,4.86
17576,514,82,1,8.0,1,119,393.73
17577,514,23,1,11.0,3,219,204.06
17578,514,88,4,9.0,2,168,52.66
17579,514,63,6,13.0,3,117,114.14
17580,514,20,4,1.0,2,220,344.59
17581,514,11,6,4.0,2,96,274.48
17582,514,66,6,7.0,3,108,134.76
17583,514,30,5,2.0,1,141,349.23
17584,514,10118,2,10.0,4,85,102.4
17585,514,19,1,10.0,1,90,153.88
17586,515,76,6,2.0,4,87,327.0
17587,515,10118,6,1.0,2,92,102.4
17588,515,70,6,1.0,2,168,18.65
17589,515,101,5,3.0,2,42,380.12
17590,515,13,1,10.0,2,29,350.79
17591,515,65,4,,2,133,38.73
17592,515,43,1,1.0,2,57,40.97
17593,515,107,6,2.0,2,191,87.15
17594,515,17,1,1.0,5,145,198.42
17595,515,25,2,10.0,1,246,381.49
17596,515,10,2,14.0,1,1,153.02
17597,515,102,6,15.0,2,121,332.57
17598,515,89,3,13.0,2,209,228.5
17599,515,49,5,,1,149,217.79
17600,515,21,2,13.0,1,62,307.9
17601,515,94,6,11.0,1,130,323.01
17602,515,8,3,7.0,3,1,268.73
17603,515,74,1,15.0,1,65,345.9
17604,515,28,3,12.0,2,170,195.42
17605,515,23,4,11.0,1,203,204.06
17606,515,102,3,10.0,5,193,332.57
17607,515,68,1,13.0,2,12,31.95
17608,515,119,3,2.0,1,27,399.96
17609,515,81,4,13.0,3,89,45.14
17610,515,18,6,8.0,3,81,65.67
17611,515,42,2,11.0,1,246,186.13
17612,515,113,2,7.0,1,95,268.21
17613,515,119,4,9.0,2,68,399.96
17614,515,17,6,7.0,2,203,198.42
17615,515,24,3,5.0,2,200,204.05
17616,515,110,5,9.0,2,158,4.35
17617,515,52,3,9.0,1,87,29.05
17618,515,57,2,9.0,1,240,184.4
17619,515,84,1,7.0,2,31,288.33
17620,515,10060,4,3.0,4,77,393.57
17621,515,17,5,2.0,1,212,198.42
17622,515,109,1,7.0,1,137,378.53
17623,516,17,2,13.0,2,31,198.42
17624,516,15,1,15.0,3,119,100.16
17625,516,27,1,6.0,4,200,25.05
17626,516,43,3,1.0,2,216,40.97
17627,516,32,6,3.0,1,197,360.05
17628,516,92,4,10.0,1,169,69.54
17629,516,16,6,5.0,3,197,359.33
17630,516,2,3,3.0,3,185,144.87
17631,516,17,3,1.0,2,11,198.42
17632,516,35,1,,2,131,362.36
17633,516,38,2,10.0,2,120,323.38
17634,516,53,4,3.0,2,106,99.99
17635,516,30,6,2.0,1,52,349.23
17636,516,54,2,3.0,1,162,263.63
17637,516,11,6,1.0,2,182,274.48
17638,516,13,4,13.0,1,33,350.79
17639,516,60,4,3.0,2,157,393.57
17640,516,16,6,13.0,1,108,359.33
17641,516,120,3,7.0,2,23,18.02
17642,516,40,4,8.0,2,161,162.24
17643,516,65,2,14.0,2,169,38.73
17644,516,43,6,3.0,2,16,40.97
17645,516,61,1,11.0,2,199,327.21
17646,516,36,5,15.0,2,227,112.83
17647,516,110,4,6.0,3,54,4.35
17648,516,25,4,11.0,2,29,381.49
17649,516,36,5,12.0,2,247,112.83
17650,516,33,2,14.0,1,38,136.56
17651,516,70,2,6.0,1,145,18.65
17652,516,59,2,11.0,2,128,149.07
17653,516,25,6,13.0,1,144,381.49
17654,516,90,1,7.0,1,168,85.65
17655,516,60,6,7.0,5,6,393.57
17656,516,78,1,12.0,2,177,386.82
17657,516,14,3,7.0,1,31,354.1
17658,516,97,2,3.0,2,60,99.11
17659,516,90,5,10.0,1,113,85.65
17660,516,55,2,4.0,2,173,268.55
17661,516,30,3,3.0,1,31,349.23
17662,516,83,2,7.0,1,237,19.67
17663,517,64,2,10.0,2,236,254.43
17664,517,76,4,10.0,2,202,327.0
17665,517,32,5,6.0,2,140,360.05
17666,517,65,5,5.0,1,62,38.73
17667,517,66,1,14.0,1,26,134.76
17668,517,87,1,6.0,2,19,267.42
17669,517,76,1,8.0,1,20,327.0
17670,517,37,5,10.0,1,219,374.33
17671,517,7,3,15.0,2,215,255.0
17672,517,119,2,1.0,1,114,399.96
17673,517,72,2,4.0,2,114,389.59
17674,517,90,1,14.0,1,184,85.65
17675,517,73,4,6.0,3,205,352.8
17676,517,9,3,15.0,1,38,254.72
17677,517,79,3,7.0,1,84,272.45
17678,517,55,3,15.0,4,131,268.55
17679,517,73,5,10.0,3,56,352.8
17680,517,57,1,5.0,1,102,184.4
17681,517,8,6,15.0,1,198,268.73
17682,517,47,6,12.0,2,237,279.24
17683,517,14,2,8.0,1,29,354.1
17684,517,113,1,1.0,1,102,268.21
17685,518,4,6,2.0,1,159,118.68
17686,518,93,4,15.0,2,4,39.17
17687,518,73,2,9.0,1,156,352.8
17688,518,84,1,13.0,1,183,288.33
17689,518,16,3,15.0,1,151,359.33
17690,518,41,5,8.0,1,231,77.7
17691,518,28,2,10.0,1,231,195.42
17692,518,108,3,9.0,2,50,167.48
17693,518,109,2,8.0,1,13,378.53
17694,518,9,5,9.0,1,130,254.72
17695,518,83,6,15.0,2,36,19.67
17696,518,55,5,6.0,1,239,268.55
17697,518,52,3,15.0,2,153,29.05
17698,518,118,6,10.0,2,126,102.4
17699,518,18,3,2.0,2,242,65.67
17700,518,98,5,15.0,2,31,89.1
17701,518,35,6,12.0,1,86,362.36
17702,518,119,2,7.0,2,56,399.96
17703,518,100,3,5.0,3,168,320.96
17704,518,105,5,1.0,5,84,115.72
17705,518,111,4,13.0,2,165,299.51
17706,518,105,6,10.0,4,15,115.72
17707,518,81,3,13.0,1,17,45.14
17708,518,15,1,9.0,2,158,100.16
17709,518,119,4,3.0,2,97,399.96
17710,518,3,3,13.0,2,79,184.85
17711,518,26,4,3.0,1,223,196.47
17712,518,89,4,10.0,1,96,228.5
17713,518,88,6,2.0,2,167,52.66
17714,518,99,4,4.0,2,149,21.99
17715,518,95,2,13.0,1,48,245.29
17716,518,81,3,10.0,2,127,45.14
17717,519,81,4,5.0,1,16,45.14
17718,519,20,5,5.0,1,188,344.59
17719,519,102,1,4.0,1,195,332.57
17720,519,119,5,14.0,1,70,399.96
17721,519,61,5,14.0,3,87,327.21
17722,519,88,4,15.0,1,139,52.66
17723,519,22,3,9.0,2,39,182.58
17724,519,86,4,13.0,2,34,266.03
17725,519,98,3,1.0,1,97,89.1
17726,519,104,1,8.0,1,9,194.87
17727,519,38,5,7.0,1,171,323.38
17728,519,90,2,13.0,1,39,85.65
17729,519,118,3,8.0,2,151,102.4
17730,519,25,2,6.0,1,12,381.49
17731,519,5,5,5.0,1,172,282.42
17732,519,44,5,1.0,1,209,370.69
17733,519,44,3,13.0,3,89,370.69
17734,519,88,2,4.0,1,221,52.66
17735,519,54,6,4.0,1,199,263.63
17736,519,18,5,10.0,1,177,65.67
17737,519,21,1,3.0,2,147,307.9
17738,519,47,5,2.0,2,191,279.24
17739,519,81,1,9.0,2,92,45.14
17740,519,70,6,9.0,2,131,18.65
17741,519,35,5,12.0,1,162,362.36
17742,519,119,6,2.0,2,180,399.96
17743,519,114,3,5.0,1,109,392.33
17744,519,5,2,9.0,1,178,282.42
17745,519,107,1,12.0,2,238,87.15
17746,519,6,5,5.0,1,64,342.42
17747,519,56,4,5.0,2,127,269.33
17748,519,5,3,8.0,3,25,282.42
17749,519,75,5,4.0,2,193,45.02
17750,519,88,6,1.0,2,112,52.66
17751,519,62,6,2.0,2,58,107.26
17752,519,65,1,11.0,1,168,38.73
17753,519,68,3,12.0,2,35,31.95
17754,519,40,1,10.0,2,87,162.24
17755,519,48,6,2.0,1,120,77.58
17756,519,16,5,3.0,1,20,359.33
17757,519,10118,1,4.0,4,97,102.4
17758,519,27,2,11.0,2,199,25.05
17759,520,107,1,,2,196,87.15
17760,520,43,5,5.0,1,237,40.97
17761,520,82,6,5.0,1,159,393.73
17762,520,28,2,8.0,1,8,195.42
17763,520,114,4,11.0,1,69,392.33
17764,520,37,1,3.0,1,100,374.33
17765,520,55,2,10.0,2,70,268.55
17766,520,108,3,7.0,5,21,167.48
17767,520,72,1,9.0,2,39,389.59
17768,520,73,5,5.0,2,50,352.8
17769,520,110,2,2.0,2,131,4.35
17770,520,118,6,12.0,1,88,102.4
17771,520,90,4,4.0,3,9,85.65
17772,520,80,6,11.0,4,5,351.06
17773,520,91,4,14.0,1,138,177.83
17774,520,20,1,15.0,1,19,344.59
17775,520,98,5,3.0,1,85,89.1
17776,520,54,5,14.0,1,61,263.63
17777,520,119,3,12.0,1,71,399.96
17778,520,85,6,14.0,1,247,173.66
17779,520,83,4,2.0,2,80,19.67
17780,520,72,4,1.0,1,71,389.59
17781,520,10118,1,6.0,2,31,102.4
17782,520,54,5,4.0,1,157,263.63
17783,520,11,5,12.0,1,28,274.48
17784,520,10118,3,5.0,2,169,102.4
17785,520,85,5,9.0,2,223,173.66
17786,520,80,1,13.0,2,119,351.06
17787,520,3,5,4.0,2,159,184.85
17788,520,23,2,2.0,1,163,204.06
17789,520,1,2,6.0,4,238,382.97
17790,520,35,6,5.0,1,225,362.36
17791,520,91,6,10.0,1,61,177.83
17792,520,111,2,2.0,1,113,299.51
17793,520,12,5,7.0,2,79,322.41
17794,520,59,6,3.0,1,7,149.07
17795,520,2,4,2.0,1,213,144.87
17796,521,5,2,14.0,2,241,282.42
17797,521,34,3,11.0,2,185,4.86
17798,521,115,4,7.0,3,174,265.87
17799,521,96,3,4.0,1,173,231.12
17800,521,79,2,13.0,1,54,272.45
17801,521,94,2,12.0,1,127,323.01
17802,521,69,1,1.0,2,13,334.17
17803,521,118,4,6.0,1,213,102.4
17804,521,52,2,12.0,1,84,29.05
17805,521,68,6,2.0,1,10,31.95
17806,521,110,5,10.0,2,126,4.35
17807,521,34,5,10.0,2,13,4.86
17808,521,47,1,8.0,4,55,279.24
17809,521,53,6,1.0,1,92,99.99
17810,521,88,3,8.0,1,38,52.66
17811,521,120,2,10.0,1,200,18.02
17812,521,35,3,11.0,1,138,362.36
17813,521,44,5,2.0,2,245,370.69
17814,521,55,1,7.0,2,195,268.55
17815,521,97,1,4.0,3,53,99.11
17816,521,114,4,15.0,1,101,392.33
17817,521,77,2,6.0,2,14,11.42
17818,521,46,2,12.0,3,207,2.86
17819,521,19,6,14.0,5,212,153.88
17820,521,70,3,12.0,1,132,18.65
17821,521,18,6,7.0,3,160,65.67
17822,521,71,3,4.0,2,155,273.46
17823,521,20,3,1.0,4,138,344.59
17824,521,56,3,3.0,2,140,269.33
17825,521,71,3,15.0,2,24,273.46
17826,521,10055,5,6.0,4,59,268.55
17827,522,109,3,5.0,2,89,378.53
17828,522,106,5,3.0,1,29,57.07
17829,522,112,1,12.0,1,21,89.33
17830,522,93,3,12.0,1,119,39.17
17831,522,96,6,3.0,2,235,231.12
17832,522,32,3,3.0,4,79,360.05
17833,522,89,2,12.0,1,138,228.5
17834,522,28,4,10.0,2,90,195.42
17835,522,92,3,13.0,1,105,69.54
17836,522,29,3,2.0,4,160,264.58
17837,522,74,6,13.0,2,247,345.9
17838,522,62,4,12.0,1,171,107.26
17839,522,1,4,10.0,1,68,382.97
17840,522,23,1,3.0,2,95,204.06
17841,522,84,4,8.0,3,8,288.33
17842,522,53,5,8.0,1,8,99.99
17843,522,116,2,12.0,2,112,74.33
17844,522,60,1,8.0,1,56,393.57
17845,522,28,2,8.0,2,25,195.42
17846,522,4,2,8.0,1,19,118.68
17847,522,12,2,15.0,2,56,322.41
17848,522,75,1,8.0,1,236,45.02
17849,522,101,4,7.0,2,213,380.12
17850,522,99,3,9.0,1,190,21.99
17851,522,5,2,2.0,1,235,282.42
17852,522,39,1,5.0,1,70,170.58
17853,522,59,5,14.0,4,134,149.07
17854,522,33,5,3.0,2,51,136.56
17855,522,58,6,9.0,2,181,86.84
17856,522,65,4,2.0,1,96,38.73
17857,522,2,2,5.0,1,119,144.87
17858,522,40,6,12.0,1,134,162.24
17859,522,49,1,8.0,1,78,217.79
17860,522,66,2,13.0,2,109,134.76
17861,522,63,1,4.0,2,233,114.14
17862,522,79,5,7.0,1,225,272.45
17863,522,20,3,14.0,1,187,344.59
17864,522,88,6,11.0,1,95,52.66
17865,522,1,3,13.0,1,46,382.97
17866,522,67,5,6.0,1,28,177.85
17867,522,98,5,4.0,1,181,89.1
17868,522,119,1,4.0,2,27,399.96
17869,522,81,2,15.0,2,135,45.14
17870,522,31,3,4.0,1,230,276.57
17871,522,5,4,14.0,1,101,282.42
17872,522,46,1,14.0,2,94,2.86
17873,522,91,6,12.0,2,99,177.83
17874,523,10096,1,,3,121,231.12
17875,523,65,1,3.0,3,157,38.73
17876,523,11,1,14.0,2,29,274.48
17877,523,113,6,11.0,2,203,268.21
17878,523,70,6,6.0,2,166,18.65
17879,523,18,4,13.0,4,94,65.67
17880,523,10118,5,12.0,2,160,102.4
17881,523,69,6,12.0,2,150,334.17
17882,523,23,6,6.0,3,135,204.06
17883,523,35,3,15.0,2,203,362.36
17884,523,25,6,13.0,1,61,381.49
17885,523,62,6,4.0,2,89,107.26
17886,523,76,5,15.0,2,161,327.0
17887,523,10,2,12.0,2,189,153.02
17888,523,45,2,11.0,1,151,193.58
17889,523,40,5,12.0,3,141,162.24
17890,523,34,1,12.0,1,70,4.86
17891,523,3,6,14.0,3,166,184.85
17892,523,96,6,4.0,1,57,231.12
17893,523,67,6,13.0,2,122,177.85
17894,523,81,4,11.0,1,72,45.14
17895,523,27,6,14.0,1,148,25.05
17896,523,25,1,8.0,2,212,381.49
17897,523,115,2,10.0,1,63,265.87
17898,523,90,1,13.0,1,238,85.65
17899,523,7,4,5.0,2,10,255.0
17900,523,26,4,15.0,1,170,196.47
17901,523,56,6,12.0,1,31,269.33
17902,523,78,2,3.0,2,47,386.82
17903,523,56,2,6.0,1,208,269.33
17904,523,57,1,10.0,1,21,184.4
17905,523,41,3,14.0,2,23,77.7
17906,523,5,5,11.0,1,18,282.42
17907,523,30,1,,1,11,349.23
17908,523,43,5,12.0,3,154,40.97
17909,523,14,3,13.0,2,57,354.1
17910,523,102,6,3.0,1,65,332.57
17911,523,35,1,12.0,2,100,362.36
17912,523,115,3,14.0,1,99,265.87
17913,523,73,1,14.0,1,131,352.8
17914,523,56,3,2.0,2,214,269.33
17915,524,73,1,13.0,2,45,352.8
17916,524,38,6,10.0,5,2,323.38
17917,524,6,1,3.0,1,246,342.42
17918,524,88,1,15.0,3,223,52.66
17919,524,64,3,,2,131,254.43
17920,524,87,4,9.0,2,17,267.42
17921,524,45,3,12.0,1,91,193.58
17922,524,10060,4,8.0,1,249,393.57
17923,524,60,5,4.0,2,44,393.57
17924,524,95,5,8.0,1,228,245.29
17925,524,91,4,6.0,1,231,177.83
17926,524,68,2,14.0,1,14,31.95
17927,524,41,1,13.0,1,95,77.7
17928,524,10118,5,2.0,1,121,102.4
17929,524,70,6,4.0,4,57,18.65
17930,524,120,3,2.0,2,79,18.02
17931,524,63,2,10.0,1,134,114.14
17932,524,110,5,12.0,3,215,4.35
17933,524,20,3,3.0,1,51,344.59
17934,524,33,6,10.0,5,175,136.56
17935,524,57,1,3.0,1,244,184.4
17936,524,4,2,4.0,2,172,118.68
17937,524,1,4,4.0,1,207,382.97
17938,524,110,5,5.0,1,69,4.35
17939,524,36,1,2.0,3,51,112.83
17940,524,58,3,9.0,2,115,86.84
17941,524,44,3,9.0,1,4,370.69
17942,524,60,6,6.0,1,196,393.57
17943,524,74,6,5.0,1,158,345.9
17944,524,10055,5,9.0,1,180,268.55
17945,524,26,2,13.0,1,187,196.47
17946,524,12,3,11.0,1,43,322.41
17947,524,112,2,4.0,2,63,89.33
17948,524,7,1,12.0,1,28,255.0
17949,524,97,4,11.0,5,74,99.11
17950,524,50,1,1.0,1,118,191.76
17951,524,17,6,2.0,2,58,198.42
17952,524,100,5,8.0,2,163,320.96
17953,524,40,1,13.0,2,43,162.24
17954,524,114,5,11.0,2,218,392.33
17955,524,107,6,9.0,4,171,87.15
17956,524,110,5,12.0,1,226,4.35
17957,524,48,2,4.0,1,21,77.58
17958,524,93,4,4.0,1,117,39.17
17959,524,10055,2,9.0,4,87,268.55
17960,524,17,6,1.0,2,197,198.42
17961,524,25,4,1.0,1,109,381.49
17962,524,74,5,10.0,1,8,345.9
17963,524,57,6,3.0,2,57,184.4
17964,525,6,5,6.0,2,63,342.42
17965,525,112,1,3.0,1,33,89.33
17966,525,53,3,3.0,4,27,99.99
17967,525,10055,5,7.0,2,80,268.55
17968,525,61,1,4.0,2,72,327.21
17969,525,14,2,12.0,1,202,354.1
17970,525,98,5,15.0,2,14,89.1
17971,525,24,3,7.0,5,204,204.05
17972,525,109,2,2.0,2,240,378.53
17973,525,35,5,13.0,2,213,362.36
17974,525,108,4,2.0,1,8,167.48
17975,525,111,1,4.0,3,244,299.51
17976,525,96,2,,1,237,231.12
17977,525,51,2,8.0,2,55,384.39
17978,525,78,3,15.0,1,39,386.82
17979,525,73,6,15.0,2,104,352.8
17980,525,9,3,3.0,5,202,254.72
17981,525,12,1,4.0,1,206,322.41
17982,525,56,4,9.0,4,11,269.33
17983,525,24,4,8.0,2,117,204.05
17984,525,100,4,15.0,2,164,320.96
17985,525,99,6,12.0,3,89,21.99
17986,525,112,5,7.0,3,84,89.33
17987,525,83,5,7.0,2,134,19.67
17988,525,114,4,11.0,1,48,392.33
17989,525,38,3,9.0,1,205,323.38
17990,525,112,2,4.0,2,65,89.33
17991,525,98,3,4.0,2,148,89.1
17992,525,119,1,12.0,2,108,399.96
17993,525,112,5,7.0,2,48,89.33
17994,525,13,2,10.0,3,110,350.79
17995,525,70,4,1.0,1,97,18.65
17996,525,113,4,4.0,2,144,268.21
17997,525,66,1,7.0,1,246,134.76
17998,526,83,3,10.0,2,244,19.67
17999,526,10,6,,1,227,153.02
18000,526,68,1,2.0,1,246,31.95
18001,526,18,3,5.0,2,104,65.67
18002,526,26,1,8.0,2,59,196.47
18003,526,102,5,10.0,2,161,332.57
18004,526,102,4,1.0,2,234,332.57
18005,526,103,5,2.0,1,60,105.16
18006,526,27,5,15.0,1,218,25.05
18007,526,53,6,14.0,2,137,99.99
18008,526,6,1,2.0,1,84,342.42
18009,526,74,2,14.0,1,61,345.9
18010,526,30,5,14.0,4,146,349.23
18011,526,6,6,4.0,1,222,342.42
18012,526,84,1,5.0,2,39,288.33
18013,526,74,5,2.0,1,142,345.9
18014,526,21,3,6.0,2,238,307.9
18015,526,50,3,,3,148,191.76
18016,527,86,3,13.0,1,238,266.03
18017,527,47,4,12.0,2,2,279.24
18018,527,25,4,5.0,1,82,381.49
18019,527,82,3,4.0,1,77,393.73
18020,527,62,3,11.0,2,63,107.26
18021,527,27,2,10.0,1,158,25.05
18022,527,49,1,4.0,2,45,217.79
18023,527,55,1,3.0,1,31,268.55
18024,527,59,6,,4,196,149.07
18025,527,74,4,1.0,1,243,345.9
18026,527,37,2,8.0,4,240,374.33
18027,527,14,6,5.0,1,151,354.1
18028,527,107,4,8.0,1,106,87.15
18029,527,13,4,2.0,2,169,350.79
18030,527,19,1,12.0,1,207,153.88
18031,527,29,4,2.0,2,172,264.58
18032,527,104,4,5.0,2,243,194.87
18033,527,47,1,9.0,5,23,279.24
18034,527,84,5,9.0,1,114,288.33
18035,527,74,4,14.0,1,123,345.9
18036,527,63,4,4.0,1,227,114.14
18037,527,19,6,8.0,1,158,153.88
18038,527,56,6,10.0,2,158,269.33
18039,527,48,3,13.0,2,74,77.58
18040,527,102,2,3.0,1,226,332.57
18041,527,38,4,13.0,1,105,323.38
18042,527,103,4,1.0,4,42,105.16
18043,527,80,3,12.0,2,74,351.06
18044,527,41,3,2.0,2,221,77.7
18045,527,94,4,6.0,1,200,323.01
18046,527,66,2,11.0,2,233,134.76
18047,527,12,3,10.0,2,232,322.41
18048,528,54,3,3.0,1,181,263.63
18049,528,52,4,1.0,2,130,29.05
18050,528,36,6,4.0,1,188,112.83
18051,528,97,3,10.0,1,58,99.11
18052,528,98,4,12.0,2,143,89.1
18053,528,61,6,15.0,2,183,327.21
18054,528,71,2,11.0,1,241,273.46
18055,528,35,5,10.0,2,125,362.36
18056,528,47,4,7.0,1,191,279.24
18057,528,19,5,5.0,2,143,153.88
18058,528,97,2,6.0,1,187,99.11
18059,528,88,1,13.0,5,135,52.66
18060,528,92,4,8.0,1,207,69.54
18061,528,72,5,15.0,2,53,389.59
18062,528,111,4,7.0,2,107,299.51
18063,528,59,2,11.0,1,7,149.07
18064,528,89,1,10.0,1,12,228.5
18065,528,3,1,14.0,1,72,184.85
18066,528,10,4,15.0,1,77,153.02
18067,528,40,1,1.0,2,159,162.24
18068,528,60,2,5.0,1,118,393.57
18069,528,20,3,6.0,1,103,344.59
18070,528,54,6,1.0,3,82,263.63
18071,528,8,5,4.0,2,238,268.73
18072,528,52,4,3.0,1,175,29.05
18073,528,51,2,6.0,2,238,384.39
18074,528,49,3,3.0,1,101,217.79
18075,528,110,6,15.0,1,224,4.35
18076,528,48,5,1.0,1,247,77.58
18077,528,85,1,1.0,1,130,173.66
18078,528,111,3,10.0,1,188,299.51
18079,528,75,6,2.0,3,96,45.02
18080,528,67,5,15.0,2,96,177.85
18081,528,112,6,3.0,2,197,89.33
18082,528,97,6,3.0,2,244,99.11
18083,528,42,5,11.0,2,19,186.13
18084,528,56,5,1.0,1,197,269.33
18085,528,45,4,14.0,5,28,193.58
18086,528,69,3,6.0,1,36,334.17
18087,528,34,6,7.0,2,106,4.86
18088,528,15,6,1.0,2,45,100.16
18089,528,25,6,3.0,1,142,381.49
18090,528,58,5,1.0,2,141,86.84
18091,528,101,5,8.0,2,164,380.12
18092,529,44,2,12.0,3,127,370.69
18093,529,83,1,4.0,2,212,19.67
18094,529,64,4,10.0,2,203,254.43
18095,529,72,3,4.0,2,32,389.59
18096,529,37,6,11.0,1,184,374.33
18097,529,112,5,14.0,2,100,89.33
18098,529,86,1,4.0,2,103,266.03
18099,529,77,5,1.0,1,73,11.42
18100,529,67,3,7.0,1,65,177.85
18101,529,10,4,5.0,1,46,153.02
18102,529,16,5,4.0,2,197,359.33
18103,529,88,6,1.0,1,174,52.66
18104,529,108,4,10.0,2,134,167.48
18105,529,58,5,7.0,1,240,86.84
18106,529,70,1,1.0,1,83,18.65
18107,529,99,6,3.0,2,223,21.99
18108,529,18,6,11.0,1,249,65.67
18109,529,66,2,6.0,2,23,134.76
18110,529,51,6,11.0,1,161,384.39
18111,529,112,6,15.0,1,84,89.33
18112,529,88,3,1.0,1,1,52.66
18113,529,38,4,6.0,2,34,323.38
18114,529,30,3,15.0,1,169,349.23
18115,529,114,3,7.0,1,80,392.33
18116,529,28,3,14.0,1,216,195.42
18117,529,117,3,3.0,2,242,132.08
18118,530,14,2,14.0,1,177,354.1
18119,530,107,5,15.0,1,221,87.15
18120,530,54,5,5.0,2,134,263.63
18121,530,2,6,12.0,3,92,144.87
18122,530,18,2,3.0,3,78,65.67
18123,530,38,6,4.0,2,37,323.38
18124,530,112,2,10.0,1,130,89.33
18125,530,41,5,11.0,2,85,77.7
18126,530,10060,3,14.0,1,9,393.57
18127,530,93,3,1.0,1,4,39.17
18128,530,1,4,5.0,2,120,382.97
18129,530,107,1,2.0,2,244,87.15
18130,530,5,6,2.0,4,194,282.42
18131,530,56,6,15.0,1,38,269.33
18132,530,24,6,6.0,2,96,204.05
18133,530,36,1,12.0,2,150,112.83
18134,530,84,6,10.0,2,168,288.33
18135,530,87,6,12.0,2,191,267.42
18136,530,62,6,13.0,4,10,107.26
18137,530,79,2,1.0,4,219,272.45
18138,530,101,3,11.0,3,42,380.12
18139,530,86,6,8.0,1,178,266.03
18140,530,22,3,8.0,1,172,182.58
18141,530,69,5,10.0,1,232,334.17
18142,530,103,3,3.0,3,171,105.16
18143,530,117,2,2.0,1,220,132.08
18144,530,71,4,6.0,1,180,273.46
18145,530,1,5,8.0,3,10,382.97
18146,530,39,2,,1,161,170.58
18147,530,39,4,4.0,4,227,170.58
18148,531,30,4,13.0,1,178,349.23
18149,531,40,1,15.0,1,247,162.24
18150,531,10060,2,14.0,1,135,393.57
18151,531,1,5,8.0,1,110,382.97
18152,531,118,6,1.0,1,34,102.4
18153,531,31,6,7.0,2,141,276.57
18154,531,59,5,6.0,4,88,149.07
18155,531,76,1,,1,210,327.0
18156,531,102,5,7.0,1,154,332.57
18157,531,62,1,3.0,3,59,107.26
18158,531,71,2,1.0,2,141,273.46
18159,531,38,1,1.0,1,22,323.38
18160,531,6,3,5.0,2,11,342.42
18161,531,111,6,7.0,1,13,299.51
18162,531,25,2,14.0,1,48,381.49
18163,531,25,2,5.0,1,216,381.49
18164,531,10096,3,9.0,2,205,231.12
18165,531,120,5,14.0,2,58,18.02
18166,531,33,4,3.0,4,220,136.56
18167,531,56,2,10.0,5,155,269.33
18168,531,75,5,9.0,2,202,45.02
18169,531,110,1,11.0,1,86,4.35
18170,531,62,2,4.0,1,100,107.26
18171,531,31,3,4.0,1,226,276.57
18172,531,11,5,14.0,1,244,274.48
18173,531,113,4,11.0,2,175,268.21
18174,531,91,4,15.0,4,8,177.83
18175,531,64,3,15.0,1,141,254.43
18176,531,103,5,3.0,2,138,105.16
18177,531,32,1,2.0,2,173,360.05
18178,531,117,4,10.0,2,179,132.08
18179,531,18,2,11.0,2,90,65.67
18180,531,111,2,2.0,2,115,299.51
18181,531,39,5,5.0,3,213,170.58
18182,532,40,6,2.0,1,190,162.24
18183,532,59,1,4.0,2,169,149.07
18184,532,113,5,11.0,2,218,268.21
18185,532,15,6,3.0,3,69,100.16
18186,532,41,2,8.0,2,116,77.7
18187,532,25,1,12.0,1,198,381.49
18188,532,13,3,5.0,1,165,350.79
18189,532,116,3,15.0,1,99,74.33
18190,532,83,1,10.0,2,96,19.67
18191,532,10060,2,4.0,2,54,393.57
18192,532,10118,1,5.0,1,220,102.4
18193,532,22,5,8.0,2,9,182.58
18194,532,109,1,5.0,2,36,378.53
18195,532,47,6,14.0,2,44,279.24
18196,532,47,3,14.0,1,86,279.24
18197,532,4,1,14.0,2,195,118.68
18198,532,53,2,5.0,2,154,99.99
18199,532,70,6,5.0,1,180,18.65
18200,532,43,4,10.0,4,109,40.97
18201,532,89,5,14.0,2,75,228.5
18202,532,17,3,7.0,2,21,198.42
18203,532,14,4,3.0,5,126,354.1
18204,532,117,3,15.0,3,126,132.08
18205,532,70,3,12.0,1,4,18.65
18206,532,10055,1,14.0,1,225,268.55
18207,532,83,1,3.0,2,30,19.67
18208,532,111,5,9.0,2,118,299.51
18209,532,54,6,9.0,4,61,263.63
18210,532,95,4,12.0,1,194,245.29
18211,532,37,4,2.0,2,148,374.33
18212,532,27,2,4.0,1,10,25.05
18213,532,56,6,9.0,2,166,269.33
18214,532,72,2,1.0,1,2,389.59
18215,532,35,4,15.0,2,136,362.36
18216,532,54,5,10.0,1,167,263.63
18217,532,120,1,11.0,2,216,18.02
18218,532,88,5,5.0,2,187,52.66
18219,532,6,6,10.0,2,160,342.42
18220,533,108,1,11.0,1,4,167.48
18221,533,23,6,12.0,2,249,204.06
18222,533,10118,2,7.0,1,87,102.4
18223,533,82,3,7.0,1,91,393.73
18224,533,24,1,15.0,2,84,204.05
18225,533,20,2,15.0,2,82,344.59
18226,533,83,3,6.0,1,204,19.67
18227,533,49,4,,2,179,217.79
18228,533,19,6,15.0,1,232,153.88
18229,533,114,5,13.0,2,183,392.33
18230,533,114,5,11.0,2,19,392.33
18231,533,102,3,5.0,1,152,332.57
18232,533,36,3,9.0,1,216,112.83
18233,533,3,3,14.0,3,113,184.85
18234,533,87,3,12.0,1,131,267.42
18235,533,44,1,9.0,4,53,370.69
18236,533,19,3,12.0,2,149,153.88
18237,533,106,1,,2,213,57.07
18238,533,41,6,3.0,1,21,77.7
18239,533,103,3,14.0,4,237,105.16
18240,533,87,1,15.0,1,249,267.42
18241,533,37,6,4.0,2,69,374.33
18242,533,110,6,,2,15,4.35
18243,533,10060,4,10.0,2,162,393.57
18244,533,19,6,15.0,2,127,153.88
18245,533,85,3,11.0,1,42,173.66
18246,533,8,3,7.0,2,114,268.73
18247,533,105,3,4.0,1,35,115.72
18248,533,49,3,10.0,1,131,217.79
18249,533,24,4,1.0,2,229,204.05
18250,533,66,5,3.0,1,208,134.76
18251,533,78,5,11.0,1,85,386.82
18252,533,73,5,7.0,2,112,352.8
18253,533,41,2,9.0,1,93,77.7
18254,533,5,2,9.0,4,219,282.42
18255,533,89,4,5.0,1,215,228.5
18256,533,118,6,,3,160,102.4
18257,533,49,3,7.0,1,121,217.79
18258,533,24,5,7.0,1,130,204.05
18259,533,63,4,12.0,2,244,114.14
18260,533,66,5,2.0,1,80,134.76
18261,533,30,6,1.0,1,234,349.23
18262,533,71,4,12.0,1,143,273.46
18263,533,62,3,15.0,2,211,107.26
18264,533,63,2,10.0,2,218,114.14
18265,533,104,3,4.0,1,250,194.87
18266,533,65,6,4.0,1,90,38.73
18267,533,101,4,1.0,2,248,380.12
18268,534,53,3,4.0,1,85,99.99
18269,534,84,4,3.0,2,136,288.33
18270,534,6,1,15.0,2,128,342.42
18271,534,75,4,7.0,2,221,45.02
18272,534,64,6,6.0,1,105,254.43
18273,534,26,1,8.0,2,228,196.47
18274,534,74,2,8.0,2,237,345.9
18275,534,60,6,7.0,2,217,393.57
18276,534,100,1,13.0,2,230,320.96
18277,534,3,2,13.0,4,193,184.85
18278,534,31,4,7.0,3,193,276.57
18279,534,10,2,6.0,1,144,153.02
18280,534,80,5,6.0,1,235,351.06
18281,534,34,6,14.0,1,177,4.86
18282,534,78,5,1.0,1,103,386.82
18283,534,114,4,15.0,1,113,392.33
18284,534,74,3,8.0,2,169,345.9
18285,534,37,5,13.0,5,237,374.33
18286,534,6,3,,2,27,342.42
18287,534,23,4,7.0,2,149,204.06
18288,534,86,2,12.0,2,26,266.03
18289,534,93,4,8.0,2,22,39.17
18290,534,68,4,10.0,2,195,31.95
18291,534,58,5,9.0,3,182,86.84
18292,534,17,5,3.0,2,230,198.42
18293,534,107,5,8.0,2,135,87.15
18294,534,46,6,13.0,2,132,2.86
18295,534,10055,5,,1,51,268.55
18296,534,4,3,3.0,1,151,118.68
18297,534,57,5,2.0,2,236,184.4
18298,534,54,6,2.0,3,100,263.63
18299,535,14,5,14.0,4,217,354.1
18300,535,3,6,14.0,1,90,184.85
18301,535,22,4,6.0,1,182,182.58
18302,535,57,6,1.0,1,95,184.4
18303,535,90,2,12.0,3,138,85.65
18304,535,98,5,8.0,1,248,89.1
18305,535,70,6,12.0,2,70,18.65
18306,535,97,4,8.0,1,175,99.11
18307,535,67,1,9.0,2,77,177.85
18308,535,17,3,10.0,2,147,198.42
18309,535,22,2,7.0,1,221,182.58
18310,535,89,4,2.0,2,225,228.5
18311,535,11,1,11.0,2,41,274.48
18312,535,63,5,2.0,1,239,114.14
18313,535,79,6,5.0,1,121,272.45
18314,535,73,5,9.0,1,104,352.8
18315,535,69,4,7.0,2,194,334.17
18316,535,21,3,9.0,1,114,307.9
18317,535,53,5,6.0,1,18,99.99
18318,535,29,1,11.0,3,175,264.58
18319,535,11,3,3.0,2,204,274.48
18320,535,69,1,15.0,3,1,334.17
18321,535,25,4,12.0,1,241,381.49
18322,535,107,1,12.0,1,31,87.15
18323,535,28,5,12.0,2,74,195.42
18324,535,87,2,6.0,1,179,267.42
18325,535,10,2,9.0,2,242,153.02
18326,535,77,5,12.0,3,128,11.42
18327,535,106,1,14.0,2,235,57.07
18328,535,78,6,3.0,2,207,386.82
18329,535,68,6,4.0,1,245,31.95
18330,535,109,6,8.0,4,221,378.53
18331,535,51,4,4.0,1,152,384.39
18332,535,79,1,12.0,2,234,272.45
18333,535,10118,5,7.0,2,136,102.4
18334,535,66,5,13.0,2,46,134.76
18335,535,26,4,12.0,2,164,196.47
18336,535,103,2,8.0,4,235,105.16
18337,535,26,6,13.0,1,205,196.47
18338,535,60,1,,1,163,393.57
18339,535,66,6,15.0,2,114,134.76
18340,535,106,3,2.0,1,201,57.07
18341,535,117,6,,1,86,132.08
18342,536,64,1,14.0,1,59,254.43
18343,536,27,1,15.0,1,197,25.05
18344,536,99,2,2.0,2,132,21.99
18345,536,49,6,6.0,2,222,217.79
18346,536,83,4,14.0,2,132,19.67
18347,536,30,5,12.0,1,193,349.23
18348,536,16,2,2.0,2,208,359.33
18349,536,25,6,7.0,2,163,381.49
18350,536,118,6,14.0,2,132,102.4
18351,536,29,4,15.0,2,19,264.58
18352,536,63,1,14.0,1,224,114.14
18353,536,7,2,11.0,2,212,255.0
18354,536,11,1,8.0,1,232,274.48
18355,536,83,3,6.0,2,45,19.67
18356,536,82,4,7.0,2,237,393.73
18357,536,24,6,3.0,1,131,204.05
18358,536,63,4,8.0,1,131,114.14
18359,536,32,1,14.0,2,110,360.05
18360,536,14,2,12.0,1,125,354.1
18361,536,71,5,14.0,2,58,273.46
18362,536,25,6,12.0,1,200,381.49
18363,536,107,6,5.0,2,180,87.15
18364,536,20,4,10.0,2,93,344.59
18365,536,107,6,7.0,1,102,87.15
18366,536,73,5,14.0,1,179,352.8
18367,536,66,6,15.0,1,236,134.76
18368,536,94,5,11.0,3,38,323.01
18369,536,40,6,10.0,2,16,162.24
18370,536,61,2,6.0,2,219,327.21
18371,536,45,4,14.0,3,207,193.58
18372,536,44,2,9.0,3,183,370.69
18373,536,66,3,9.0,2,34,134.76
18374,536,117,2,1.0,3,37,132.08
18375,536,65,1,13.0,2,171,38.73
18376,536,116,3,12.0,2,13,74.33
18377,536,60,2,4.0,2,28,393.57
18378,536,20,6,7.0,2,199,344.59
18379,536,71,1,4.0,4,168,273.46
18380,536,65,5,6.0,2,148,38.73
18381,537,45,4,,2,244,193.58
18382,537,85,4,9.0,2,213,173.66
18383,537,104,5,9.0,1,183,194.87
18384,537,34,6,12.0,2,208,4.86
18385,537,108,4,5.0,2,154,167.48
18386,537,52,3,2.0,1,144,29.05
18387,537,11,1,3.0,3,150,274.48
18388,537,7,2,12.0,1,248,255.0
18389,537,57,5,15.0,1,63,184.4
18390,537,51,5,,3,35,384.39
18391,537,13,1,10.0,1,201,350.79
18392,537,24,6,3.0,2,27,204.05
18393,537,46,2,6.0,1,47,2.86
18394,537,4,2,9.0,2,19,118.68
18395,537,43,2,4.0,2,63,40.97
18396,537,18,5,6.0,2,173,65.67
18397,537,84,4,7.0,2,123,288.33
18398,537,92,2,3.0,2,241,69.54
18399,537,103,3,15.0,1,134,105.16
18400,537,51,1,1.0,2,5,384.39
18401,537,51,5,3.0,1,182,384.39
18402,537,101,1,1.0,1,117,380.12
18403,537,21,6,13.0,1,187,307.9
18404,537,95,2,1.0,3,185,245.29
18405,537,14,4,10.0,1,36,354.1
18406,537,113,6,14.0,2,179,268.21
18407,537,10055,1,8.0,1,238,268.55
18408,537,84,2,5.0,1,1,288.33
18409,537,19,5,7.0,2,164,153.88
18410,537,120,4,5.0,2,154,18.02
18411,537,41,3,7.0,2,127,77.7
18412,537,20,2,8.0,1,139,344.59
18413,537,20,2,11.0,2,61,344.59
18414,537,45,5,1.0,2,218,193.58
18415,537,13,6,12.0,2,34,350.79
18416,537,1,4,13.0,3,235,382.97
18417,537,50,4,13.0,1,180,191.76
18418,537,102,2,8.0,1,242,332.57
18419,537,77,2,14.0,3,24,11.42
18420,537,107,5,3.0,1,195,87.15
18421,537,66,2,6.0,4,192,134.76
18422,538,34,4,5.0,2,32,4.86
18423,538,108,3,,2,64,167.48
18424,538,24,6,12.0,2,216,204.05
18425,538,31,2,12.0,2,186,276.57
18426,538,10,1,11.0,2,199,153.02
18427,538,96,1,11.0,1,225,231.12
18428,538,119,3,6.0,2,145,399.96
18429,538,29,3,13.0,2,59,264.58
18430,538,28,2,2.0,2,158,195.42
18431,538,62,1,14.0,2,19,107.26
18432,538,19,6,15.0,2,146,153.88
18433,538,105,6,12.0,1,229,115.72
18434,538,3,6,12.0,2,219,184.85
18435,538,6,4,3.0,2,61,342.42
18436,538,65,3,8.0,2,29,38.73
18437,538,84,6,7.0,1,128,288.33
18438,538,120,2,3.0,4,248,18.02
18439,538,17,1,7.0,1,61,198.42
18440,538,56,4,10.0,1,96,269.33
18441,538,67,5,4.0,4,238,177.85
18442,538,90,4,7.0,1,70,85.65
18443,538,50,4,6.0,1,152,191.76
18444,538,83,2,15.0,1,43,19.67
18445,538,30,2,8.0,2,127,349.23
18446,538,56,6,10.0,3,165,269.33
18447,538,31,2,13.0,4,67,276.57
18448,538,12,4,6.0,1,212,322.41
18449,538,44,4,6.0,2,143,370.69
18450,538,71,1,9.0,2,168,273.46
18451,538,97,1,7.0,1,167,99.11
18452,539,4,4,15.0,3,108,118.68
18453,539,51,6,4.0,1,137,384.39
18454,539,10,1,2.0,2,120,153.02
18455,539,45,5,12.0,2,71,193.58
18456,539,10055,3,7.0,2,14,268.55
18457,539,55,6,4.0,1,174,268.55
18458,539,20,3,6.0,2,124,344.59
18459,539,12,4,15.0,4,104,322.41
18460,539,86,5,15.0,1,72,266.03
18461,539,59,3,1.0,2,167,149.07
18462,539,27,4,15.0,1,103,25.05
18463,539,119,1,1.0,3,65,399.96
18464,539,34,6,7.0,1,33,4.86
18465,539,98,3,2.0,2,110,89.1
18466,539,84,4,8.0,3,71,288.33
18467,539,78,5,13.0,2,141,386.82
18468,539,50,1,15.0,1,130,191.76
18469,539,97,6,9.0,1,36,99.11
18470,539,106,1,9.0,3,213,57.07
18471,539,67,3,,1,109,177.85
18472,539,72,4,7.0,1,64,389.59
18473,539,114,3,,1,181,392.33
18474,539,110,5,5.0,1,121,4.35
18475,539,102,2,3.0,2,158,332.57
18476,539,69,2,11.0,3,201,334.17
18477,539,75,5,10.0,3,45,45.02
18478,539,92,5,14.0,2,52,69.54
18479,539,97,6,10.0,2,222,99.11
18480,539,120,1,9.0,2,91,18.02
18481,539,45,2,8.0,2,175,193.58
18482,539,5,3,13.0,2,13,282.42
18483,539,119,2,2.0,3,233,399.96
18484,539,100,6,10.0,2,98,320.96
18485,539,115,6,7.0,1,175,265.87
18486,539,76,1,15.0,1,218,327.0
18487,539,98,5,6.0,1,239,89.1
18488,539,38,3,2.0,1,162,323.38
18489,539,73,5,6.0,2,90,352.8
18490,539,120,4,3.0,1,213,18.02
18491,539,73,1,11.0,1,4,352.8
18492,539,67,6,4.0,1,184,177.85
18493,539,61,1,8.0,1,4,327.21
18494,539,77,4,8.0,4,237,11.42
18495,539,108,2,6.0,1,229,167.48
18496,539,37,4,8.0,1,45,374.33
18497,539,34,2,9.0,1,55,4.86
18498,539,33,1,6.0,3,229,136.56
18499,540,28,1,7.0,2,18,195.42
18500,540,83,4,5.0,2,71,19.67
18501,540,45,3,12.0,5,56,193.58
18502,540,32,3,4.0,2,130,360.05
18503,540,70,5,7.0,1,88,18.65
18504,540,56,4,12.0,2,204,269.33
18505,540,62,6,9.0,3,202,107.26
18506,540,61,3,11.0,1,40,327.21
18507,540,41,5,8.0,2,233,77.7
18508,540,48,5,14.0,1,137,77.58
18509,540,65,1,13.0,1,66,38.73
18510,540,87,6,5.0,2,126,267.42
18511,540,50,6,4.0,1,140,191.76
18512,540,34,5,4.0,2,82,4.86
18513,540,76,2,14.0,2,105,327.0
18514,540,74,2,6.0,3,171,345.9
18515,540,103,2,2.0,4,69,105.16
18516,540,106,4,12.0,1,157,57.07
18517,540,61,4,14.0,1,240,327.21
18518,540,38,1,11.0,2,23,323.38
18519,540,10118,3,2.0,2,44,102.4
18520,540,75,3,8.0,3,6,45.02
18521,540,81,5,10.0,1,156,45.14
18522,540,101,1,3.0,2,103,380.12
18523,540,79,5,3.0,2,142,272.45
18524,540,106,5,2.0,2,117,57.07
18525,540,37,5,10.0,1,165,374.33
18526,540,105,4,14.0,2,147,115.72
18527,540,13,1,10.0,1,101,350.79
18528,540,60,2,15.0,1,213,393.57
18529,541,24,4,3.0,1,35,204.05
18530,541,80,1,5.0,4,68,351.06
18531,541,63,3,,1,125,114.14
18532,541,110,3,2.0,1,182,4.35
18533,541,87,2,2.0,1,72,267.42
18534,541,52,4,15.0,1,157,29.05
18535,541,89,4,6.0,2,12,228.5
18536,541,108,4,5.0,1,104,167.48
18537,541,15,1,8.0,2,98,100.16
18538,541,74,4,10.0,3,21,345.9
18539,541,79,5,12.0,1,153,272.45
18540,541,70,2,10.0,2,219,18.65
18541,541,94,2,3.0,2,118,323.01
18542,541,53,4,4.0,1,12,99.99
18543,541,99,3,,2,67,21.99
18544,541,95,3,14.0,2,212,245.29
18545,541,68,2,13.0,1,210,31.95
18546,541,1,6,15.0,1,126,382.97
18547,541,85,2,6.0,1,199,173.66
18548,541,75,1,15.0,2,15,45.02
18549,541,14,5,13.0,4,89,354.1
18550,541,56,5,5.0,1,120,269.33
18551,541,1,4,10.0,4,181,382.97
18552,541,21,2,6.0,2,156,307.9
18553,541,16,1,6.0,1,182,359.33
18554,541,92,3,1.0,1,43,69.54
18555,541,72,5,11.0,2,152,389.59
18556,541,15,3,3.0,1,41,100.16
18557,541,85,5,10.0,2,48,173.66
18558,541,23,5,,2,229,204.06
18559,541,103,1,12.0,1,195,105.16
18560,541,37,4,8.0,4,90,374.33
18561,541,23,4,6.0,2,146,204.06
18562,541,66,6,11.0,2,115,134.76
18563,541,66,5,9.0,2,231,134.76
18564,541,70,6,3.0,1,140,18.65
18565,541,72,5,8.0,1,230,389.59
18566,541,114,4,6.0,2,208,392.33
18567,542,117,5,5.0,1,109,132.08
18568,542,45,5,14.0,1,4,193.58
18569,542,62,5,4.0,1,61,107.26
18570,542,10055,2,15.0,2,140,268.55
18571,542,68,1,7.0,1,44,31.95
18572,542,27,5,,1,231,25.05
18573,542,12,6,12.0,2,176,322.41
18574,542,93,5,6.0,2,12,39.17
18575,542,5,4,15.0,1,98,282.42
18576,542,44,6,8.0,1,87,370.69
18577,542,120,3,3.0,1,52,18.02
18578,542,82,1,1.0,2,4,393.73
18579,542,115,4,13.0,1,183,265.87
18580,542,47,5,7.0,1,2,279.24
18581,542,17,2,8.0,2,182,198.42
18582,542,81,5,1.0,2,243,45.14
18583,542,33,6,10.0,1,91,136.56
18584,542,20,2,15.0,1,191,344.59
18585,542,71,6,8.0,2,236,273.46
18586,542,40,2,6.0,2,176,162.24
18587,542,73,2,8.0,2,199,352.8
18588,542,114,1,11.0,2,152,392.33
18589,542,87,4,3.0,2,210,267.42
18590,542,102,2,2.0,2,183,332.57
18591,542,8,2,7.0,3,216,268.73
18592,542,70,1,7.0,2,192,18.65
18593,542,32,3,1.0,2,227,360.05
18594,542,113,4,7.0,1,161,268.21
18595,542,41,3,13.0,2,124,77.7
18596,542,31,6,15.0,2,7,276.57
18597,542,81,1,4.0,1,211,45.14
18598,542,57,6,3.0,1,224,184.4
18599,542,117,4,3.0,1,162,132.08
18600,542,72,2,2.0,1,195,389.59
18601,542,49,5,6.0,4,206,217.79
18602,543,99,1,3.0,1,1,21.99
18603,543,99,6,8.0,1,28,21.99
18604,543,106,5,1.0,3,45,57.07
18605,543,113,4,8.0,2,214,268.21
18606,543,64,1,1.0,3,26,254.43
18607,543,84,4,3.0,1,212,288.33
18608,543,85,5,14.0,4,29,173.66
18609,543,79,2,15.0,2,101,272.45
18610,543,106,4,13.0,1,216,57.07
18611,543,79,2,14.0,1,46,272.45
18612,543,64,2,11.0,2,11,254.43
18613,543,23,5,1.0,1,142,204.06
18614,543,70,3,11.0,1,250,18.65
18615,543,52,1,12.0,1,133,29.05
18616,543,112,2,2.0,1,112,89.33
18617,543,36,2,,1,223,112.83
18618,543,108,5,12.0,1,57,167.48
18619,543,23,3,15.0,1,226,204.06
18620,543,27,1,3.0,2,110,25.05
18621,543,10060,1,12.0,2,230,393.57
18622,543,43,4,11.0,3,23,40.97
18623,543,18,1,5.0,2,129,65.67
18624,543,110,3,2.0,2,237,4.35
18625,543,37,3,13.0,2,207,374.33
18626,543,76,4,10.0,1,7,327.0
18627,543,70,2,3.0,2,62,18.65
18628,543,77,2,11.0,1,206,11.42
18629,543,93,2,10.0,3,95,39.17
18630,543,109,5,2.0,1,228,378.53
18631,543,10096,1,6.0,1,55,231.12
18632,543,63,3,15.0,2,136,114.14
18633,543,7,3,13.0,1,161,255.0
18634,543,82,3,4.0,2,169,393.73
18635,543,75,2,14.0,1,154,45.02
18636,543,93,4,1.0,1,144,39.17
18637,543,80,1,8.0,2,59,351.06
18638,543,69,2,6.0,2,104,334.17
18639,543,10118,6,9.0,2,230,102.4
18640,543,50,3,7.0,1,190,191.76
18641,543,44,6,4.0,2,76,370.69
18642,543,32,3,1.0,1,36,360.05
18643,543,62,1,12.0,2,71,107.26
18644,544,43,4,15.0,2,187,40.97
18645,544,38,3,3.0,1,124,323.38
18646,544,6,6,4.0,1,124,342.42
18647,544,68,4,11.0,2,232,31.95
18648,544,72,1,2.0,3,170,389.59
18649,544,53,3,4.0,2,141,99.99
18650,544,109,4,5.0,4,171,378.53
18651,544,71,1,2.0,4,171,273.46
18652,544,94,2,1.0,1,88,323.01
18653,544,28,2,15.0,3,29,195.42
18654,544,92,5,4.0,3,212,69.54
18655,544,102,3,,1,183,332.57
18656,544,37,3,2.0,1,215,374.33
18657,544,11,5,10.0,2,71,274.48
18658,544,41,2,4.0,4,192,77.7
18659,544,43,2,9.0,3,153,40.97
18660,544,14,6,,1,45,354.1
18661,544,24,4,4.0,2,71,204.05
18662,544,89,3,11.0,2,124,228.5
18663,544,60,3,14.0,1,170,393.57
18664,544,28,4,3.0,1,233,195.42
18665,544,104,3,4.0,4,37,194.87
18666,544,38,4,9.0,2,233,323.38
18667,544,64,6,12.0,2,58,254.43
18668,544,17,4,2.0,2,249,198.42
18669,544,11,5,14.0,1,76,274.48
18670,544,89,4,8.0,2,132,228.5
18671,544,49,3,10.0,1,133,217.79
18672,544,40,2,3.0,3,9,162.24
18673,544,115,1,2.0,1,20,265.87
18674,544,24,2,13.0,3,144,204.05
18675,544,30,6,11.0,1,116,349.23
18676,544,114,4,11.0,1,221,392.33
18677,545,120,1,10.0,2,1,18.02
18678,545,52,4,10.0,1,213,29.05
18679,545,103,2,10.0,3,110,105.16
18680,545,93,4,12.0,2,10,39.17
18681,545,114,4,6.0,1,52,392.33
18682,545,68,2,15.0,2,24,31.95
18683,545,110,3,,2,131,4.35
18684,545,32,1,5.0,5,64,360.05
18685,545,46,6,2.0,1,141,2.86
18686,545,10,1,2.0,1,162,153.02
18687,545,8,2,4.0,1,143,268.73
18688,545,88,6,,1,79,52.66
18689,545,81,5,10.0,1,91,45.14
18690,545,82,3,12.0,2,102,393.73
18691,545,51,3,6.0,2,83,384.39
18692,545,22,1,11.0,3,198,182.58
18693,545,71,6,15.0,2,149,273.46
18694,545,106,3,4.0,1,77,57.07
18695,545,9,5,10.0,2,86,254.72
18696,545,5,4,15.0,5,137,282.42
18697,545,114,1,10.0,2,129,392.33
18698,545,118,3,14.0,1,179,102.4
18699,545,12,5,15.0,2,139,322.41
18700,545,69,1,14.0,2,210,334.17
18701,545,62,3,2.0,1,190,107.26
18702,545,34,2,4.0,2,239,4.86
18703,545,3,3,15.0,1,216,184.85
18704,545,105,3,4.0,2,154,115.72
18705,545,113,5,9.0,2,94,268.21
18706,545,36,5,5.0,2,120,112.83
18707,545,117,4,13.0,1,242,132.08
18708,545,26,1,9.0,1,96,196.47
18709,545,92,4,10.0,1,221,69.54
18710,545,8,4,5.0,1,42,268.73
18711,545,71,4,8.0,2,113,273.46
18712,546,23,3,8.0,1,107,204.06
18713,546,73,4,15.0,1,72,352.8
18714,546,105,1,15.0,2,77,115.72
18715,546,10055,3,14.0,1,221,268.55
18716,546,22,3,1.0,2,242,182.58
18717,546,22,6,10.0,1,233,182.58
18718,546,83,6,3.0,1,138,19.67
18719,546,10055,1,11.0,1,216,268.55
18720,546,67,5,9.0,2,81,177.85
18721,546,89,6,8.0,2,151,228.5
18722,546,47,4,6.0,2,92,279.24
18723,546,54,3,4.0,2,68,263.63
18724,546,115,4,1.0,2,157,265.87
18725,546,63,2,4.0,2,162,114.14
18726,546,86,1,14.0,2,220,266.03
18727,546,66,1,2.0,1,144,134.76
18728,546,104,1,15.0,2,173,194.87
18729,546,83,1,3.0,2,4,19.67
18730,546,44,4,15.0,1,70,370.69
18731,546,35,1,12.0,1,138,362.36
18732,546,23,1,13.0,2,114,204.06
18733,546,59,3,8.0,1,34,149.07
18734,546,95,2,11.0,3,67,245.29
18735,546,9,1,3.0,1,144,254.72
18736,546,96,4,10.0,1,243,231.12
18737,546,91,6,11.0,2,205,177.83
18738,546,84,6,8.0,3,3,288.33
18739,546,33,5,6.0,2,156,136.56
18740,546,73,4,8.0,1,39,352.8
18741,546,101,4,14.0,3,202,380.12
18742,546,75,4,2.0,1,185,45.02
18743,546,116,4,15.0,1,89,74.33
18744,546,101,6,9.0,1,76,380.12
18745,546,64,4,8.0,2,168,254.43
18746,546,108,3,12.0,1,157,167.48
18747,546,93,1,2.0,1,198,39.17
18748,546,23,6,7.0,2,248,204.06
18749,546,83,2,1.0,2,152,19.67
18750,546,15,6,8.0,2,58,100.16
18751,546,38,3,15.0,2,22,323.38
18752,546,26,3,12.0,2,125,196.47
18753,547,53,4,7.0,2,82,99.99
18754,547,39,2,10.0,4,137,170.58
18755,547,51,3,14.0,1,16,384.39
18756,547,64,2,9.0,1,17,254.43
18757,547,93,2,3.0,1,173,39.17
18758,547,95,1,11.0,1,24,245.29
18759,547,37,3,12.0,1,23,374.33
18760,547,42,2,9.0,2,194,186.13
18761,547,2,4,9.0,1,250,144.87
18762,547,84,2,9.0,2,188,288.33
18763,547,26,3,3.0,1,208,196.47
18764,547,52,2,8.0,2,231,29.05
18765,547,9,6,13.0,1,115,254.72
18766,547,43,2,13.0,1,180,40.97
18767,547,55,6,10.0,1,128,268.55
18768,547,76,1,1.0,2,154,327.0
18769,547,24,6,3.0,2,218,204.05
18770,547,72,5,6.0,5,130,389.59
18771,547,21,6,8.0,2,181,307.9
18772,547,14,3,10.0,1,202,354.1
18773,547,46,2,7.0,4,3,2.86
18774,547,93,6,15.0,1,152,39.17
18775,547,29,6,4.0,1,126,264.58
18776,547,41,2,5.0,2,91,77.7
18777,547,99,1,6.0,2,204,21.99
18778,547,92,4,9.0,3,234,69.54
18779,547,35,2,2.0,1,69,362.36
18780,548,102,5,10.0,2,178,332.57
18781,548,88,1,11.0,1,222,52.66
18782,548,8,5,10.0,2,94,268.73
18783,548,36,1,6.0,2,25,112.83
18784,548,80,5,12.0,1,24,351.06
18785,548,33,3,9.0,2,49,136.56
18786,548,26,5,12.0,1,109,196.47
18787,548,48,1,2.0,1,34,77.58
18788,548,68,3,7.0,1,104,31.95
18789,548,90,5,,2,147,85.65
18790,548,58,5,3.0,3,79,86.84
18791,548,52,1,1.0,1,189,29.05
18792,548,96,2,3.0,1,93,231.12
18793,548,31,4,12.0,2,241,276.57
18794,548,71,2,1.0,1,99,273.46
18795,548,113,2,11.0,4,60,268.21
18796,548,93,4,2.0,2,28,39.17
18797,548,119,5,4.0,2,135,399.96
18798,548,52,4,10.0,3,116,29.05
18799,548,39,3,2.0,2,180,170.58
18800,548,36,4,7.0,1,5,112.83
18801,548,3,4,11.0,2,121,184.85
18802,548,24,3,15.0,1,161,204.05
18803,548,69,6,1.0,1,199,334.17
18804,548,41,1,9.0,3,202,77.7
18805,548,57,2,13.0,1,163,184.4
18806,548,1,2,7.0,1,123,382.97
18807,548,88,2,11.0,2,141,52.66
18808,548,118,4,5.0,2,107,102.4
18809,548,100,4,2.0,2,77,320.96
18810,548,32,5,9.0,2,140,360.05
18811,548,61,5,11.0,2,245,327.21
18812,548,83,4,13.0,2,250,19.67
18813,548,9,2,7.0,1,95,254.72
18814,548,63,4,1.0,5,166,114.14
18815,548,35,5,3.0,2,230,362.36
18816,548,73,1,10.0,1,170,352.8
18817,548,69,1,5.0,1,242,334.17
18818,548,63,3,1.0,1,236,114.14
18819,548,6,1,1.0,2,175,342.42
18820,548,72,4,9.0,1,231,389.59
18821,548,26,2,13.0,1,110,196.47
18822,548,84,6,15.0,2,23,288.33
18823,548,112,6,14.0,1,16,89.33
18824,548,98,1,7.0,4,197,89.1
18825,548,11,6,3.0,2,32,274.48
18826,548,64,6,3.0,1,89,254.43
18827,548,66,3,12.0,1,138,134.76
18828,548,109,2,3.0,1,233,378.53
18829,548,10,4,11.0,1,90,153.02
18830,548,7,4,8.0,4,188,255.0
18831,548,35,4,11.0,2,226,362.36
18832,549,35,2,9.0,2,113,362.36
18833,549,7,3,4.0,2,37,255.0
18834,549,66,4,10.0,1,16,134.76
18835,549,67,6,2.0,1,140,177.85
18836,549,35,4,14.0,1,36,362.36
18837,549,12,3,15.0,1,117,322.41
18838,549,14,6,6.0,2,34,354.1
18839,549,51,3,1.0,1,101,384.39
18840,549,111,4,10.0,2,224,299.51
18841,549,116,3,12.0,2,86,74.33
18842,549,55,5,15.0,1,84,268.55
18843,549,34,2,14.0,3,125,4.86
18844,549,16,5,11.0,3,81,359.33
18845,549,69,6,8.0,1,11,334.17
18846,549,104,5,5.0,1,92,194.87
18847,549,10096,6,12.0,1,10,231.12
18848,549,52,4,2.0,1,19,29.05
18849,549,37,1,8.0,1,55,374.33
18850,549,21,6,15.0,1,49,307.9
18851,549,51,1,9.0,5,32,384.39
18852,549,99,2,15.0,4,59,21.99
18853,549,106,1,1.0,1,250,57.07
18854,549,10,5,10.0,1,31,153.02
18855,549,67,5,13.0,1,26,177.85
18856,549,98,4,9.0,2,191,89.1
18857,549,20,3,13.0,2,178,344.59
18858,549,101,2,4.0,2,40,380.12
18859,549,113,3,,1,200,268.21
18860,549,12,1,9.0,1,13,322.41
18861,549,70,1,2.0,2,60,18.65
18862,549,10060,5,11.0,5,165,393.57
18863,549,10096,3,11.0,2,204,231.12
18864,550,116,4,3.0,3,171,74.33
18865,550,10060,3,9.0,3,88,393.57
18866,550,7,1,,1,33,255.0
18867,550,84,1,11.0,1,52,288.33
18868,550,6,4,5.0,1,242,342.42
18869,550,87,4,15.0,1,126,267.42
18870,550,25,3,6.0,1,94,381.49
18871,550,10060,3,15.0,2,159,393.57
18872,550,70,4,12.0,3,149,18.65
18873,550,32,2,9.0,2,216,360.05
18874,550,110,3,8.0,1,170,4.35
18875,550,81,2,5.0,3,80,45.14
18876,550,113,6,6.0,1,54,268.21
18877,550,96,6,13.0,3,109,231.12
18878,550,60,3,3.0,3,220,393.57
18879,550,1,2,8.0,1,59,382.97
18880,550,71,6,8.0,2,207,273.46
18881,550,8,2,14.0,2,95,268.73
18882,550,109,6,15.0,1,180,378.53
18883,550,85,4,,2,200,173.66
18884,550,62,3,14.0,1,81,107.26
18885,550,116,1,12.0,2,142,74.33
18886,550,18,2,11.0,2,115,65.67
18887,550,73,2,5.0,2,249,352.8
18888,550,89,4,4.0,1,23,228.5
18889,550,10055,4,9.0,1,51,268.55
18890,550,63,4,11.0,5,101,114.14
18891,550,67,6,10.0,2,158,177.85
18892,550,102,2,7.0,2,62,332.57
18893,550,69,2,14.0,2,232,334.17
18894,550,83,5,1.0,4,5,19.67
18895,550,29,1,14.0,1,167,264.58
18896,550,118,1,5.0,1,220,102.4
18897,551,7,6,15.0,1,112,255.0
18898,551,56,6,13.0,2,225,269.33
18899,551,103,4,7.0,2,68,105.16
18900,551,60,5,13.0,1,182,393.57
18901,551,26,5,,1,53,196.47
18902,551,25,4,12.0,1,118,381.49
18903,551,60,4,8.0,2,171,393.57
18904,551,31,1,11.0,1,163,276.57
18905,551,76,4,6.0,1,40,327.0
18906,551,34,5,11.0,2,56,4.86
18907,551,65,6,14.0,2,105,38.73
18908,551,112,6,4.0,5,151,89.33
18909,551,35,2,6.0,1,69,362.36
18910,551,87,1,11.0,3,48,267.42
18911,551,47,6,13.0,1,209,279.24
18912,551,119,1,8.0,2,216,399.96
18913,551,52,5,15.0,2,173,29.05
18914,551,71,5,8.0,1,197,273.46
18915,551,4,3,2.0,1,1,118.68
18916,551,46,2,4.0,2,243,2.86
18917,551,79,3,9.0,5,16,272.45
18918,551,118,5,2.0,1,135,102.4
18919,551,97,1,12.0,1,163,99.11
18920,551,26,6,7.0,1,100,196.47
18921,551,45,5,8.0,2,56,193.58
18922,551,41,1,15.0,2,54,77.7
18923,551,2,4,10.0,2,86,144.87
18924,551,88,4,2.0,2,155,52.66
18925,551,39,6,2.0,1,247,170.58
18926,551,80,2,9.0,2,45,351.06
18927,552,38,4,11.0,1,84,323.38
18928,552,41,1,11.0,2,41,77.7
18929,552,112,3,13.0,4,149,89.33
18930,552,79,5,2.0,5,23,272.45
18931,552,10055,4,10.0,2,208,268.55
18932,552,17,1,9.0,2,109,198.42
18933,552,104,1,11.0,2,27,194.87
18934,552,93,6,10.0,4,79,39.17
18935,552,64,3,8.0,2,247,254.43
18936,552,19,5,15.0,2,3,153.88
18937,552,37,1,3.0,1,128,374.33
18938,552,14,5,7.0,1,211,354.1
18939,552,30,2,4.0,1,7,349.23
18940,552,5,5,,2,45,282.42
18941,552,10055,6,14.0,2,188,268.55
18942,552,7,3,11.0,1,229,255.0
18943,552,110,1,4.0,1,29,4.35
18944,552,105,4,1.0,1,13,115.72
18945,552,14,4,7.0,2,20,354.1
18946,552,93,1,12.0,3,92,39.17
18947,552,5,5,14.0,1,209,282.42
18948,552,51,2,12.0,2,148,384.39
18949,552,99,2,12.0,1,52,21.99
18950,552,17,1,4.0,2,242,198.42
18951,552,92,4,5.0,1,58,69.54
18952,552,33,1,3.0,2,112,136.56
18953,552,83,6,4.0,1,123,19.67
18954,552,99,6,4.0,2,69,21.99
18955,552,73,4,14.0,1,239,352.8
18956,552,115,3,12.0,1,249,265.87
18957,552,27,3,12.0,3,214,25.05
18958,552,22,4,5.0,2,224,182.58
18959,552,5,4,7.0,2,233,282.42
18960,553,99,5,6.0,3,225,21.99
18961,553,91,6,11.0,1,147,177.83
18962,553,113,6,5.0,1,148,268.21
18963,553,114,1,7.0,1,77,392.33
18964,553,39,5,8.0,1,62,170.58
18965,553,69,5,7.0,2,20,334.17
18966,553,8,6,10.0,1,65,268.73
18967,553,107,2,15.0,2,122,87.15
18968,553,98,4,1.0,4,225,89.1
18969,553,84,1,2.0,2,191,288.33
18970,553,20,5,15.0,2,14,344.59
18971,553,103,1,1.0,1,235,105.16
18972,553,85,6,7.0,2,238,173.66
18973,553,98,2,9.0,1,175,89.1
18974,553,53,5,9.0,2,106,99.99
18975,553,12,3,9.0,1,3,322.41
18976,553,80,2,13.0,1,232,351.06
18977,553,71,6,11.0,2,131,273.46
18978,553,75,4,14.0,1,2,45.02
18979,553,54,3,4.0,1,182,263.63
18980,553,64,2,8.0,1,170,254.43
18981,553,118,2,3.0,2,179,102.4
18982,553,29,5,10.0,2,200,264.58
18983,553,98,5,12.0,2,131,89.1
18984,553,10096,5,8.0,2,118,231.12
18985,553,92,4,1.0,1,74,69.54
18986,553,100,6,2.0,3,10,320.96
18987,553,69,6,9.0,2,220,334.17
18988,553,10055,5,1.0,1,243,268.55
18989,553,117,3,2.0,1,136,132.08
18990,553,84,5,13.0,2,175,288.33
18991,553,3,4,9.0,1,68,184.85
18992,553,74,3,11.0,1,6,345.9
18993,553,97,5,15.0,5,26,99.11
18994,553,38,5,13.0,2,232,323.38
18995,553,85,2,1.0,2,215,173.66
18996,553,55,3,9.0,2,224,268.55
18997,554,117,1,10.0,2,115,132.08
18998,554,96,6,8.0,1,192,231.12
18999,554,10118,5,9.0,1,191,102.4
19000,554,32,1,6.0,2,247,360.05
19001,554,13,1,,3,26,350.79
19002,554,75,5,3.0,1,20,45.02
19003,554,103,6,3.0,3,51,105.16
19004,554,16,4,5.0,2,249,359.33
19005,554,33,2,5.0,1,246,136.56
19006,554,21,6,9.0,3,177,307.9
19007,554,2,4,4.0,2,60,144.87
19008,554,47,2,8.0,2,186,279.24
19009,554,98,5,13.0,4,68,89.1
19010,555,58,1,14.0,1,234,86.84
19011,555,117,5,4.0,3,210,132.08
19012,555,98,1,6.0,1,32,89.1
19013,555,89,3,13.0,1,234,228.5
19014,555,68,4,10.0,4,125,31.95
19015,555,57,3,7.0,1,125,184.4
19016,555,8,5,,5,98,268.73
19017,555,35,2,13.0,1,98,362.36
19018,555,32,1,1.0,2,138,360.05
19019,555,24,6,2.0,1,32,204.05
19020,555,2,5,13.0,3,232,144.87
19021,555,38,6,9.0,3,108,323.38
19022,555,82,1,7.0,2,56,393.73
19023,555,103,3,9.0,1,70,105.16
19024,555,37,3,13.0,4,220,374.33
19025,555,59,3,6.0,2,89,149.07
19026,555,59,5,6.0,2,128,149.07
19027,555,99,1,13.0,1,207,21.99
19028,555,39,3,10.0,2,142,170.58
19029,555,26,1,2.0,1,147,196.47
19030,555,45,4,6.0,1,64,193.58
19031,555,84,6,6.0,1,52,288.33
19032,555,7,4,14.0,2,246,255.0
19033,555,86,4,4.0,2,20,266.03
19034,555,107,2,7.0,1,146,87.15
19035,555,53,1,3.0,1,135,99.99
19036,555,22,6,8.0,3,163,182.58
19037,555,95,2,,2,171,245.29
19038,555,34,4,12.0,1,16,4.86
19039,555,82,4,13.0,2,216,393.73
19040,555,110,1,15.0,1,84,4.35
19041,555,87,6,11.0,1,26,267.42
19042,555,43,5,10.0,2,219,40.97
19043,555,111,5,15.0,1,196,299.51
19044,555,77,6,14.0,2,23,11.42
19045,555,33,4,14.0,1,226,136.56
19046,555,39,6,4.0,2,157,170.58
19047,555,108,4,2.0,2,191,167.48
19048,555,10055,1,14.0,2,179,268.55
19049,555,95,4,9.0,2,245,245.29
19050,555,95,6,3.0,2,12,245.29
19051,556,108,3,14.0,2,187,167.48
19052,556,88,1,13.0,3,147,52.66
19053,556,84,6,15.0,2,156,288.33
19054,556,63,4,7.0,1,179,114.14
19055,556,1,5,11.0,2,99,382.97
19056,556,23,2,3.0,1,69,204.06
19057,556,46,1,5.0,1,172,2.86
19058,556,60,3,11.0,1,119,393.57
19059,556,82,6,2.0,1,33,393.73
19060,556,95,3,10.0,1,240,245.29
19061,556,67,1,7.0,1,70,177.85
19062,556,89,4,10.0,2,122,228.5
19063,556,101,4,8.0,2,148,380.12
19064,556,72,6,14.0,1,199,389.59
19065,556,18,3,8.0,2,209,65.67
19066,556,58,1,5.0,1,195,86.84
19067,556,58,1,4.0,1,222,86.84
19068,556,82,4,11.0,3,235,393.73
19069,556,47,4,11.0,2,114,279.24
19070,556,87,2,,1,2,267.42
19071,556,69,5,13.0,2,21,334.17
19072,556,3,5,9.0,2,44,184.85
19073,556,27,3,12.0,2,226,25.05
19074,556,101,3,15.0,1,141,380.12
19075,556,119,4,,3,191,399.96
19076,556,9,2,5.0,1,205,254.72
19077,556,53,3,7.0,1,198,99.99
19078,556,49,4,11.0,1,69,217.79
19079,556,40,5,12.0,1,8,162.24
19080,556,12,2,14.0,2,31,322.41
19081,556,88,3,13.0,2,34,52.66
19082,556,66,5,4.0,1,190,134.76
19083,556,52,2,2.0,1,19,29.05
19084,556,98,6,14.0,3,188,89.1
19085,556,51,1,4.0,1,224,384.39
19086,556,17,1,12.0,2,40,198.42
19087,556,93,2,13.0,2,236,39.17
19088,556,105,3,15.0,3,98,115.72
19089,556,117,4,9.0,1,240,132.08
19090,556,55,5,6.0,2,112,268.55
19091,557,59,6,7.0,1,48,149.07
19092,557,19,2,9.0,1,57,153.88
19093,557,32,1,14.0,2,108,360.05
19094,557,49,4,12.0,2,200,217.79
19095,557,57,5,9.0,1,152,184.4
19096,557,1,6,5.0,1,182,382.97
19097,557,66,3,2.0,2,95,134.76
19098,557,49,5,9.0,2,230,217.79
19099,557,109,2,2.0,1,44,378.53
19100,557,47,3,11.0,1,43,279.24
19101,557,4,2,4.0,2,108,118.68
19102,557,36,2,11.0,1,3,112.83
19103,557,116,3,10.0,1,85,74.33
19104,557,95,2,9.0,2,201,245.29
19105,557,29,3,5.0,2,219,264.58
19106,557,10055,4,5.0,2,221,268.55
19107,557,10055,6,4.0,1,132,268.55
19108,557,68,2,7.0,1,107,31.95
19109,557,71,4,12.0,2,22,273.46
19110,557,82,4,8.0,1,114,393.73
19111,557,37,4,3.0,1,208,374.33
19112,557,119,1,6.0,2,106,399.96
19113,557,8,5,15.0,2,98,268.73
19114,557,70,5,6.0,2,13,18.65
19115,557,120,4,14.0,1,39,18.02
19116,557,47,4,10.0,1,125,279.24
19117,557,82,4,3.0,1,146,393.73
19118,557,79,6,13.0,1,20,272.45
19119,557,115,2,1.0,4,130,265.87
19120,557,14,4,11.0,1,140,354.1
19121,557,15,3,14.0,1,83,100.16
19122,557,49,5,,2,44,217.79
19123,557,30,3,2.0,3,237,349.23
19124,557,85,1,11.0,4,60,173.66
19125,557,11,6,7.0,1,47,274.48
19126,557,50,1,9.0,3,59,191.76
19127,557,61,5,2.0,1,198,327.21
19128,557,3,6,8.0,3,16,184.85
19129,557,47,1,14.0,1,228,279.24
19130,557,118,1,14.0,1,145,102.4
19131,557,115,4,6.0,1,82,265.87
19132,557,49,6,7.0,3,66,217.79
19133,557,42,3,13.0,2,193,186.13
19134,557,9,5,8.0,2,212,254.72
19135,557,97,3,2.0,2,119,99.11
19136,557,86,2,9.0,1,181,266.03
19137,557,68,6,,1,182,31.95
19138,557,2,5,13.0,1,53,144.87
19139,557,111,6,13.0,2,68,299.51
19140,557,29,2,13.0,2,23,264.58
19141,557,108,6,14.0,4,23,167.48
19142,557,84,4,14.0,1,25,288.33
19143,557,63,3,15.0,2,49,114.14
19144,558,11,6,12.0,4,71,274.48
19145,558,85,5,12.0,1,48,173.66
19146,558,82,5,7.0,4,68,393.73
19147,558,78,2,12.0,1,33,386.82
19148,558,82,3,5.0,1,185,393.73
19149,558,13,3,8.0,2,134,350.79
19150,558,10118,5,7.0,1,175,102.4
19151,558,19,1,3.0,1,10,153.88
19152,558,56,5,3.0,1,240,269.33
19153,558,4,1,2.0,1,203,118.68
19154,558,68,5,8.0,2,181,31.95
19155,558,45,4,7.0,2,42,193.58
19156,558,111,6,,1,28,299.51
19157,558,53,2,1.0,2,44,99.99
19158,558,93,4,9.0,1,109,39.17
19159,558,91,4,5.0,2,211,177.83
19160,558,93,5,10.0,1,246,39.17
19161,558,64,3,8.0,3,226,254.43
19162,558,56,1,9.0,2,96,269.33
19163,558,66,5,7.0,1,45,134.76
19164,558,28,6,9.0,1,203,195.42
19165,558,85,3,5.0,1,17,173.66
19166,558,69,6,7.0,4,193,334.17
19167,558,95,3,11.0,1,233,245.29
19168,558,77,1,11.0,2,44,11.42
19169,558,96,3,14.0,1,212,231.12
19170,558,7,6,5.0,2,136,255.0
19171,558,35,1,14.0,2,225,362.36
19172,558,9,4,9.0,2,211,254.72
19173,558,44,6,10.0,1,225,370.69
19174,558,26,3,6.0,1,46,196.47
19175,558,71,6,14.0,1,225,273.46
19176,558,83,2,10.0,2,142,19.67
19177,558,12,4,14.0,1,247,322.41
19178,558,11,4,11.0,1,215,274.48
19179,558,86,4,7.0,1,202,266.03
19180,558,108,3,1.0,1,214,167.48
19181,558,10,2,12.0,3,68,153.02
19182,558,80,2,8.0,1,161,351.06
19183,558,9,1,12.0,1,125,254.72
19184,558,10055,6,14.0,3,2,268.55
19185,558,27,4,10.0,1,181,25.05
19186,558,10118,1,7.0,2,92,102.4
19187,559,118,1,12.0,1,214,102.4
19188,559,63,4,10.0,2,121,114.14
19189,559,111,5,4.0,4,38,299.51
19190,559,120,6,9.0,2,30,18.02
19191,559,112,1,,2,26,89.33
19192,559,90,6,12.0,2,100,85.65
19193,559,27,6,2.0,2,151,25.05
19194,559,27,2,15.0,2,154,25.05
19195,559,74,5,13.0,2,83,345.9
19196,559,41,2,7.0,2,45,77.7
19197,559,34,2,12.0,1,116,4.86
19198,559,10,3,8.0,2,178,153.02
19199,559,76,5,12.0,2,12,327.0
19200,559,68,4,7.0,1,35,31.95
19201,559,60,5,3.0,2,155,393.57
19202,559,87,6,15.0,4,69,267.42
19203,559,119,4,12.0,1,249,399.96
19204,559,78,3,7.0,2,154,386.82
19205,559,31,2,8.0,2,47,276.57
19206,559,37,3,14.0,1,8,374.33
19207,559,46,6,11.0,2,33,2.86
19208,559,30,5,1.0,2,146,349.23
19209,559,100,1,11.0,2,61,320.96
19210,559,19,2,15.0,3,142,153.88
19211,559,57,6,5.0,2,78,184.4
19212,559,62,4,11.0,2,204,107.26
19213,559,56,5,6.0,3,248,269.33
19214,559,106,6,6.0,3,177,57.07
19215,559,36,2,5.0,1,229,112.83
19216,559,84,3,7.0,1,68,288.33
19217,559,21,2,,2,157,307.9
19218,559,6,3,4.0,1,201,342.42
19219,559,14,6,9.0,2,96,354.1
19220,559,32,4,3.0,1,214,360.05
19221,559,82,2,11.0,2,145,393.73
19222,559,44,5,11.0,1,49,370.69
19223,559,107,6,6.0,2,223,87.15
19224,559,38,5,12.0,1,173,323.38
19225,560,43,4,8.0,2,103,40.97
19226,560,23,3,14.0,1,20,204.06
19227,560,98,3,13.0,1,13,89.1
19228,560,35,5,4.0,1,229,362.36
19229,560,10055,1,9.0,2,134,268.55
19230,560,72,3,12.0,2,90,389.59
19231,560,7,3,12.0,2,195,255.0
19232,560,10118,4,1.0,1,122,102.4
19233,560,43,2,7.0,1,118,40.97
19234,560,43,3,12.0,2,139,40.97
19235,560,73,2,12.0,1,48,352.8
19236,560,82,6,12.0,4,137,393.73
19237,560,21,4,11.0,1,90,307.9
19238,560,48,5,10.0,2,249,77.58
19239,560,44,5,13.0,1,59,370.69
19240,560,38,1,2.0,4,173,323.38
19241,560,116,2,4.0,1,146,74.33
19242,560,119,1,8.0,1,52,399.96
19243,560,117,6,8.0,1,111,132.08
19244,560,23,6,1.0,3,45,204.06
19245,560,35,3,9.0,1,157,362.36
19246,560,83,3,8.0,2,85,19.67
19247,560,106,2,1.0,2,33,57.07
19248,560,84,5,1.0,2,98,288.33
19249,560,96,6,,2,204,231.12
19250,560,57,3,9.0,1,160,184.4
19251,560,10096,6,3.0,1,221,231.12
19252,560,7,3,11.0,3,202,255.0
19253,560,33,2,10.0,1,112,136.56
19254,560,13,1,10.0,1,232,350.79
19255,560,35,1,10.0,2,242,362.36
19256,560,102,5,13.0,1,19,332.57
19257,560,9,1,3.0,2,149,254.72
19258,560,58,3,7.0,1,158,86.84
19259,560,113,1,2.0,1,116,268.21
19260,560,27,3,7.0,2,5,25.05
19261,560,1,5,,1,61,382.97
19262,560,64,1,8.0,2,24,254.43
19263,560,30,4,13.0,2,20,349.23
19264,560,34,4,2.0,1,198,4.86
19265,561,96,5,13.0,2,162,231.12
19266,561,109,1,7.0,1,9,378.53
19267,561,92,4,9.0,1,224,69.54
19268,561,10096,5,2.0,2,94,231.12
19269,561,91,2,12.0,3,27,177.83
19270,561,61,6,14.0,1,173,327.21
19271,561,46,5,13.0,1,20,2.86
19272,561,4,4,2.0,3,42,118.68
19273,561,65,5,7.0,2,194,38.73
19274,561,5,3,7.0,2,62,282.42
19275,561,43,6,,2,180,40.97
19276,561,65,2,4.0,2,26,38.73
19277,561,71,4,,4,206,273.46
19278,561,75,6,7.0,2,236,45.02
19279,561,44,6,14.0,1,143,370.69
19280,561,113,2,6.0,1,87,268.21
19281,561,114,1,10.0,1,10,392.33
19282,561,73,5,6.0,1,141,352.8
19283,561,115,2,14.0,1,158,265.87
19284,561,21,4,5.0,2,206,307.9
19285,561,107,1,1.0,1,236,87.15
19286,561,25,6,6.0,5,156,381.49
19287,561,73,2,13.0,2,205,352.8
19288,561,110,6,11.0,1,27,4.35
19289,561,90,4,6.0,1,85,85.65
19290,561,108,4,,2,130,167.48
19291,561,115,5,7.0,2,55,265.87
19292,561,2,2,5.0,3,9,144.87
19293,561,17,1,10.0,3,95,198.42
19294,561,69,6,,2,70,334.17
19295,561,10055,3,13.0,2,211,268.55
19296,561,55,2,9.0,2,249,268.55
19297,561,82,1,15.0,2,122,393.73
19298,561,68,5,11.0,2,46,31.95
19299,561,45,1,12.0,1,6,193.58
19300,561,48,5,1.0,2,86,77.58
19301,562,3,3,9.0,3,25,184.85
19302,562,59,5,2.0,1,40,149.07
19303,562,15,3,4.0,1,132,100.16
19304,562,75,1,6.0,1,139,45.02
19305,562,35,5,3.0,2,136,362.36
19306,562,13,6,2.0,2,186,350.79
19307,562,10118,1,10.0,2,172,102.4
19308,562,22,5,7.0,2,240,182.58
19309,562,72,3,1.0,1,184,389.59
19310,562,96,5,4.0,1,219,231.12
19311,562,110,2,9.0,1,211,4.35
19312,562,66,2,15.0,2,47,134.76
19313,562,69,5,13.0,2,175,334.17
19314,562,43,4,5.0,2,173,40.97
19315,562,96,2,12.0,2,169,231.12
19316,562,114,4,6.0,1,133,392.33
19317,562,2,6,9.0,1,170,144.87
19318,562,12,4,6.0,2,142,322.41
19319,562,40,1,6.0,2,250,162.24
19320,562,117,1,15.0,3,221,132.08
19321,562,85,2,10.0,5,52,173.66
19322,562,60,2,4.0,1,13,393.57
19323,562,92,6,9.0,3,159,69.54
19324,562,62,4,1.0,1,77,107.26
19325,562,45,6,11.0,2,32,193.58
19326,562,44,2,4.0,2,7,370.69
19327,562,78,3,5.0,1,179,386.82
19328,562,64,3,15.0,1,30,254.43
19329,562,14,5,7.0,1,94,354.1
19330,562,48,5,5.0,1,233,77.58
19331,562,44,5,3.0,1,231,370.69
19332,562,14,2,9.0,2,39,354.1
19333,562,36,4,9.0,1,227,112.83
19334,563,81,4,6.0,1,60,45.14
19335,563,33,1,4.0,2,196,136.56
19336,563,10,4,6.0,1,134,153.02
19337,563,44,5,3.0,2,217,370.69
19338,563,42,4,4.0,4,54,186.13
19339,563,15,4,9.0,1,152,100.16
19340,563,9,1,12.0,1,110,254.72
19341,563,107,6,12.0,3,49,87.15
19342,563,74,5,10.0,3,224,345.9
19343,563,5,5,,2,89,282.42
19344,563,100,2,2.0,1,94,320.96
19345,563,10055,5,15.0,2,224,268.55
19346,563,101,4,,2,104,380.12
19347,563,69,1,4.0,1,246,334.17
19348,563,112,4,12.0,1,190,89.33
19349,563,6,1,2.0,2,186,342.42
19350,563,53,6,,2,106,99.99
19351,563,50,4,2.0,1,170,191.76
19352,563,44,6,8.0,2,173,370.69
19353,563,31,1,10.0,1,199,276.57
19354,563,76,2,15.0,1,31,327.0
19355,563,108,1,1.0,2,131,167.48
19356,563,39,3,6.0,2,22,170.58
19357,563,93,4,7.0,2,55,39.17
19358,563,10096,5,8.0,2,119,231.12
19359,563,98,6,10.0,2,89,89.1
19360,563,28,3,15.0,3,132,195.42
19361,563,10118,1,4.0,2,50,102.4
19362,563,43,4,8.0,1,171,40.97
19363,563,70,6,8.0,1,209,18.65
19364,563,57,1,3.0,1,207,184.4
19365,563,39,3,11.0,1,134,170.58
19366,563,22,6,8.0,2,199,182.58
19367,563,116,2,5.0,1,8,74.33
19368,563,34,6,14.0,1,131,4.86
19369,564,69,4,10.0,2,238,334.17
19370,564,116,5,12.0,2,233,74.33
19371,564,72,4,11.0,2,30,389.59
19372,564,74,1,10.0,1,101,345.9
19373,564,90,1,11.0,2,166,85.65
19374,564,72,3,2.0,2,163,389.59
19375,564,97,3,3.0,1,93,99.11
19376,564,55,3,,2,216,268.55
19377,564,79,3,3.0,1,18,272.45
19378,564,81,4,6.0,2,38,45.14
19379,564,37,4,1.0,3,156,374.33
19380,564,44,6,2.0,2,230,370.69
19381,564,57,4,15.0,2,108,184.4
19382,564,89,1,3.0,1,8,228.5
19383,564,22,6,6.0,1,201,182.58
19384,564,69,6,14.0,2,115,334.17
19385,564,20,6,9.0,3,82,344.59
19386,564,63,1,6.0,2,121,114.14
19387,564,48,1,9.0,2,101,77.58
19388,564,38,5,14.0,2,193,323.38
19389,564,4,5,3.0,2,179,118.68
19390,564,89,5,2.0,1,117,228.5
19391,564,50,4,8.0,2,126,191.76
19392,564,62,3,13.0,1,233,107.26
19393,564,108,6,,1,31,167.48
19394,564,64,5,14.0,2,72,254.43
19395,564,48,1,14.0,1,165,77.58
19396,564,10096,1,4.0,2,100,231.12
19397,564,66,4,14.0,2,63,134.76
19398,564,10,1,13.0,2,65,153.02
19399,564,91,1,15.0,1,17,177.83
19400,564,71,4,3.0,1,34,273.46
19401,564,35,5,14.0,4,56,362.36
19402,564,39,6,4.0,1,151,170.58
19403,564,35,1,5.0,2,237,362.36
19404,564,67,1,5.0,2,136,177.85
19405,564,15,5,8.0,2,109,100.16
19406,564,91,6,3.0,1,228,177.83
19407,564,92,2,1.0,2,163,69.54
19408,564,79,3,12.0,2,175,272.45
19409,564,40,3,14.0,4,241,162.24
19410,564,112,5,14.0,2,161,89.33
19411,564,11,3,1.0,4,200,274.48
19412,564,84,1,14.0,1,134,288.33
19413,565,76,6,9.0,2,250,327.0
19414,565,42,5,9.0,1,101,186.13
19415,565,120,4,1.0,1,214,18.02
19416,565,99,3,5.0,2,7,21.99
19417,565,10060,4,1.0,2,87,393.57
19418,565,24,3,15.0,5,230,204.05
19419,565,113,4,9.0,5,204,268.21
19420,565,80,4,2.0,1,2,351.06
19421,565,116,6,4.0,1,95,74.33
19422,565,32,5,15.0,2,143,360.05
19423,565,27,6,3.0,4,219,25.05
19424,565,7,5,5.0,2,91,255.0
19425,565,28,1,2.0,2,15,195.42
19426,565,42,6,3.0,4,173,186.13
19427,565,44,4,9.0,2,115,370.69
19428,565,87,2,2.0,1,204,267.42
19429,565,99,6,15.0,1,183,21.99
19430,565,6,3,15.0,1,98,342.42
19431,565,70,3,14.0,1,192,18.65
19432,565,19,4,2.0,3,35,153.88
19433,565,7,1,12.0,2,47,255.0
19434,565,32,4,15.0,1,58,360.05
19435,565,110,4,1.0,3,64,4.35
19436,565,115,3,4.0,4,90,265.87
19437,565,97,6,10.0,1,169,99.11
19438,565,66,4,6.0,1,9,134.76
19439,565,31,2,15.0,1,78,276.57
19440,565,87,4,10.0,1,248,267.42
19441,565,42,2,7.0,1,230,186.13
19442,565,27,6,7.0,5,175,25.05
19443,565,118,1,3.0,2,237,102.4
19444,565,100,1,9.0,1,87,320.96
19445,565,25,1,4.0,1,225,381.49
19446,566,33,2,12.0,2,237,136.56
19447,566,10,1,12.0,1,131,153.02
19448,566,97,6,5.0,3,92,99.11
19449,566,60,6,1.0,2,244,393.57
19450,566,77,4,11.0,1,199,11.42
19451,566,80,5,10.0,2,2,351.06
19452,566,8,1,9.0,2,27,268.73
19453,566,109,1,9.0,2,86,378.53
19454,566,120,5,14.0,3,12,18.02
19455,566,13,1,2.0,2,176,350.79
19456,566,119,4,8.0,1,151,399.96
19457,566,119,1,8.0,2,77,399.96
19458,566,32,3,11.0,1,217,360.05
19459,566,22,6,4.0,1,16,182.58
19460,566,27,1,4.0,1,143,25.05
19461,566,81,1,3.0,1,40,45.14
19462,566,100,3,12.0,1,206,320.96
19463,566,71,6,8.0,1,114,273.46
19464,566,108,1,12.0,4,7,167.48
19465,566,11,6,13.0,2,60,274.48
19466,566,91,3,2.0,1,53,177.83
19467,566,70,2,9.0,2,64,18.65
19468,566,114,2,5.0,1,111,392.33
19469,566,53,3,1.0,1,209,99.99
19470,566,90,1,5.0,1,208,85.65
19471,566,79,1,5.0,1,249,272.45
19472,567,114,2,15.0,2,11,392.33
19473,567,21,6,9.0,1,5,307.9
19474,567,98,5,6.0,2,204,89.1
19475,567,44,2,5.0,1,247,370.69
19476,567,2,5,8.0,2,213,144.87
19477,567,10055,6,1.0,2,37,268.55
19478,567,95,4,9.0,1,237,245.29
19479,567,70,4,9.0,1,31,18.65
19480,567,16,4,1.0,5,33,359.33
19481,567,40,5,9.0,4,236,162.24
19482,567,112,4,11.0,2,102,89.33
19483,567,61,4,8.0,3,43,327.21
19484,567,58,2,13.0,2,91,86.84
19485,567,82,2,9.0,2,222,393.73
19486,567,95,5,13.0,1,51,245.29
19487,567,29,2,13.0,1,16,264.58
19488,567,21,4,7.0,1,189,307.9
19489,567,10118,2,3.0,3,35,102.4
19490,567,39,4,11.0,1,211,170.58
19491,567,52,6,11.0,1,236,29.05
19492,567,18,4,2.0,2,154,65.67
19493,567,112,5,4.0,2,1,89.33
19494,567,37,1,12.0,1,159,374.33
19495,567,105,3,8.0,2,177,115.72
19496,568,69,6,5.0,2,116,334.17
19497,568,93,4,12.0,1,100,39.17
19498,568,37,5,7.0,2,79,374.33
19499,568,72,2,12.0,2,5,389.59
19500,568,65,5,1.0,2,141,38.73
19501,568,41,1,12.0,1,76,77.7
19502,568,26,2,14.0,1,91,196.47
19503,568,88,2,15.0,2,198,52.66
19504,568,83,1,12.0,1,231,19.67
19505,568,10055,3,13.0,2,194,268.55
19506,568,59,2,11.0,2,41,149.07
19507,568,49,1,6.0,2,159,217.79
19508,568,6,3,8.0,2,21,342.42
19509,568,76,4,12.0,3,205,327.0
19510,568,77,4,12.0,4,225,11.42
19511,568,29,1,2.0,2,40,264.58
19512,568,63,5,14.0,1,110,114.14
19513,568,86,1,14.0,1,12,266.03
19514,568,44,1,15.0,1,36,370.69
19515,568,24,3,2.0,2,219,204.05
19516,568,80,1,7.0,2,39,351.06
19517,568,76,4,6.0,1,188,327.0
19518,568,6,3,7.0,1,40,342.42
19519,568,88,4,9.0,1,236,52.66
19520,568,108,1,11.0,1,28,167.48
19521,568,101,4,3.0,2,173,380.12
19522,568,14,4,4.0,1,170,354.1
19523,568,89,5,1.0,2,102,228.5
19524,568,18,3,12.0,2,93,65.67
19525,568,102,6,10.0,1,115,332.57
19526,568,22,3,9.0,2,122,182.58
19527,568,18,6,13.0,1,132,65.67
19528,568,33,2,15.0,2,149,136.56
19529,568,48,4,2.0,1,217,77.58
19530,568,19,6,11.0,2,53,153.88
19531,568,5,3,4.0,1,145,282.42
19532,569,102,1,,3,101,332.57
19533,569,87,4,10.0,2,126,267.42
19534,569,36,1,8.0,2,65,112.83
19535,569,80,5,4.0,4,38,351.06
19536,569,92,5,15.0,1,164,69.54
19537,569,73,2,4.0,2,14,352.8
19538,569,62,2,10.0,2,213,107.26
19539,569,58,1,4.0,1,73,86.84
19540,569,101,4,9.0,2,79,380.12
19541,569,84,5,11.0,5,15,288.33
19542,569,76,4,10.0,2,57,327.0
19543,569,58,5,15.0,1,15,86.84
19544,569,48,3,2.0,2,98,77.58
19545,569,109,3,15.0,1,59,378.53
19546,569,108,3,7.0,4,112,167.48
19547,569,111,1,8.0,2,207,299.51
19548,569,53,2,3.0,2,201,99.99
19549,569,20,5,13.0,1,237,344.59
19550,569,12,2,3.0,2,12,322.41
19551,569,64,2,14.0,1,185,254.43
19552,569,44,2,15.0,1,46,370.69
19553,569,38,5,6.0,1,227,323.38
19554,569,23,6,4.0,2,10,204.06
19555,569,15,1,7.0,3,138,100.16
19556,569,13,3,1.0,2,189,350.79
19557,569,46,3,2.0,3,36,2.86
19558,569,38,6,7.0,3,144,323.38
19559,569,89,1,15.0,3,103,228.5
19560,569,35,2,1.0,1,172,362.36
19561,569,28,5,3.0,1,186,195.42
19562,569,39,3,6.0,1,138,170.58
19563,569,12,1,2.0,1,127,322.41
19564,569,77,6,3.0,2,15,11.42
19565,569,5,3,8.0,2,232,282.42
19566,569,19,5,4.0,2,57,153.88
19567,569,83,3,8.0,1,50,19.67
19568,569,76,3,2.0,2,39,327.0
19569,569,66,5,5.0,2,88,134.76
19570,569,97,5,10.0,1,221,99.11
19571,569,30,2,5.0,4,128,349.23
19572,569,10060,4,12.0,2,123,393.57
19573,569,106,6,15.0,1,118,57.07
19574,569,70,4,11.0,2,243,18.65
19575,569,69,6,7.0,2,156,334.17
19576,569,46,1,4.0,2,178,2.86
19577,569,54,6,6.0,2,144,263.63
19578,569,97,1,14.0,2,84,99.11
19579,569,91,4,15.0,1,38,177.83
19580,569,73,4,15.0,1,58,352.8
19581,569,79,6,9.0,2,143,272.45
19582,570,9,1,15.0,1,243,254.72
19583,570,87,6,9.0,1,43,267.42
19584,570,95,4,12.0,2,244,245.29
19585,570,109,4,5.0,2,112,378.53
19586,570,74,5,14.0,2,206,345.9
19587,570,26,2,8.0,4,87,196.47
19588,570,10096,1,6.0,4,92,231.12
19589,570,103,5,13.0,3,68,105.16
19590,570,36,1,13.0,3,33,112.83
19591,570,80,3,5.0,2,228,351.06
19592,570,73,2,10.0,1,124,352.8
19593,570,22,6,10.0,1,238,182.58
19594,570,16,2,2.0,2,183,359.33
19595,570,72,5,14.0,2,53,389.59
19596,570,118,6,13.0,2,42,102.4
19597,570,48,4,12.0,2,99,77.58
19598,570,45,1,10.0,2,89,193.58
19599,570,17,3,15.0,2,55,198.42
19600,570,68,1,1.0,1,10,31.95
19601,570,71,1,,1,229,273.46
19602,570,116,1,11.0,2,192,74.33
19603,570,105,5,4.0,1,19,115.72
19604,570,6,4,3.0,1,153,342.42
19605,570,79,6,13.0,2,168,272.45
19606,570,97,4,13.0,2,42,99.11
19607,570,52,5,1.0,4,128,29.05
19608,570,118,5,11.0,1,23,102.4
19609,570,112,2,12.0,2,94,89.33
19610,570,39,4,,1,230,170.58
19611,570,64,5,5.0,1,2,254.43
19612,570,10096,2,9.0,1,159,231.12
19613,570,119,4,2.0,2,21,399.96
19614,570,55,2,6.0,2,245,268.55
19615,570,61,2,6.0,2,173,327.21
19616,570,113,2,2.0,1,95,268.21
19617,570,47,2,6.0,1,51,279.24
19618,570,19,1,11.0,2,24,153.88
19619,570,64,6,10.0,1,62,254.43
19620,570,102,5,1.0,2,189,332.57
19621,570,106,1,3.0,4,132,57.07
19622,570,7,1,8.0,1,36,255.0
19623,571,51,6,11.0,2,237,384.39
19624,571,100,5,3.0,2,196,320.96
19625,571,107,5,15.0,1,12,87.15
19626,571,107,2,7.0,2,212,87.15
19627,571,11,3,4.0,4,139,274.48
19628,571,11,5,15.0,1,131,274.48
19629,571,90,3,12.0,2,246,85.65
19630,571,71,6,8.0,1,212,273.46
19631,571,3,1,6.0,1,155,184.85
19632,571,74,6,1.0,1,200,345.9
19633,571,96,3,11.0,2,171,231.12
19634,571,61,6,15.0,4,220,327.21
19635,571,105,4,4.0,1,143,115.72
19636,571,15,3,1.0,2,91,100.16
19637,571,91,3,11.0,1,172,177.83
19638,571,3,2,7.0,2,78,184.85
19639,571,20,5,6.0,3,149,344.59
19640,571,19,6,15.0,2,241,153.88
19641,571,24,3,12.0,2,14,204.05
19642,571,119,5,,2,40,399.96
19643,571,45,5,14.0,2,75,193.58
19644,571,82,5,4.0,1,185,393.73
19645,571,62,5,,3,127,107.26
19646,571,36,3,5.0,1,195,112.83
19647,571,29,2,8.0,1,133,264.58
19648,571,91,6,6.0,2,204,177.83
19649,571,4,3,,2,157,118.68
19650,571,71,4,12.0,2,81,273.46
19651,571,45,4,5.0,1,201,193.58
19652,571,99,3,9.0,2,121,21.99
19653,571,3,1,7.0,1,147,184.85
19654,571,56,5,,1,212,269.33
19655,571,38,3,12.0,2,61,323.38
19656,571,58,1,15.0,2,166,86.84
19657,571,44,3,1.0,1,195,370.69
19658,571,10055,1,8.0,1,242,268.55
19659,571,10096,5,2.0,1,167,231.12
19660,571,106,3,11.0,1,176,57.07
19661,572,108,4,3.0,2,101,167.48
19662,572,114,5,15.0,2,158,392.33
19663,572,31,2,13.0,3,198,276.57
19664,572,25,4,4.0,1,10,381.49
19665,572,8,1,4.0,3,200,268.73
19666,572,93,1,13.0,2,197,39.17
19667,572,72,5,8.0,1,135,389.59
19668,572,32,2,13.0,1,35,360.05
19669,572,55,3,6.0,1,137,268.55
19670,572,116,5,14.0,1,127,74.33
19671,572,71,1,15.0,1,15,273.46
19672,572,13,6,14.0,2,108,350.79
19673,572,5,5,9.0,1,122,282.42
19674,572,38,1,11.0,1,21,323.38
19675,572,10055,5,4.0,2,3,268.55
19676,572,114,2,2.0,3,207,392.33
19677,572,110,1,7.0,1,195,4.35
19678,572,100,3,7.0,2,194,320.96
19679,572,89,1,,2,236,228.5
19680,572,50,3,15.0,2,188,191.76
19681,572,108,2,3.0,1,67,167.48
19682,572,69,2,5.0,1,184,334.17
19683,572,24,5,2.0,1,249,204.05
19684,572,31,5,1.0,4,200,276.57
19685,572,40,1,6.0,2,48,162.24
19686,572,51,1,7.0,5,249,384.39
19687,572,35,6,2.0,1,226,362.36
19688,572,82,6,10.0,1,105,393.73
19689,572,57,4,13.0,3,171,184.4
19690,572,117,1,5.0,2,45,132.08
19691,573,5,3,4.0,1,182,282.42
19692,573,1,4,4.0,1,16,382.97
19693,573,4,3,9.0,4,36,118.68
19694,573,63,2,6.0,4,119,114.14
19695,573,110,2,5.0,2,109,4.35
19696,573,19,6,12.0,2,168,153.88
19697,573,80,5,4.0,2,235,351.06
19698,573,93,6,10.0,2,32,39.17
19699,573,119,2,7.0,1,104,399.96
19700,573,22,3,13.0,1,118,182.58
19701,573,37,3,5.0,2,68,374.33
19702,573,107,3,7.0,3,234,87.15
19703,573,5,5,1.0,1,201,282.42
19704,573,77,5,11.0,1,20,11.42
19705,573,12,3,7.0,2,232,322.41
19706,573,25,4,12.0,2,180,381.49
19707,573,41,4,10.0,2,172,77.7
19708,573,9,6,5.0,4,159,254.72
19709,573,92,1,14.0,2,121,69.54
19710,573,90,1,15.0,1,197,85.65
19711,573,14,1,9.0,2,199,354.1
19712,573,24,5,4.0,2,117,204.05
19713,573,61,2,7.0,2,194,327.21
19714,573,68,5,9.0,5,197,31.95
19715,573,13,5,15.0,1,42,350.79
19716,573,13,3,2.0,1,26,350.79
19717,573,108,2,4.0,5,70,167.48
19718,573,36,3,5.0,3,1,112.83
19719,573,114,2,14.0,2,19,392.33
19720,573,95,1,6.0,3,151,245.29
19721,573,101,4,13.0,1,116,380.12
19722,573,100,6,2.0,3,32,320.96
19723,573,25,6,1.0,1,19,381.49
19724,573,101,4,4.0,2,55,380.12
19725,573,76,4,6.0,2,122,327.0
19726,573,77,4,8.0,2,184,11.42
19727,573,14,2,15.0,3,200,354.1
19728,573,15,3,3.0,1,80,100.16
19729,573,105,1,,2,206,115.72
19730,573,78,1,,2,70,386.82
19731,573,9,6,7.0,1,223,254.72
19732,573,53,4,2.0,1,2,99.99
19733,573,97,1,12.0,2,116,99.11
19734,573,15,6,9.0,1,166,100.16
19735,574,105,5,8.0,2,118,115.72
19736,574,8,1,1.0,1,104,268.73
19737,574,30,1,9.0,1,86,349.23
19738,574,29,4,2.0,2,45,264.58
19739,574,42,3,10.0,2,94,186.13
19740,574,29,6,11.0,3,35,264.58
19741,574,109,3,15.0,1,139,378.53
19742,574,62,6,12.0,1,14,107.26
19743,574,89,3,15.0,2,192,228.5
19744,574,93,6,,1,84,39.17
19745,574,70,5,2.0,1,67,18.65
19746,574,46,1,1.0,2,72,2.86
19747,574,45,6,6.0,3,131,193.58
19748,574,71,3,7.0,1,85,273.46
19749,574,65,6,9.0,1,196,38.73
19750,574,80,4,5.0,5,68,351.06
19751,574,4,2,10.0,2,244,118.68
19752,574,59,6,6.0,1,222,149.07
19753,574,81,5,3.0,1,6,45.14
19754,574,5,3,13.0,1,80,282.42
19755,574,93,4,15.0,1,194,39.17
19756,574,114,3,4.0,2,198,392.33
19757,574,116,6,2.0,3,73,74.33
19758,574,5,4,14.0,2,243,282.42
19759,574,72,6,10.0,1,177,389.59
19760,574,110,3,8.0,1,188,4.35
19761,574,111,3,14.0,2,90,299.51
19762,574,39,4,5.0,1,206,170.58
19763,574,44,2,15.0,1,205,370.69
19764,574,54,4,4.0,2,110,263.63
19765,574,88,4,11.0,1,144,52.66
19766,574,10118,2,14.0,1,122,102.4
19767,575,61,6,13.0,2,113,327.21
19768,575,84,2,9.0,1,50,288.33
19769,575,26,5,3.0,1,5,196.47
19770,575,7,2,11.0,2,244,255.0
19771,575,37,6,,1,52,374.33
19772,575,62,6,3.0,1,149,107.26
19773,575,17,6,5.0,1,33,198.42
19774,575,19,4,12.0,2,85,153.88
19775,575,109,6,3.0,2,109,378.53
19776,575,4,4,14.0,2,216,118.68
19777,575,96,1,11.0,3,56,231.12
19778,575,13,4,,1,21,350.79
19779,575,17,3,12.0,2,4,198.42
19780,575,55,1,1.0,2,139,268.55
19781,575,67,1,12.0,1,114,177.85
19782,575,90,5,9.0,2,122,85.65
19783,575,46,6,14.0,1,18,2.86
19784,575,85,6,2.0,2,158,173.66
19785,575,29,5,4.0,2,94,264.58
19786,575,30,1,14.0,1,248,349.23
19787,575,93,4,9.0,1,211,39.17
19788,575,30,5,13.0,1,3,349.23
19789,575,35,5,1.0,3,28,362.36
19790,575,52,6,10.0,1,15,29.05
19791,575,40,6,2.0,1,158,162.24
19792,575,69,6,10.0,2,56,334.17
19793,575,50,6,8.0,3,50,191.76
19794,575,24,3,12.0,1,101,204.05
19795,575,34,2,3.0,1,29,4.86
19796,575,5,2,10.0,1,170,282.42
19797,575,70,5,11.0,2,75,18.65
19798,575,14,4,2.0,2,169,354.1
19799,575,17,2,3.0,1,138,198.42
19800,576,98,3,6.0,2,163,89.1
19801,576,108,2,7.0,4,92,167.48
19802,576,46,5,6.0,2,64,2.86
19803,576,105,3,14.0,2,210,115.72
19804,576,102,4,6.0,1,121,332.57
19805,576,39,5,13.0,1,243,170.58
19806,576,54,6,15.0,2,118,263.63
19807,576,67,5,13.0,1,47,177.85
19808,576,57,1,7.0,2,34,184.4
19809,576,70,3,5.0,1,211,18.65
19810,576,11,4,3.0,2,14,274.48
19811,576,93,5,9.0,2,77,39.17
19812,576,55,1,9.0,2,105,268.55
19813,576,24,4,14.0,1,83,204.05
19814,576,77,3,,2,191,11.42
19815,576,56,5,3.0,1,84,269.33
19816,576,109,3,11.0,3,39,378.53
19817,576,10118,3,4.0,2,247,102.4
19818,576,33,1,7.0,1,43,136.56
19819,576,78,5,11.0,1,190,386.82
19820,576,16,3,15.0,2,188,359.33
19821,576,25,5,5.0,2,196,381.49
19822,576,84,4,11.0,1,62,288.33
19823,576,60,2,6.0,2,146,393.57
19824,576,64,6,2.0,2,32,254.43
19825,576,26,1,7.0,3,195,196.47
19826,576,108,3,11.0,3,178,167.48
19827,576,54,3,1.0,2,228,263.63
19828,576,120,5,1.0,1,233,18.02
19829,576,72,4,15.0,3,134,389.59
19830,576,6,1,,2,112,342.42
19831,576,91,4,11.0,2,171,177.83
19832,576,36,1,1.0,1,239,112.83
19833,577,86,1,4.0,4,40,266.03
19834,577,105,3,6.0,3,227,115.72
19835,577,8,6,12.0,2,156,268.73
19836,577,100,6,1.0,1,90,320.96
19837,577,35,4,13.0,2,233,362.36
19838,577,38,6,,1,219,323.38
19839,577,4,4,12.0,4,58,118.68
19840,577,65,6,5.0,1,192,38.73
19841,577,30,6,9.0,2,154,349.23
19842,577,98,4,13.0,2,106,89.1
19843,577,31,5,11.0,2,107,276.57
19844,577,79,4,4.0,1,183,272.45
19845,577,51,3,8.0,2,113,384.39
19846,577,96,1,2.0,1,165,231.12
19847,577,35,2,12.0,1,239,362.36
19848,577,109,1,14.0,2,161,378.53
19849,577,46,5,2.0,2,66,2.86
19850,577,10055,1,6.0,1,52,268.55
19851,577,80,3,11.0,1,132,351.06
19852,577,6,2,5.0,2,79,342.42
19853,577,74,6,10.0,5,94,345.9
19854,577,92,3,,2,233,69.54
19855,577,38,5,4.0,2,243,323.38
19856,577,33,5,3.0,1,81,136.56
19857,577,29,6,13.0,3,134,264.58
19858,577,111,6,6.0,2,95,299.51
19859,577,24,6,11.0,1,71,204.05
19860,577,72,5,9.0,1,169,389.59
19861,577,45,3,13.0,4,141,193.58
19862,577,51,5,7.0,2,175,384.39
19863,577,99,3,7.0,1,116,21.99
19864,577,63,3,8.0,1,216,114.14
19865,577,57,6,14.0,3,100,184.4
19866,577,108,1,9.0,1,19,167.48
19867,577,116,3,14.0,1,136,74.33
19868,577,72,6,10.0,1,31,389.59
19869,577,49,1,11.0,1,71,217.79
19870,577,64,3,13.0,2,19,254.43
19871,577,9,3,6.0,2,224,254.72
19872,577,87,5,8.0,3,28,267.42
19873,577,6,2,13.0,2,40,342.42
19874,577,28,3,6.0,2,11,195.42
19875,577,89,4,4.0,2,213,228.5
19876,577,109,5,3.0,1,141,378.53
19877,577,16,5,10.0,2,155,359.33
19878,577,21,5,14.0,2,11,307.9
19879,577,105,4,3.0,2,107,115.72
19880,577,82,5,2.0,3,174,393.73
19881,578,102,3,15.0,1,151,332.57
19882,578,8,6,15.0,2,46,268.73
19883,578,45,5,7.0,1,58,193.58
19884,578,90,3,12.0,1,245,85.65
19885,578,82,1,,1,95,393.73
19886,578,114,5,2.0,2,157,392.33
19887,578,16,1,15.0,2,59,359.33
19888,578,88,3,8.0,1,6,52.66
19889,578,33,6,11.0,1,71,136.56
19890,578,8,6,9.0,1,181,268.73
19891,578,115,3,5.0,1,246,265.87
19892,578,5,3,13.0,2,195,282.42
19893,578,47,6,9.0,4,97,279.24
19894,578,34,3,5.0,2,101,4.86
19895,578,61,2,4.0,1,24,327.21
19896,578,32,3,2.0,2,168,360.05
19897,578,72,5,9.0,1,57,389.59
19898,578,10055,4,4.0,1,179,268.55
19899,578,39,5,13.0,1,2,170.58
19900,578,7,2,3.0,2,60,255.0
19901,578,30,2,14.0,4,105,349.23
19902,578,76,6,1.0,5,3,327.0
19903,578,58,5,,1,218,86.84
19904,578,27,5,12.0,1,136,25.05
19905,578,95,5,11.0,1,26,245.29
19906,578,116,4,2.0,2,188,74.33
19907,578,6,4,4.0,1,229,342.42
19908,579,104,5,7.0,5,112,194.87
19909,579,66,1,10.0,1,119,134.76
19910,579,25,3,13.0,2,71,381.49
19911,579,82,1,7.0,1,195,393.73
19912,579,32,4,,1,154,360.05
19913,579,28,1,2.0,1,40,195.42
19914,579,78,5,15.0,2,150,386.82
19915,579,66,3,13.0,2,244,134.76
19916,579,102,2,14.0,1,136,332.57
19917,579,55,3,5.0,2,55,268.55
19918,579,6,4,3.0,1,90,342.42
19919,579,19,5,10.0,2,234,153.88
19920,579,26,3,12.0,1,238,196.47
19921,579,14,3,8.0,2,159,354.1
19922,579,74,3,2.0,2,179,345.9
19923,579,89,1,1.0,2,135,228.5
19924,579,74,2,2.0,1,106,345.9
19925,579,35,4,,3,31,362.36
19926,579,99,3,9.0,2,62,21.99
19927,579,87,5,10.0,2,175,267.42
19928,579,81,4,2.0,2,122,45.14
19929,579,83,6,10.0,2,122,19.67
19930,579,15,3,2.0,1,25,100.16
19931,579,105,5,11.0,3,231,115.72
19932,579,74,5,,2,85,345.9
19933,579,78,6,6.0,1,130,386.82
19934,579,34,6,8.0,3,159,4.86
19935,579,69,3,1.0,1,70,334.17
19936,579,13,1,4.0,1,56,350.79
19937,579,8,1,4.0,1,56,268.73
19938,579,30,5,13.0,3,122,349.23
19939,579,10,4,9.0,1,75,153.02
19940,579,69,5,9.0,1,208,334.17
19941,579,70,4,5.0,1,135,18.65
19942,579,16,2,2.0,1,128,359.33
19943,579,48,5,2.0,3,205,77.58
19944,579,54,3,13.0,3,144,263.63
19945,579,82,6,15.0,3,194,393.73
19946,579,4,3,13.0,2,78,118.68
19947,579,10060,1,12.0,2,71,393.57
19948,579,76,1,8.0,3,13,327.0
19949,579,35,4,14.0,2,43,362.36
19950,579,18,1,14.0,5,61,65.67
19951,579,60,4,2.0,1,91,393.57
19952,579,111,2,11.0,2,28,299.51
19953,579,49,3,4.0,4,161,217.79
19954,579,13,4,11.0,1,73,350.79
19955,579,114,2,14.0,2,161,392.33
19956,579,83,2,4.0,1,75,19.67
19957,579,111,1,10.0,2,44,299.51
19958,579,13,1,3.0,1,191,350.79
19959,579,109,4,15.0,1,172,378.53
19960,579,65,5,7.0,2,102,38.73
19961,580,5,3,14.0,5,162,282.42
19962,580,27,1,12.0,1,158,25.05
19963,580,98,5,11.0,4,160,89.1
19964,580,116,4,2.0,2,226,74.33
19965,580,57,4,8.0,3,203,184.4
19966,580,3,6,3.0,2,248,184.85
19967,580,3,1,4.0,2,18,184.85
19968,580,72,1,1.0,4,157,389.59
19969,580,21,6,12.0,2,228,307.9
19970,580,28,3,6.0,5,235,195.42
19971,580,79,6,1.0,3,46,272.45
19972,580,83,4,4.0,2,99,19.67
19973,580,73,6,8.0,1,179,352.8
19974,580,109,4,12.0,2,172,378.53
19975,580,101,6,9.0,3,193,380.12
19976,580,48,4,10.0,4,249,77.58
19977,580,21,5,13.0,1,164,307.9
19978,580,97,1,13.0,1,230,99.11
19979,580,111,2,11.0,4,185,299.51
19980,580,67,1,3.0,1,43,177.85
19981,580,113,2,9.0,3,117,268.21
19982,580,58,2,9.0,2,209,86.84
19983,580,57,2,10.0,2,220,184.4
19984,580,25,6,5.0,3,106,381.49
19985,580,49,2,14.0,2,182,217.79
19986,580,82,1,4.0,2,125,393.73
19987,580,48,5,4.0,1,171,77.58
19988,580,28,3,4.0,1,179,195.42
19989,580,51,1,4.0,5,165,384.39
19990,580,11,3,7.0,2,19,274.48
19991,580,68,1,15.0,1,70,31.95
19992,580,7,2,9.0,2,161,255.0
19993,580,26,2,15.0,1,242,196.47
19994,580,7,3,8.0,3,156,255.0
19995,580,12,4,3.0,1,59,322.41
19996,580,21,5,13.0,1,157,307.9
19997,580,110,6,6.0,1,191,4.35
19998,581,107,5,11.0,1,166,87.15
19999,581,35,2,13.0,2,116,362.36
20000,581,34,2,5.0,1,249,4.86
20001,581,3,2,6.0,1,27,184.85
20002,581,50,5,15.0,2,119,191.76
20003,581,31,5,1.0,2,63,276.57
20004,581,87,5,5.0,2,55,267.42
20005,581,51,3,9.0,1,249,384.39
20006,581,10,5,3.0,2,191,153.02
20007,581,78,4,15.0,3,166,386.82
20008,581,13,4,11.0,1,111,350.79
20009,581,120,3,9.0,4,66,18.02
20010,581,59,3,1.0,1,141,149.07
20011,581,66,6,1.0,3,81,134.76
20012,581,20,4,6.0,2,211,344.59
20013,581,19,5,14.0,3,188,153.88
20014,581,91,1,7.0,1,83,177.83
20015,581,74,1,6.0,1,22,345.9
20016,581,47,4,9.0,1,139,279.24
20017,581,81,4,15.0,1,216,45.14
20018,581,82,2,6.0,2,92,393.73
20019,581,103,5,13.0,3,170,105.16
20020,581,78,2,2.0,2,215,386.82
20021,581,83,5,2.0,1,228,19.67
20022,581,46,2,13.0,2,223,2.86
20023,581,3,3,7.0,1,203,184.85
20024,581,46,2,15.0,1,76,2.86
20025,581,9,5,6.0,2,191,254.72
20026,581,38,5,12.0,4,133,323.38
20027,582,105,3,5.0,1,212,115.72
20028,582,51,2,15.0,2,57,384.39
20029,582,16,3,6.0,2,112,359.33
20030,582,33,1,5.0,1,110,136.56
20031,582,112,5,14.0,1,86,89.33
20032,582,14,2,1.0,2,173,354.1
20033,582,36,5,6.0,4,174,112.83
20034,582,28,3,11.0,2,8,195.42
20035,582,53,4,1.0,2,239,99.99
20036,582,12,3,6.0,1,208,322.41
20037,582,76,3,6.0,1,165,327.0
20038,582,100,4,,2,212,320.96
20039,582,114,5,,5,139,392.33
20040,582,24,3,14.0,1,168,204.05
20041,582,95,1,13.0,1,40,245.29
20042,582,23,5,15.0,2,93,204.06
20043,582,19,1,3.0,1,235,153.88
20044,582,13,3,10.0,2,248,350.79
20045,582,44,3,6.0,1,146,370.69
20046,582,34,1,10.0,1,184,4.86
20047,582,110,5,8.0,1,86,4.35
20048,582,76,6,1.0,1,232,327.0
20049,582,98,3,12.0,2,101,89.1
20050,582,113,2,3.0,2,137,268.21
20051,582,98,2,13.0,4,130,89.1
20052,582,105,6,6.0,2,98,115.72
20053,582,61,2,6.0,4,162,327.21
20054,582,93,3,2.0,2,217,39.17
20055,582,60,5,9.0,1,83,393.57
20056,582,114,6,1.0,1,120,392.33
20057,582,47,1,15.0,1,37,279.24
20058,582,100,2,9.0,1,57,320.96
20059,582,68,4,,2,122,31.95
20060,582,68,3,13.0,4,107,31.95
20061,582,16,2,15.0,1,198,359.33
20062,582,82,5,11.0,2,124,393.73
20063,583,72,2,3.0,1,156,389.59
20064,583,10060,3,8.0,1,98,393.57
20065,583,69,4,10.0,1,197,334.17
20066,583,70,1,10.0,2,174,18.65
20067,583,13,6,8.0,3,70,350.79
20068,583,7,2,8.0,1,206,255.0
20069,583,22,1,4.0,1,230,182.58
20070,583,10060,2,5.0,1,222,393.57
20071,583,55,2,2.0,4,94,268.55
20072,583,115,2,9.0,2,189,265.87
20073,583,82,3,8.0,1,220,393.73
20074,583,39,5,10.0,1,3,170.58
20075,583,9,2,5.0,2,86,254.72
20076,583,67,3,7.0,2,23,177.85
20077,583,111,2,14.0,1,129,299.51
20078,583,29,5,10.0,1,198,264.58
20079,583,30,6,12.0,1,219,349.23
20080,583,37,5,2.0,2,211,374.33
20081,583,90,5,14.0,2,133,85.65
20082,583,108,2,11.0,1,131,167.48
20083,583,105,6,4.0,2,242,115.72
20084,583,77,4,,2,135,11.42
20085,583,1,6,1.0,1,75,382.97
20086,583,10096,1,3.0,2,189,231.12
20087,583,109,4,3.0,2,204,378.53
20088,583,98,3,2.0,3,200,89.1
20089,583,60,4,9.0,2,54,393.57
20090,583,111,4,15.0,2,228,299.51
20091,583,3,5,14.0,1,171,184.85
20092,583,42,3,1.0,1,31,186.13
20093,583,100,5,4.0,3,23,320.96
20094,583,20,1,6.0,1,132,344.59
20095,583,7,4,8.0,2,202,255.0
20096,583,87,3,6.0,1,39,267.42
20097,584,75,5,9.0,1,30,45.02
20098,584,114,3,1.0,2,167,392.33
20099,584,2,1,10.0,1,133,144.87
20100,584,10096,4,1.0,1,82,231.12
20101,584,111,5,5.0,1,32,299.51
20102,584,115,2,3.0,1,14,265.87
20103,584,66,2,8.0,2,68,134.76
20104,584,41,6,11.0,1,65,77.7
20105,584,56,2,13.0,2,68,269.33
20106,584,96,4,3.0,2,61,231.12
20107,584,63,1,15.0,1,249,114.14
20108,584,57,6,13.0,3,169,184.4
20109,584,14,5,9.0,1,195,354.1
20110,584,31,5,2.0,1,75,276.57
20111,584,2,5,1.0,1,118,144.87
20112,584,19,3,9.0,2,178,153.88
20113,584,74,3,2.0,1,31,345.9
20114,584,91,3,7.0,1,65,177.83
20115,584,76,3,10.0,2,172,327.0
20116,584,10055,6,7.0,3,184,268.55
20117,584,49,3,10.0,1,14,217.79
20118,584,3,6,9.0,1,7,184.85
20119,584,48,1,6.0,2,168,77.58
20120,584,36,5,10.0,3,201,112.83
20121,584,85,5,5.0,2,144,173.66
20122,584,68,2,1.0,2,158,31.95
20123,584,4,4,1.0,1,33,118.68
20124,584,23,6,1.0,2,211,204.06
20125,584,29,2,8.0,2,134,264.58
20126,584,15,1,13.0,1,28,100.16
20127,584,66,5,8.0,3,214,134.76
20128,584,104,3,7.0,2,235,194.87
20129,584,90,4,15.0,4,76,85.65
20130,585,53,5,12.0,4,191,99.99
20131,585,78,1,5.0,1,227,386.82
20132,585,26,5,6.0,2,54,196.47
20133,585,108,5,3.0,2,51,167.48
20134,585,40,4,14.0,2,203,162.24
20135,585,103,2,4.0,2,113,105.16
20136,585,17,6,8.0,2,74,198.42
20137,585,42,4,15.0,1,118,186.13
20138,585,120,1,9.0,1,139,18.02
20139,585,90,2,12.0,1,220,85.65
20140,585,3,1,13.0,4,209,184.85
20141,585,51,1,3.0,1,33,384.39
20142,585,10055,5,,2,219,268.55
20143,585,115,3,6.0,2,190,265.87
20144,585,1,3,7.0,1,207,382.97
20145,585,96,2,8.0,2,137,231.12
20146,585,102,5,6.0,1,100,332.57
20147,585,88,5,12.0,2,56,52.66
20148,585,14,4,10.0,1,35,354.1
20149,585,83,4,13.0,1,225,19.67
20150,585,10060,3,4.0,3,131,393.57
20151,585,57,3,2.0,1,76,184.4
20152,585,105,1,11.0,2,116,115.72
20153,585,106,6,13.0,2,231,57.07
20154,585,105,4,11.0,2,26,115.72
20155,586,7,6,10.0,1,173,255.0
20156,586,67,3,7.0,1,248,177.85
20157,586,17,3,13.0,3,218,198.42
20158,586,61,6,10.0,5,177,327.21
20159,586,116,3,11.0,1,66,74.33
20160,586,62,5,4.0,2,85,107.26
20161,586,37,4,13.0,2,230,374.33
20162,586,34,3,12.0,1,247,4.86
20163,586,104,1,12.0,1,35,194.87
20164,586,79,5,,2,7,272.45
20165,586,97,6,8.0,1,35,99.11
20166,586,78,3,3.0,1,89,386.82
20167,586,110,3,6.0,2,163,4.35
20168,586,34,5,5.0,1,213,4.86
20169,586,9,1,13.0,1,110,254.72
20170,586,60,4,14.0,1,102,393.57
20171,586,60,4,1.0,1,111,393.57
20172,586,38,2,3.0,2,39,323.38
20173,586,103,2,6.0,2,202,105.16
20174,586,48,2,9.0,2,71,77.58
20175,586,91,3,8.0,1,148,177.83
20176,586,40,4,1.0,2,30,162.24
20177,586,62,4,2.0,2,241,107.26
20178,586,89,6,15.0,1,203,228.5
20179,586,42,4,5.0,1,154,186.13
20180,586,81,6,5.0,3,187,45.14
20181,586,78,2,7.0,3,31,386.82
20182,587,63,3,13.0,1,120,114.14
20183,587,29,6,12.0,1,235,264.58
20184,587,62,1,8.0,1,35,107.26
20185,587,95,2,6.0,2,147,245.29
20186,587,20,6,7.0,2,141,344.59
20187,587,9,4,6.0,2,195,254.72
20188,587,104,3,10.0,1,151,194.87
20189,587,5,4,11.0,1,87,282.42
20190,587,78,5,3.0,1,240,386.82
20191,587,27,4,8.0,3,221,25.05
20192,587,24,6,4.0,1,222,204.05
20193,587,49,3,6.0,3,21,217.79
20194,587,119,1,8.0,2,165,399.96
20195,587,89,3,1.0,1,108,228.5
20196,587,66,3,13.0,2,136,134.76
20197,587,36,4,6.0,2,178,112.83
20198,587,38,1,14.0,2,19,323.38
20199,587,98,4,9.0,1,1,89.1
20200,587,65,1,10.0,1,91,38.73
20201,587,47,1,4.0,1,77,279.24
20202,587,55,6,5.0,1,127,268.55
20203,587,109,3,10.0,1,237,378.53
20204,587,6,3,5.0,1,191,342.42
20205,587,47,2,14.0,2,61,279.24
20206,587,51,4,5.0,1,87,384.39
20207,587,20,2,12.0,2,247,344.59
20208,587,28,5,3.0,2,10,195.42
20209,587,48,1,14.0,3,203,77.58
20210,587,20,5,5.0,2,110,344.59
20211,587,71,2,13.0,2,234,273.46
20212,587,61,5,14.0,1,5,327.21
20213,587,108,4,2.0,2,155,167.48
20214,587,50,3,13.0,2,197,191.76
20215,587,101,3,7.0,4,81,380.12
20216,587,26,3,4.0,2,134,196.47
20217,587,92,1,2.0,1,166,69.54
20218,587,21,6,1.0,1,31,307.9
20219,587,74,2,4.0,4,193,345.9
20220,587,31,4,12.0,1,206,276.57
20221,587,30,2,11.0,1,10,349.23
20222,587,107,5,8.0,1,169,87.15
20223,587,119,5,12.0,4,121,399.96
20224,587,83,6,4.0,2,31,19.67
20225,587,101,2,2.0,1,197,380.12
20226,587,10118,5,1.0,2,224,102.4
20227,588,112,2,8.0,1,228,89.33
20228,588,64,3,3.0,2,136,254.43
20229,588,58,6,4.0,1,57,86.84
20230,588,96,6,7.0,1,112,231.12
20231,588,33,6,6.0,1,189,136.56
20232,588,60,6,14.0,1,20,393.57
20233,588,64,5,1.0,2,13,254.43
20234,588,61,3,6.0,1,128,327.21
20235,588,88,5,15.0,1,73,52.66
20236,588,103,2,10.0,2,246,105.16
20237,588,52,5,14.0,1,111,29.05
20238,588,2,1,13.0,2,247,144.87
20239,588,22,1,3.0,2,195,182.58
20240,588,45,2,6.0,1,219,193.58
20241,588,70,2,9.0,2,28,18.65
20242,588,10055,5,14.0,1,74,268.55
20243,588,80,3,4.0,5,45,351.06
20244,588,34,4,4.0,1,186,4.86
20245,588,74,3,10.0,1,127,345.9
20246,588,67,4,13.0,2,125,177.85
20247,588,104,6,11.0,2,152,194.87
20248,588,62,5,1.0,2,144,107.26
20249,588,8,5,12.0,1,53,268.73
20250,588,90,2,7.0,1,230,85.65
20251,588,28,1,15.0,1,163,195.42
20252,588,63,4,13.0,2,241,114.14
20253,588,5,6,12.0,1,219,282.42
20254,588,56,5,7.0,2,246,269.33
20255,588,32,1,10.0,1,32,360.05
20256,588,60,2,14.0,1,49,393.57
20257,588,78,4,1.0,1,228,386.82
20258,588,47,6,,1,86,279.24
20259,588,67,2,12.0,1,103,177.85
20260,588,86,1,,1,28,266.03
20261,588,72,2,3.0,2,140,389.59
20262,588,19,5,11.0,2,4,153.88
20263,588,41,3,3.0,1,71,77.7
20264,588,113,5,8.0,1,41,268.21
20265,588,73,4,3.0,3,75,352.8
20266,588,100,2,3.0,1,112,320.96
20267,588,57,2,13.0,1,106,184.4
20268,588,25,5,10.0,1,72,381.49
20269,588,22,3,1.0,1,164,182.58
20270,588,38,6,2.0,1,57,323.38
20271,589,48,4,4.0,1,156,77.58
20272,589,94,3,6.0,2,155,323.01
20273,589,71,6,6.0,2,179,273.46
20274,589,96,1,5.0,2,121,231.12
20275,589,31,4,4.0,2,23,276.57
20276,589,26,4,3.0,2,172,196.47
20277,589,41,3,3.0,1,132,77.7
20278,589,81,3,10.0,1,181,45.14
20279,589,106,2,3.0,1,41,57.07
20280,589,43,4,13.0,1,246,40.97
20281,589,7,1,5.0,1,175,255.0
20282,589,62,5,7.0,1,249,107.26
20283,589,29,4,13.0,1,234,264.58
20284,589,52,2,13.0,1,146,29.05
20285,589,53,6,9.0,2,190,99.99
20286,589,10055,1,12.0,2,243,268.55
20287,589,26,3,13.0,3,19,196.47
20288,589,34,4,,1,188,4.86
20289,589,82,2,1.0,1,34,393.73
20290,589,37,1,2.0,2,184,374.33
20291,589,76,6,2.0,1,68,327.0
20292,589,57,1,,1,21,184.4
20293,589,102,3,3.0,2,228,332.57
20294,589,35,5,7.0,1,65,362.36
20295,589,40,6,9.0,1,185,162.24
20296,589,27,6,11.0,1,16,25.05
20297,589,56,5,8.0,2,224,269.33
20298,589,59,2,10.0,1,86,149.07
20299,589,85,1,,1,242,173.66
20300,589,110,4,2.0,1,212,4.35
20301,589,88,3,14.0,2,236,52.66
20302,589,52,3,6.0,2,98,29.05
20303,589,51,1,7.0,2,19,384.39
20304,589,62,4,11.0,1,199,107.26
20305,589,105,3,5.0,2,9,115.72
20306,589,55,1,11.0,2,135,268.55
20307,589,52,1,13.0,1,183,29.05
20308,589,83,6,15.0,2,70,19.67
20309,589,109,1,9.0,1,26,378.53
20310,590,119,1,7.0,4,214,399.96
20311,590,27,2,15.0,1,7,25.05
20312,590,117,4,3.0,2,104,132.08
20313,590,12,3,9.0,2,69,322.41
20314,590,87,2,5.0,2,235,267.42
20315,590,68,6,7.0,1,59,31.95
20316,590,70,5,9.0,4,230,18.65
20317,590,84,2,2.0,3,135,288.33
20318,590,38,3,12.0,3,250,323.38
20319,590,113,1,6.0,5,203,268.21
20320,590,35,2,13.0,1,218,362.36
20321,590,35,2,14.0,2,219,362.36
20322,590,10096,2,13.0,2,152,231.12
20323,590,40,4,14.0,4,51,162.24
20324,590,2,4,3.0,2,132,144.87
20325,590,21,3,5.0,4,201,307.9
20326,590,33,2,4.0,2,62,136.56
20327,590,98,1,4.0,2,48,89.1
20328,590,62,2,2.0,2,244,107.26
20329,590,93,5,10.0,1,225,39.17
20330,590,111,5,9.0,2,165,299.51
20331,590,22,2,,1,147,182.58
20332,590,99,5,11.0,2,137,21.99
20333,590,86,6,6.0,4,78,266.03
20334,590,61,6,6.0,1,133,327.21
20335,590,115,2,14.0,1,206,265.87
20336,590,10055,1,13.0,1,59,268.55
20337,590,67,1,6.0,1,118,177.85
20338,590,58,4,15.0,1,133,86.84
20339,590,105,5,8.0,2,104,115.72
20340,590,44,5,3.0,4,166,370.69
20341,590,104,4,9.0,2,141,194.87
20342,590,102,4,9.0,1,248,332.57
20343,590,90,5,2.0,2,16,85.65
20344,590,43,3,14.0,2,124,40.97
20345,590,2,1,3.0,1,242,144.87
20346,590,82,2,9.0,2,184,393.73
20347,590,67,3,6.0,2,162,177.85
20348,590,51,3,11.0,1,195,384.39
20349,590,53,6,13.0,2,120,99.99
20350,590,112,2,12.0,3,7,89.33
20351,590,43,2,15.0,1,133,40.97
20352,591,117,5,10.0,1,190,132.08
20353,591,8,1,6.0,2,141,268.73
20354,591,79,2,8.0,1,75,272.45
20355,591,37,1,5.0,3,239,374.33
20356,591,76,6,6.0,1,175,327.0
20357,591,114,4,12.0,2,77,392.33
20358,591,48,5,12.0,1,66,77.58
20359,591,59,2,9.0,1,115,149.07
20360,591,19,5,9.0,2,67,153.88
20361,591,43,5,13.0,1,226,40.97
20362,591,111,1,7.0,2,89,299.51
20363,591,54,5,7.0,1,1,263.63
20364,591,64,6,12.0,2,77,254.43
20365,591,4,2,15.0,2,236,118.68
20366,591,92,5,15.0,1,189,69.54
20367,591,120,3,9.0,1,173,18.02
20368,591,4,3,7.0,1,207,118.68
20369,591,56,5,9.0,2,35,269.33
20370,591,97,5,13.0,2,241,99.11
20371,591,49,5,10.0,2,113,217.79
20372,591,17,3,6.0,1,136,198.42
20373,591,8,2,3.0,3,105,268.73
20374,591,115,2,1.0,1,122,265.87
20375,591,35,2,1.0,2,8,362.36
20376,591,12,3,2.0,2,39,322.41
20377,591,107,3,,1,141,87.15
20378,591,26,4,2.0,1,87,196.47
20379,591,101,5,5.0,2,226,380.12
20380,591,31,2,2.0,1,225,276.57
20381,591,105,4,11.0,1,63,115.72
20382,591,85,2,,1,244,173.66
20383,591,31,4,15.0,1,28,276.57
20384,591,56,4,8.0,1,5,269.33
20385,591,35,1,3.0,1,229,362.36
20386,591,34,5,2.0,2,79,4.86
20387,591,55,5,11.0,1,233,268.55
20388,591,93,1,1.0,2,21,39.17
20389,591,70,1,10.0,3,72,18.65
20390,591,66,1,1.0,4,164,134.76
20391,591,80,3,5.0,1,197,351.06
20392,591,109,3,7.0,2,223,378.53
20393,591,110,2,1.0,1,25,4.35
20394,592,29,2,8.0,1,162,264.58
20395,592,110,2,5.0,1,118,4.35
20396,592,59,6,3.0,1,164,149.07
20397,592,10118,3,4.0,1,211,102.4
20398,592,98,3,2.0,2,144,89.1
20399,592,65,4,14.0,1,58,38.73
20400,592,19,5,11.0,1,94,153.88
20401,592,34,4,8.0,1,113,4.86
20402,592,45,2,14.0,3,233,193.58
20403,592,90,5,7.0,2,111,85.65
20404,592,93,5,8.0,2,161,39.17
20405,592,10096,4,8.0,1,198,231.12
20406,592,96,5,2.0,3,6,231.12
20407,592,22,3,4.0,2,81,182.58
20408,592,92,6,13.0,1,2,69.54
20409,592,31,6,6.0,1,238,276.57
20410,592,68,4,12.0,1,82,31.95
20411,592,109,6,8.0,2,179,378.53
20412,592,119,5,11.0,2,185,399.96
20413,592,24,6,10.0,2,116,204.05
20414,592,104,3,14.0,1,143,194.87
20415,592,60,1,14.0,3,228,393.57
20416,592,8,4,8.0,3,183,268.73
20417,592,118,2,3.0,1,241,102.4
20418,592,85,6,9.0,2,226,173.66
20419,592,10,1,11.0,1,149,153.02
20420,592,20,3,10.0,1,190,344.59
20421,592,66,4,12.0,1,99,134.76
20422,592,22,4,9.0,1,88,182.58
20423,592,37,6,1.0,1,227,374.33
20424,592,1,1,13.0,2,121,382.97
20425,592,55,4,1.0,2,95,268.55
20426,592,9,2,5.0,1,71,254.72
20427,592,119,6,7.0,1,66,399.96
20428,592,78,4,9.0,2,93,386.82
20429,592,39,4,15.0,1,43,170.58
20430,592,44,3,12.0,2,107,370.69
20431,592,24,2,13.0,5,59,204.05
20432,592,114,6,14.0,2,69,392.33
20433,592,110,3,4.0,2,93,4.35
20434,593,114,2,2.0,2,129,392.33
20435,593,84,6,1.0,4,229,288.33
20436,593,87,3,5.0,1,135,267.42
20437,593,66,4,4.0,1,151,134.76
20438,593,10096,1,3.0,1,189,231.12
20439,593,65,6,5.0,2,15,38.73
20440,593,54,3,5.0,2,47,263.63
20441,593,37,1,14.0,1,122,374.33
20442,593,38,6,15.0,1,11,323.38
20443,593,10096,6,11.0,4,22,231.12
20444,593,64,6,6.0,1,119,254.43
20445,593,76,6,5.0,1,118,327.0
20446,593,28,4,2.0,1,185,195.42
20447,593,52,1,1.0,1,230,29.05
20448,593,58,5,5.0,1,165,86.84
20449,593,8,3,9.0,5,170,268.73
20450,593,10,1,3.0,2,69,153.02
20451,593,88,6,12.0,2,215,52.66
20452,593,118,5,11.0,2,107,102.4
20453,593,95,3,2.0,1,216,245.29
20454,593,83,2,1.0,2,245,19.67
20455,593,93,2,10.0,1,129,39.17
20456,593,45,3,13.0,2,135,193.58
20457,593,16,4,8.0,3,244,359.33
20458,593,30,1,15.0,3,147,349.23
20459,593,6,3,2.0,1,19,342.42
20460,593,48,6,15.0,2,109,77.58
20461,593,19,6,8.0,2,217,153.88
20462,593,5,4,12.0,1,218,282.42
20463,593,81,2,8.0,2,173,45.14
20464,593,71,4,10.0,4,221,273.46
20465,593,114,3,7.0,2,106,392.33
20466,593,81,6,12.0,2,200,45.14
20467,593,74,5,9.0,1,1,345.9
20468,593,4,1,4.0,2,52,118.68
20469,593,38,5,,1,92,323.38
20470,593,10060,1,9.0,2,166,393.57
20471,593,75,6,15.0,2,156,45.02
20472,593,118,1,11.0,5,89,102.4
20473,593,3,3,13.0,1,102,184.85
20474,593,73,6,6.0,1,26,352.8
20475,593,42,2,9.0,2,245,186.13
20476,593,38,4,11.0,2,243,323.38
20477,594,35,1,7.0,1,58,362.36
20478,594,48,5,6.0,1,128,77.58
20479,594,75,1,11.0,2,41,45.02
20480,594,98,1,10.0,1,225,89.1
20481,594,18,5,5.0,3,229,65.67
20482,594,95,5,15.0,1,126,245.29
20483,594,9,6,12.0,1,77,254.72
20484,594,108,1,12.0,1,128,167.48
20485,594,89,2,1.0,2,98,228.5
20486,594,22,4,7.0,2,118,182.58
20487,594,31,5,2.0,1,119,276.57
20488,594,4,3,5.0,2,183,118.68
20489,594,5,6,3.0,3,130,282.42
20490,594,33,4,3.0,1,52,136.56
20491,594,92,6,2.0,1,191,69.54
20492,594,13,3,14.0,3,163,350.79
20493,594,17,3,9.0,2,26,198.42
20494,594,103,4,7.0,2,76,105.16
20495,594,79,6,5.0,2,239,272.45
20496,594,14,3,2.0,1,98,354.1
20497,594,14,3,13.0,1,159,354.1
20498,594,10,6,6.0,1,234,153.02
20499,594,49,2,1.0,1,188,217.79
20500,594,100,6,4.0,3,127,320.96
20501,594,103,1,14.0,3,241,105.16
20502,594,25,2,7.0,2,109,381.49
20503,594,18,6,6.0,1,64,65.67
20504,594,98,3,5.0,1,12,89.1
20505,594,36,6,7.0,1,171,112.83
20506,594,33,6,10.0,1,4,136.56
20507,594,81,4,13.0,1,189,45.14
20508,594,46,1,10.0,1,118,2.86
20509,594,65,5,2.0,1,154,38.73
20510,594,112,6,4.0,1,209,89.33
20511,594,118,6,9.0,1,184,102.4
20512,594,83,1,11.0,1,213,19.67
20513,594,12,3,2.0,1,136,322.41
20514,594,50,5,2.0,1,235,191.76
20515,594,10060,2,10.0,2,14,393.57
20516,594,15,3,8.0,2,166,100.16
20517,595,89,6,11.0,2,29,228.5
20518,595,42,5,5.0,2,239,186.13
20519,595,117,4,5.0,1,92,132.08
20520,595,17,5,13.0,2,114,198.42
20521,595,99,4,,1,28,21.99
20522,595,105,6,,2,153,115.72
20523,595,110,3,9.0,2,239,4.35
20524,595,89,2,10.0,1,5,228.5
20525,595,92,6,8.0,2,30,69.54
20526,595,96,6,9.0,1,72,231.12
20527,595,41,5,13.0,2,206,77.7
20528,595,42,5,8.0,1,170,186.13
20529,595,94,6,8.0,2,148,323.01
20530,595,40,3,10.0,1,73,162.24
20531,595,32,2,7.0,2,123,360.05
20532,595,44,4,8.0,1,193,370.69
20533,595,111,3,7.0,2,141,299.51
20534,595,50,4,9.0,1,184,191.76
20535,595,93,2,6.0,1,243,39.17
20536,595,97,6,1.0,2,157,99.11
20537,595,117,4,14.0,2,78,132.08
20538,595,102,5,3.0,2,119,332.57
20539,595,97,3,5.0,1,127,99.11
20540,595,85,3,15.0,1,62,173.66
20541,595,40,6,,2,13,162.24
20542,595,72,6,7.0,2,168,389.59
20543,595,10096,3,10.0,2,172,231.12
20544,595,10118,4,8.0,2,5,102.4
20545,595,57,6,14.0,2,52,184.4
20546,595,57,3,1.0,1,6,184.4
20547,595,113,5,1.0,2,223,268.21
20548,595,42,3,5.0,2,46,186.13
20549,595,88,4,9.0,2,84,52.66
20550,595,102,4,8.0,1,128,332.57
20551,595,67,5,10.0,1,27,177.85
20552,595,65,5,2.0,2,111,38.73
20553,595,86,4,4.0,1,228,266.03
20554,596,102,6,7.0,2,22,332.57
20555,596,112,5,9.0,1,183,89.33
20556,596,10118,2,12.0,2,171,102.4
20557,596,103,5,14.0,1,219,105.16
20558,596,69,2,13.0,2,8,334.17
20559,596,47,2,8.0,2,221,279.24
20560,596,119,3,8.0,1,103,399.96
20561,596,6,6,3.0,2,101,342.42
20562,596,36,3,14.0,3,233,112.83
20563,596,105,4,9.0,1,88,115.72
20564,596,33,6,3.0,1,212,136.56
20565,596,100,2,8.0,1,188,320.96
20566,596,3,6,15.0,1,110,184.85
20567,596,14,4,9.0,1,199,354.1
20568,596,48,3,8.0,2,57,77.58
20569,596,78,6,1.0,2,193,386.82
20570,596,108,1,11.0,3,120,167.48
20571,596,71,5,8.0,1,65,273.46
20572,596,34,6,2.0,2,239,4.86
20573,596,16,1,11.0,2,233,359.33
20574,596,32,1,2.0,2,181,360.05
20575,596,76,6,8.0,2,90,327.0
20576,596,54,6,3.0,2,103,263.63
20577,596,62,1,6.0,2,191,107.26
20578,596,76,5,14.0,3,108,327.0
20579,596,38,5,7.0,1,86,323.38
20580,596,103,6,14.0,1,34,105.16
20581,596,115,1,13.0,1,134,265.87
20582,596,79,2,9.0,1,128,272.45
20583,596,10096,4,9.0,1,15,231.12
20584,596,3,2,15.0,1,173,184.85
20585,596,23,2,3.0,4,42,204.06
20586,596,71,1,2.0,1,3,273.46
20587,596,65,4,1.0,2,52,38.73
20588,596,40,5,1.0,1,229,162.24
20589,596,116,4,9.0,2,242,74.33
20590,596,107,3,7.0,2,84,87.15
20591,596,41,5,12.0,4,82,77.7
20592,596,86,5,9.0,2,215,266.03
20593,596,45,1,15.0,2,103,193.58
20594,597,49,3,1.0,2,103,217.79
20595,597,10118,5,4.0,1,120,102.4
20596,597,99,1,1.0,1,162,21.99
20597,597,113,4,4.0,2,158,268.21
20598,597,77,3,9.0,1,179,11.42
20599,597,30,1,4.0,1,134,349.23
20600,597,85,4,9.0,1,246,173.66
20601,597,22,5,2.0,3,113,182.58
20602,597,113,3,7.0,2,211,268.21
20603,597,67,6,10.0,1,178,177.85
20604,597,11,4,5.0,1,210,274.48
20605,597,111,4,9.0,2,187,299.51
20606,597,22,3,13.0,1,156,182.58
20607,597,12,4,11.0,3,74,322.41
20608,597,20,6,2.0,2,99,344.59
20609,597,32,2,3.0,1,163,360.05
20610,597,56,3,12.0,2,203,269.33
20611,597,10,5,8.0,3,111,153.02
20612,597,10118,6,7.0,1,107,102.4
20613,597,119,3,,3,202,399.96
20614,597,62,1,13.0,3,27,107.26
20615,597,100,4,8.0,2,105,320.96
20616,597,28,3,13.0,1,58,195.42
20617,597,27,6,11.0,1,131,25.05
20618,597,56,2,12.0,1,55,269.33
20619,597,12,5,9.0,2,175,322.41
20620,597,112,1,7.0,1,1,89.33
20621,597,39,1,13.0,1,161,170.58
20622,597,23,2,14.0,2,16,204.06
20623,597,11,2,15.0,1,44,274.48
20624,597,94,3,9.0,1,238,323.01
20625,597,57,5,4.0,3,223,184.4
20626,597,96,1,15.0,1,87,231.12
20627,597,40,6,10.0,2,122,162.24
20628,597,2,2,13.0,1,173,144.87
20629,598,94,2,8.0,1,236,323.01
20630,598,52,3,,1,119,29.05
20631,598,63,2,12.0,2,53,114.14
20632,598,91,4,14.0,1,160,177.83
20633,598,15,2,13.0,2,138,100.16
20634,598,49,3,10.0,1,235,217.79
20635,598,99,2,9.0,1,244,21.99
20636,598,11,4,5.0,1,92,274.48
20637,598,52,4,2.0,1,143,29.05
20638,598,8,1,8.0,3,78,268.73
20639,598,47,5,2.0,5,106,279.24
20640,598,13,3,3.0,3,186,350.79
20641,598,39,1,6.0,1,210,170.58
20642,598,41,4,12.0,2,77,77.7
20643,598,53,4,2.0,1,47,99.99
20644,598,35,3,9.0,1,204,362.36
20645,598,34,2,,1,198,4.86
20646,598,71,6,15.0,2,5,273.46
20647,598,63,5,11.0,2,131,114.14
20648,598,73,2,12.0,1,78,352.8
20649,598,84,5,2.0,1,35,288.33
20650,598,81,4,15.0,2,184,45.14
20651,598,105,2,8.0,1,115,115.72
20652,598,94,4,4.0,2,81,323.01
20653,598,30,3,5.0,3,64,349.23
20654,598,75,6,15.0,1,7,45.02
20655,599,112,5,14.0,5,131,89.33
20656,599,29,1,15.0,4,7,264.58
20657,599,14,5,9.0,2,135,354.1
20658,599,51,4,14.0,3,185,384.39
20659,599,51,4,11.0,2,52,384.39
20660,599,103,6,5.0,1,224,105.16
20661,599,50,4,1.0,2,34,191.76
20662,599,117,6,9.0,2,3,132.08
20663,599,61,1,1.0,2,51,327.21
20664,599,38,6,12.0,2,4,323.38
20665,599,115,1,6.0,1,190,265.87
20666,599,49,3,7.0,4,116,217.79
20667,599,7,5,,3,145,255.0
20668,599,22,1,9.0,1,5,182.58
20669,599,19,4,1.0,1,22,153.88
20670,599,102,2,9.0,2,143,332.57
20671,599,88,4,11.0,1,192,52.66
20672,599,82,4,3.0,2,50,393.73
20673,599,14,6,7.0,1,108,354.1
20674,599,48,3,9.0,1,50,77.58
20675,599,27,6,8.0,2,153,25.05
20676,599,91,5,11.0,2,224,177.83
20677,599,31,3,7.0,5,137,276.57
20678,599,113,2,9.0,2,199,268.21
20679,599,115,2,15.0,2,199,265.87
20680,599,112,4,6.0,2,156,89.33
20681,599,71,4,9.0,2,53,273.46
20682,599,5,2,13.0,2,143,282.42
20683,599,105,3,3.0,1,133,115.72
20684,599,48,5,5.0,2,201,77.58
20685,599,16,3,13.0,1,132,359.33
20686,599,16,5,15.0,1,131,359.33
20687,599,38,5,13.0,1,129,323.38
20688,599,95,1,1.0,2,25,245.29
20689,599,113,1,14.0,2,238,268.21
20690,599,5,4,3.0,5,146,282.42
20691,599,119,5,4.0,1,17,399.96
20692,599,1,1,8.0,2,172,382.97
20693,599,103,3,13.0,1,126,105.16
20694,599,62,2,10.0,1,194,107.26
20695,599,65,4,14.0,2,11,38.73
20696,599,51,1,5.0,2,63,384.39
20697,599,100,6,14.0,2,8,320.96
20698,599,117,3,5.0,1,10,132.08
20699,599,16,2,3.0,2,182,359.33
20700,599,61,4,2.0,2,214,327.21
20701,600,41,1,15.0,1,64,77.7
20702,600,51,3,12.0,1,189,384.39
20703,600,56,4,2.0,1,208,269.33
20704,600,72,3,12.0,1,73,389.59
20705,600,29,6,12.0,2,74,264.58
20706,600,15,2,7.0,1,176,100.16
20707,600,19,5,8.0,3,130,153.88
20708,600,43,6,1.0,4,216,40.97
20709,600,85,4,8.0,1,151,173.66
20710,600,22,1,3.0,1,140,182.58
20711,600,14,5,15.0,2,147,354.1
20712,600,53,5,15.0,1,171,99.99
20713,600,16,2,7.0,1,168,359.33
20714,600,33,6,9.0,2,30,136.56
20715,600,9,6,4.0,1,172,254.72
20716,600,1,3,12.0,1,193,382.97
20717,600,53,2,9.0,1,190,99.99
20718,600,102,2,5.0,1,38,332.57
20719,600,105,6,7.0,2,66,115.72
20720,600,50,6,6.0,3,210,191.76
20721,600,32,1,9.0,1,87,360.05
20722,600,82,4,10.0,1,96,393.73
20723,600,79,6,11.0,1,30,272.45
20724,600,81,6,7.0,1,145,45.14
20725,600,119,4,10.0,2,172,399.96
20726,600,17,1,7.0,1,79,198.42
20727,600,52,2,2.0,1,55,29.05
20728,600,10055,5,5.0,4,108,268.55
20729,600,79,5,5.0,4,183,272.45
20730,600,39,5,6.0,1,177,170.58
20731,600,21,1,3.0,2,195,307.9
20732,600,84,4,11.0,1,233,288.33
20733,600,35,2,11.0,1,144,362.36
20734,600,20,1,7.0,1,6,344.59
20735,601,55,3,14.0,1,240,268.55
20736,601,4,2,9.0,2,77,118.68
20737,601,52,5,3.0,1,92,29.05
20738,601,24,2,3.0,2,28,204.05
20739,601,24,4,14.0,1,79,204.05
20740,601,10118,4,2.0,1,103,102.4
20741,601,88,5,5.0,1,119,52.66
20742,601,11,4,4.0,2,90,274.48
20743,601,103,3,10.0,1,173,105.16
20744,601,67,1,8.0,1,17,177.85
20745,601,12,5,15.0,3,21,322.41
20746,601,59,1,7.0,2,50,149.07
20747,601,10096,6,8.0,1,50,231.12
20748,601,10118,2,15.0,1,74,102.4
20749,601,95,2,12.0,2,83,245.29
20750,601,118,3,4.0,2,47,102.4
20751,601,67,6,3.0,1,133,177.85
20752,601,56,5,11.0,1,98,269.33
20753,601,10060,6,8.0,2,198,393.57
20754,601,103,5,11.0,1,210,105.16
20755,601,119,1,2.0,2,188,399.96
20756,601,55,1,7.0,2,12,268.55
20757,601,29,6,12.0,2,122,264.58
20758,601,87,2,5.0,1,73,267.42
20759,601,10055,5,9.0,2,31,268.55
20760,601,91,5,4.0,1,167,177.83
20761,601,110,6,7.0,1,47,4.35
20762,601,93,1,2.0,2,144,39.17
20763,601,104,3,8.0,4,110,194.87
20764,601,3,5,9.0,1,210,184.85
20765,602,34,4,10.0,2,1,4.86
20766,602,78,3,6.0,1,169,386.82
20767,602,99,2,6.0,1,40,21.99
20768,602,24,4,10.0,1,141,204.05
20769,602,49,5,12.0,2,14,217.79
20770,602,83,4,1.0,4,110,19.67
20771,602,6,2,15.0,1,14,342.42
20772,602,41,1,15.0,1,98,77.7
20773,602,83,2,11.0,1,234,19.67
20774,602,104,3,10.0,1,15,194.87
20775,602,1,6,7.0,4,193,382.97
20776,602,79,6,6.0,1,155,272.45
20777,602,115,4,9.0,2,194,265.87
20778,602,108,2,12.0,2,147,167.48
20779,602,81,3,14.0,1,57,45.14
20780,602,102,1,5.0,1,162,332.57
20781,602,10096,1,3.0,1,182,231.12
20782,602,109,3,10.0,1,168,378.53
20783,602,41,4,2.0,1,112,77.7
20784,602,98,5,5.0,1,42,89.1
20785,602,82,1,1.0,2,161,393.73
20786,602,116,4,2.0,2,179,74.33
20787,602,23,2,9.0,3,109,204.06
20788,602,31,6,8.0,1,142,276.57
20789,602,12,6,9.0,2,208,322.41
20790,602,8,3,13.0,3,87,268.73
20791,602,53,4,14.0,4,71,99.99
20792,602,8,6,15.0,1,244,268.73
20793,602,89,4,11.0,1,218,228.5
20794,602,115,3,9.0,2,175,265.87
20795,602,6,3,3.0,1,125,342.42
20796,602,37,3,13.0,1,178,374.33
20797,602,49,6,4.0,1,236,217.79
20798,602,68,3,15.0,2,209,31.95
20799,602,28,4,9.0,1,132,195.42
20800,603,8,4,6.0,1,212,268.73
20801,603,85,4,12.0,2,157,173.66
20802,603,42,4,6.0,1,229,186.13
20803,603,116,6,4.0,3,150,74.33
20804,603,119,3,4.0,1,70,399.96
20805,603,58,4,8.0,2,165,86.84
20806,603,9,6,12.0,1,128,254.72
20807,603,8,6,13.0,1,233,268.73
20808,603,112,4,3.0,1,248,89.33
20809,603,12,1,6.0,2,163,322.41
20810,603,102,3,8.0,1,180,332.57
20811,603,22,4,7.0,2,86,182.58
20812,603,95,2,2.0,1,174,245.29
20813,603,4,4,13.0,1,249,118.68
20814,603,55,5,3.0,1,112,268.55
20815,603,118,2,12.0,1,239,102.4
20816,603,3,5,,1,136,184.85
20817,603,21,1,6.0,1,144,307.9
20818,603,50,3,14.0,1,61,191.76
20819,603,109,3,7.0,1,136,378.53
20820,603,90,2,3.0,3,171,85.65
20821,603,90,6,13.0,1,81,85.65
20822,603,29,4,1.0,2,51,264.58
20823,603,50,4,10.0,1,192,191.76
20824,603,77,6,15.0,3,145,11.42
20825,603,43,3,5.0,2,178,40.97
20826,603,80,1,7.0,2,198,351.06
20827,603,29,5,6.0,2,177,264.58
20828,603,18,5,3.0,1,101,65.67
20829,603,77,1,15.0,1,71,11.42
20830,603,4,4,8.0,1,225,118.68
20831,603,10,2,,1,5,153.02
20832,603,84,1,6.0,3,99,288.33
20833,603,25,1,9.0,1,72,381.49
20834,603,19,3,10.0,1,51,153.88
20835,603,73,6,15.0,1,158,352.8
20836,603,44,6,11.0,1,52,370.69
20837,603,21,5,12.0,2,139,307.9
20838,603,35,2,1.0,1,228,362.36
20839,603,111,3,3.0,1,104,299.51
20840,603,106,1,15.0,3,238,57.07
20841,603,42,6,15.0,1,210,186.13
20842,604,46,6,6.0,2,131,2.86
20843,604,5,1,7.0,4,70,282.42
20844,604,28,5,5.0,1,124,195.42
20845,604,115,4,9.0,1,195,265.87
20846,604,53,6,4.0,2,229,99.99
20847,604,23,6,11.0,4,95,204.06
20848,604,22,4,14.0,1,220,182.58
20849,604,26,4,6.0,2,78,196.47
20850,604,86,6,,2,162,266.03
20851,604,30,6,8.0,2,176,349.23
20852,604,84,5,1.0,1,73,288.33
20853,604,68,6,12.0,1,113,31.95
20854,604,49,2,8.0,2,129,217.79
20855,604,4,4,10.0,1,117,118.68
20856,604,81,5,5.0,1,170,45.14
20857,604,41,6,10.0,2,116,77.7
20858,604,90,6,15.0,1,188,85.65
20859,604,44,3,5.0,1,23,370.69
20860,604,62,4,11.0,1,85,107.26
20861,604,91,3,14.0,2,7,177.83
20862,604,106,2,15.0,3,98,57.07
20863,604,83,5,11.0,1,167,19.67
20864,604,85,5,13.0,1,69,173.66
20865,604,99,5,9.0,1,155,21.99
20866,604,44,4,9.0,2,173,370.69
20867,604,25,6,12.0,1,204,381.49
20868,604,98,3,14.0,2,209,89.1
20869,604,23,6,11.0,1,159,204.06
20870,604,43,6,7.0,1,16,40.97
20871,604,47,4,5.0,1,23,279.24
20872,604,100,1,14.0,2,144,320.96
20873,604,49,5,6.0,4,113,217.79
20874,604,34,4,5.0,1,185,4.86
20875,604,24,5,4.0,2,1,204.05
20876,604,17,6,2.0,2,151,198.42
20877,604,82,2,8.0,1,32,393.73
20878,604,19,6,8.0,4,230,153.88
20879,604,24,4,13.0,2,166,204.05
20880,604,4,5,11.0,1,128,118.68
20881,604,44,1,8.0,1,88,370.69
20882,604,85,6,2.0,2,8,173.66
20883,604,17,4,8.0,4,149,198.42
20884,604,109,5,4.0,3,57,378.53
20885,604,56,1,11.0,2,205,269.33
20886,605,94,2,4.0,2,106,323.01
20887,605,54,6,14.0,2,36,263.63
20888,605,103,6,6.0,2,146,105.16
20889,605,80,2,5.0,2,29,351.06
20890,605,11,6,4.0,2,201,274.48
20891,605,61,6,2.0,2,127,327.21
20892,605,105,1,14.0,2,114,115.72
20893,605,10060,6,5.0,4,45,393.57
20894,605,12,3,9.0,2,9,322.41
20895,605,59,2,11.0,1,209,149.07
20896,605,18,2,12.0,2,231,65.67
20897,605,78,5,5.0,1,111,386.82
20898,605,56,6,3.0,2,40,269.33
20899,605,8,3,8.0,1,40,268.73
20900,605,36,6,2.0,1,66,112.83
20901,605,107,4,3.0,5,113,87.15
20902,605,31,6,10.0,1,7,276.57
20903,605,53,2,8.0,1,243,99.99
20904,605,11,6,6.0,2,53,274.48
20905,605,84,5,10.0,4,100,288.33
20906,605,76,3,11.0,2,219,327.0
20907,606,50,2,14.0,1,78,191.76
20908,606,72,6,15.0,1,189,389.59
20909,606,113,4,14.0,1,91,268.21
20910,606,11,5,8.0,1,190,274.48
20911,606,7,6,5.0,2,157,255.0
20912,606,10,1,14.0,2,92,153.02
20913,606,4,1,10.0,1,221,118.68
20914,606,25,4,15.0,3,59,381.49
20915,606,96,1,1.0,2,189,231.12
20916,606,104,5,15.0,1,149,194.87
20917,606,82,3,14.0,1,133,393.73
20918,606,102,4,15.0,1,156,332.57
20919,606,89,4,5.0,1,162,228.5
20920,606,80,2,12.0,2,135,351.06
20921,606,45,1,5.0,1,43,193.58
20922,606,68,3,3.0,1,14,31.95
20923,606,83,4,7.0,1,86,19.67
20924,606,29,2,7.0,2,75,264.58
20925,606,73,3,1.0,1,115,352.8
20926,606,37,2,6.0,1,43,374.33
20927,606,94,6,4.0,1,182,323.01
20928,606,100,3,11.0,2,101,320.96
20929,606,10055,1,11.0,2,185,268.55
20930,606,71,3,1.0,2,125,273.46
20931,606,69,5,1.0,1,166,334.17
20932,606,114,5,15.0,2,172,392.33
20933,606,11,1,6.0,2,30,274.48
20934,606,93,1,14.0,2,247,39.17
20935,606,97,6,1.0,1,80,99.11
20936,606,81,3,3.0,1,36,45.14
20937,606,41,5,12.0,2,115,77.7
20938,606,22,5,1.0,2,250,182.58
20939,606,106,1,11.0,2,95,57.07
20940,607,66,3,12.0,5,213,134.76
20941,607,49,2,11.0,2,133,217.79
20942,607,97,2,15.0,1,98,99.11
20943,607,11,5,1.0,1,14,274.48
20944,607,101,6,5.0,2,236,380.12
20945,607,102,5,6.0,1,38,332.57
20946,607,18,2,6.0,1,95,65.67
20947,607,25,1,11.0,1,67,381.49
20948,607,35,3,9.0,2,206,362.36
20949,607,117,4,8.0,3,84,132.08
20950,607,21,4,5.0,2,45,307.9
20951,607,83,5,2.0,2,2,19.67
20952,607,76,4,8.0,1,81,327.0
20953,607,44,6,14.0,2,25,370.69
20954,607,69,1,5.0,1,236,334.17
20955,607,32,2,5.0,2,164,360.05
20956,607,87,1,7.0,1,84,267.42
20957,607,82,1,15.0,2,195,393.73
20958,607,1,5,1.0,1,122,382.97
20959,607,107,4,12.0,2,29,87.15
20960,607,26,1,13.0,1,89,196.47
20961,607,81,2,15.0,1,87,45.14
20962,607,52,3,3.0,1,173,29.05
20963,607,81,5,8.0,1,104,45.14
20964,607,9,6,3.0,1,191,254.72
20965,607,12,2,1.0,4,192,322.41
20966,607,86,1,13.0,1,239,266.03
20967,607,77,3,4.0,1,123,11.42
20968,608,48,1,4.0,3,137,77.58
20969,608,97,2,8.0,1,90,99.11
20970,608,70,2,9.0,1,87,18.65
20971,608,16,2,4.0,2,58,359.33
20972,608,5,3,10.0,3,205,282.42
20973,608,83,1,3.0,2,108,19.67
20974,608,20,4,6.0,1,6,344.59
20975,608,10096,2,4.0,2,244,231.12
20976,608,8,1,9.0,2,140,268.73
20977,608,61,4,3.0,5,4,327.21
20978,608,12,1,15.0,2,222,322.41
20979,608,23,5,2.0,1,22,204.06
20980,608,1,2,8.0,1,75,382.97
20981,608,10118,6,10.0,2,233,102.4
20982,608,90,3,11.0,1,147,85.65
20983,608,38,4,2.0,4,64,323.38
20984,608,104,4,3.0,2,235,194.87
20985,608,14,1,13.0,1,62,354.1
20986,608,55,6,,1,104,268.55
20987,608,85,1,5.0,2,248,173.66
20988,608,28,1,1.0,2,102,195.42
20989,608,23,3,15.0,2,122,204.06
20990,608,15,6,2.0,2,173,100.16
20991,608,17,3,1.0,1,228,198.42
20992,608,119,6,3.0,1,100,399.96
20993,608,87,4,5.0,2,188,267.42
20994,608,41,5,2.0,1,76,77.7
20995,608,109,5,2.0,1,52,378.53
20996,608,69,3,8.0,3,212,334.17
20997,608,30,2,,3,115,349.23
20998,608,60,3,8.0,4,70,393.57
20999,608,103,4,3.0,2,50,105.16
21000,608,46,3,12.0,4,21,2.86
21001,608,21,3,9.0,1,231,307.9
21002,608,98,6,5.0,1,101,89.1
21003,608,8,6,15.0,3,205,268.73
21004,608,16,3,4.0,5,99,359.33
21005,608,76,6,4.0,2,90,327.0
21006,609,4,1,4.0,1,25,118.68
21007,609,58,6,15.0,1,182,86.84
21008,609,79,1,1.0,2,126,272.45
21009,609,2,5,9.0,4,100,144.87
21010,609,88,5,5.0,1,52,52.66
21011,609,9,4,6.0,2,179,254.72
21012,609,41,6,14.0,2,227,77.7
21013,609,64,6,5.0,2,234,254.43
21014,609,10096,5,11.0,2,191,231.12
21015,609,6,6,8.0,1,43,342.42
21016,609,46,4,10.0,2,239,2.86
21017,609,59,5,5.0,1,168,149.07
21018,609,26,1,11.0,2,110,196.47
21019,609,37,5,8.0,2,20,374.33
21020,609,61,6,,1,157,327.21
21021,609,96,5,13.0,1,173,231.12
21022,609,14,1,11.0,3,67,354.1
21023,609,36,1,4.0,1,98,112.83
21024,609,108,1,10.0,1,159,167.48
21025,609,103,1,12.0,1,181,105.16
21026,609,102,2,14.0,1,243,332.57
21027,609,28,6,3.0,4,90,195.42
21028,609,10055,2,,2,237,268.55
21029,609,105,2,7.0,2,33,115.72
21030,609,7,3,9.0,4,149,255.0
21031,609,7,1,2.0,2,57,255.0
21032,609,50,3,12.0,4,119,191.76
21033,609,20,1,2.0,2,34,344.59
21034,609,27,2,12.0,1,59,25.05
21035,609,77,1,5.0,1,210,11.42
21036,609,89,1,7.0,1,213,228.5
21037,610,109,1,7.0,1,148,378.53
21038,610,13,6,12.0,4,19,350.79
21039,610,17,4,9.0,4,34,198.42
21040,610,115,1,11.0,3,99,265.87
21041,610,37,6,6.0,2,10,374.33
21042,610,52,1,6.0,1,134,29.05
21043,610,71,6,12.0,1,216,273.46
21044,610,113,4,7.0,1,161,268.21
21045,610,25,4,9.0,1,212,381.49
21046,610,93,4,8.0,2,214,39.17
21047,610,33,5,15.0,1,154,136.56
21048,610,57,5,3.0,2,104,184.4
21049,610,76,1,8.0,1,155,327.0
21050,610,25,5,8.0,2,153,381.49
21051,610,118,2,9.0,1,131,102.4
21052,610,3,6,11.0,1,96,184.85
21053,610,21,4,1.0,2,133,307.9
21054,610,78,2,15.0,2,33,386.82
21055,610,87,5,8.0,1,116,267.42
21056,610,23,6,13.0,2,63,204.06
21057,610,113,4,9.0,2,1,268.21
21058,610,74,3,3.0,2,113,345.9
21059,610,6,3,13.0,2,194,342.42
21060,610,40,2,8.0,3,197,162.24
21061,610,37,6,3.0,1,73,374.33
21062,610,36,3,8.0,2,197,112.83
21063,610,22,2,12.0,2,209,182.58
21064,611,117,1,,3,86,132.08
21065,611,21,6,9.0,4,107,307.9
21066,611,25,3,5.0,4,156,381.49
21067,611,56,6,4.0,1,194,269.33
21068,611,57,1,11.0,1,44,184.4
21069,611,54,6,12.0,1,20,263.63
21070,611,107,2,10.0,1,139,87.15
21071,611,10096,5,15.0,1,178,231.12
21072,611,70,1,1.0,1,144,18.65
21073,611,35,1,14.0,2,37,362.36
21074,611,105,2,12.0,1,131,115.72
21075,611,71,3,1.0,1,9,273.46
21076,611,110,5,10.0,2,239,4.35
21077,611,43,4,2.0,2,14,40.97
21078,611,5,2,8.0,2,191,282.42
21079,611,11,1,11.0,1,2,274.48
21080,611,63,5,3.0,2,218,114.14
21081,611,43,3,14.0,1,127,40.97
21082,611,65,3,7.0,1,124,38.73
21083,611,5,6,7.0,1,236,282.42
21084,611,33,4,,1,70,136.56
21085,611,39,2,1.0,5,123,170.58
21086,611,36,3,1.0,1,231,112.83
21087,612,74,2,9.0,1,201,345.9
21088,612,40,1,3.0,2,38,162.24
21089,612,92,2,8.0,1,176,69.54
21090,612,58,2,12.0,5,78,86.84
21091,612,94,1,14.0,1,98,323.01
21092,612,19,2,2.0,2,241,153.88
21093,612,39,6,12.0,2,228,170.58
21094,612,117,3,12.0,1,210,132.08
21095,612,10096,3,1.0,3,43,231.12
21096,612,24,4,8.0,2,218,204.05
21097,612,14,4,14.0,2,164,354.1
21098,612,40,2,13.0,1,68,162.24
21099,612,9,6,12.0,1,94,254.72
21100,612,29,5,3.0,1,132,264.58
21101,612,14,6,9.0,1,127,354.1
21102,612,44,6,5.0,1,91,370.69
21103,612,12,1,9.0,1,117,322.41
21104,612,77,1,11.0,1,68,11.42
21105,612,14,6,4.0,2,246,354.1
21106,612,107,2,14.0,2,233,87.15
21107,612,1,6,7.0,1,11,382.97
21108,612,81,1,10.0,1,58,45.14
21109,613,69,1,5.0,3,150,334.17
21110,613,73,4,11.0,1,94,352.8
21111,613,94,4,6.0,1,250,323.01
21112,613,94,3,4.0,2,59,323.01
21113,613,27,3,13.0,1,161,25.05
21114,613,82,6,14.0,2,165,393.73
21115,613,101,3,7.0,1,190,380.12
21116,613,4,2,10.0,2,68,118.68
21117,613,31,1,3.0,2,241,276.57
21118,613,2,6,8.0,2,44,144.87
21119,613,40,6,10.0,2,237,162.24
21120,613,89,3,7.0,1,218,228.5
21121,613,16,2,15.0,4,137,359.33
21122,613,11,6,1.0,2,186,274.48
21123,613,82,4,1.0,2,145,393.73
21124,613,51,3,6.0,2,243,384.39
21125,613,64,2,4.0,1,76,254.43
21126,613,43,1,4.0,2,130,40.97
21127,613,56,1,11.0,2,82,269.33
21128,613,9,4,15.0,1,174,254.72
21129,613,34,2,12.0,2,9,4.86
21130,613,81,4,2.0,2,147,45.14
21131,613,38,6,9.0,3,96,323.38
21132,613,99,3,5.0,1,117,21.99
21133,613,82,1,5.0,2,212,393.73
21134,613,88,2,5.0,2,125,52.66
21135,613,118,3,1.0,2,176,102.4
21136,613,86,3,8.0,2,164,266.03
21137,613,42,2,3.0,2,66,186.13
21138,613,33,5,11.0,1,188,136.56
21139,613,85,4,10.0,3,118,173.66
21140,613,82,1,13.0,2,104,393.73
21141,613,28,3,3.0,1,221,195.42
21142,613,48,4,5.0,2,238,77.58
21143,613,92,6,6.0,4,20,69.54
21144,613,92,4,4.0,1,246,69.54
21145,613,85,2,2.0,1,109,173.66
21146,613,39,6,13.0,1,72,170.58
21147,613,54,6,7.0,1,18,263.63
21148,613,57,4,15.0,2,2,184.4
21149,613,8,6,13.0,2,49,268.73
21150,613,115,5,11.0,2,102,265.87
21151,614,50,4,7.0,2,229,191.76
21152,614,118,5,12.0,1,85,102.4
21153,614,65,6,8.0,2,224,38.73
21154,614,6,2,6.0,1,144,342.42
21155,614,27,4,10.0,1,123,25.05
21156,614,37,1,1.0,4,65,374.33
21157,614,119,3,3.0,2,146,399.96
21158,614,90,1,14.0,1,180,85.65
21159,614,65,5,15.0,1,8,38.73
21160,614,27,2,1.0,2,230,25.05
21161,614,91,3,13.0,2,224,177.83
21162,614,111,6,1.0,1,14,299.51
21163,614,111,5,11.0,2,212,299.51
21164,614,56,4,4.0,1,51,269.33
21165,614,84,3,11.0,2,65,288.33
21166,614,90,4,12.0,1,119,85.65
21167,614,22,3,14.0,1,110,182.58
21168,614,105,5,1.0,2,39,115.72
21169,614,105,3,6.0,1,102,115.72
21170,614,36,2,3.0,2,76,112.83
21171,614,44,5,4.0,2,72,370.69
21172,614,10,3,1.0,2,28,153.02
21173,614,65,5,,5,75,38.73
21174,614,16,5,5.0,1,92,359.33
21175,614,71,5,,1,119,273.46
21176,614,111,2,4.0,2,60,299.51
21177,614,51,5,14.0,2,79,384.39
21178,614,22,2,13.0,2,23,182.58
21179,614,115,6,3.0,1,141,265.87
21180,614,61,1,10.0,1,207,327.21
21181,614,27,1,5.0,1,162,25.05
21182,614,112,4,4.0,1,25,89.33
21183,614,31,6,3.0,1,226,276.57
21184,614,10060,5,,1,132,393.57
21185,615,62,6,14.0,1,206,107.26
21186,615,116,6,2.0,2,92,74.33
21187,615,46,5,12.0,1,129,2.86
21188,615,90,2,12.0,1,66,85.65
21189,615,27,5,1.0,3,21,25.05
21190,615,78,2,1.0,1,39,386.82
21191,615,33,5,14.0,2,21,136.56
21192,615,76,2,3.0,2,199,327.0
21193,615,58,3,10.0,2,59,86.84
21194,615,3,6,13.0,1,111,184.85
21195,615,105,5,14.0,1,190,115.72
21196,615,81,4,4.0,1,3,45.14
21197,615,12,1,1.0,2,82,322.41
21198,615,36,3,11.0,1,164,112.83
21199,615,67,3,15.0,2,127,177.85
21200,615,48,4,2.0,2,33,77.58
21201,615,28,5,13.0,2,106,195.42
21202,615,108,1,9.0,1,134,167.48
21203,615,3,3,2.0,1,134,184.85
21204,615,103,5,1.0,1,22,105.16
21205,615,11,3,11.0,1,139,274.48
21206,615,100,6,1.0,3,109,320.96
21207,615,103,4,10.0,1,122,105.16
21208,615,21,4,9.0,1,39,307.9
21209,615,22,2,3.0,3,248,182.58
21210,615,19,6,10.0,1,241,153.88
21211,615,117,6,2.0,2,182,132.08
21212,615,71,2,4.0,1,52,273.46
21213,615,106,2,12.0,1,58,57.07
21214,615,54,6,14.0,2,194,263.63
21215,615,116,5,3.0,1,124,74.33
21216,615,50,4,5.0,1,49,191.76
21217,615,62,6,5.0,2,35,107.26
21218,615,74,2,12.0,1,109,345.9
21219,615,80,1,13.0,1,234,351.06
21220,615,57,4,9.0,1,131,184.4
21221,615,58,1,12.0,3,102,86.84
21222,615,87,5,8.0,1,155,267.42
21223,615,26,2,5.0,2,188,196.47
21224,615,98,3,6.0,1,111,89.1
21225,615,90,3,4.0,1,247,85.65
21226,615,96,4,15.0,3,223,231.12
21227,615,80,6,6.0,1,104,351.06
21228,615,20,6,1.0,1,122,344.59
21229,615,62,5,9.0,5,139,107.26
21230,615,55,6,1.0,1,23,268.55
21231,616,100,4,6.0,2,58,320.96
21232,616,10055,3,7.0,1,92,268.55
21233,616,21,5,3.0,2,143,307.9
21234,616,10060,3,14.0,1,220,393.57
21235,616,86,5,3.0,2,128,266.03
21236,616,100,6,9.0,1,217,320.96
21237,616,30,2,2.0,1,249,349.23
21238,616,26,1,10.0,1,143,196.47
21239,616,16,2,14.0,1,229,359.33
21240,616,106,1,2.0,2,223,57.07
21241,616,41,6,5.0,2,54,77.7
21242,616,37,4,10.0,1,171,374.33
21243,616,75,6,14.0,2,221,45.02
21244,616,100,2,,1,95,320.96
21245,616,61,4,4.0,1,142,327.21
21246,616,8,6,4.0,1,67,268.73
21247,616,89,6,14.0,2,235,228.5
21248,616,93,5,10.0,1,156,39.17
21249,616,47,3,6.0,2,82,279.24
21250,616,40,1,9.0,1,195,162.24
21251,616,77,1,9.0,2,207,11.42
21252,616,49,1,8.0,1,209,217.79
21253,616,77,6,5.0,2,182,11.42
21254,616,89,2,3.0,1,50,228.5
21255,616,18,1,14.0,1,154,65.67
21256,616,10096,4,12.0,1,76,231.12
21257,616,101,5,15.0,2,148,380.12
21258,616,1,5,15.0,1,51,382.97
21259,616,34,4,15.0,5,240,4.86
21260,616,63,5,8.0,3,145,114.14
21261,616,20,4,7.0,2,40,344.59
21262,616,118,5,11.0,1,76,102.4
21263,616,15,6,2.0,1,70,100.16
21264,616,57,1,13.0,2,231,184.4
21265,616,76,3,11.0,2,151,327.0
21266,616,84,2,4.0,2,105,288.33
21267,616,80,4,6.0,1,14,351.06
21268,616,94,6,11.0,1,177,323.01
21269,616,97,2,11.0,2,88,99.11
21270,616,74,1,2.0,1,184,345.9
21271,616,70,3,12.0,2,186,18.65
21272,616,26,5,10.0,1,100,196.47
21273,617,110,6,11.0,1,69,4.35
21274,617,57,1,1.0,1,18,184.4
21275,617,39,3,14.0,3,191,170.58
21276,617,45,2,13.0,2,155,193.58
21277,617,9,2,12.0,2,192,254.72
21278,617,50,5,7.0,1,74,191.76
21279,617,37,3,1.0,1,78,374.33
21280,617,58,4,7.0,1,224,86.84
21281,617,48,2,1.0,2,60,77.58
21282,617,78,6,11.0,1,227,386.82
21283,617,15,3,10.0,1,42,100.16
21284,617,40,1,5.0,1,25,162.24
21285,617,93,5,8.0,1,40,39.17
21286,617,86,2,,1,177,266.03
21287,617,33,4,9.0,2,170,136.56
21288,617,68,4,11.0,2,210,31.95
21289,617,57,4,15.0,2,22,184.4
21290,617,106,6,9.0,2,223,57.07
21291,617,25,2,2.0,3,224,381.49
21292,617,21,5,11.0,1,147,307.9
21293,617,67,2,13.0,2,179,177.85
21294,617,53,5,8.0,1,244,99.99
21295,617,79,4,,1,111,272.45
21296,617,74,3,8.0,1,85,345.9
21297,617,75,2,10.0,2,126,45.02
21298,617,32,4,13.0,2,225,360.05
21299,617,13,3,13.0,4,31,350.79
21300,617,81,4,15.0,2,39,45.14
21301,618,31,1,7.0,5,221,276.57
21302,618,68,2,9.0,2,86,31.95
21303,618,81,5,9.0,1,163,45.14
21304,618,100,3,12.0,2,103,320.96
21305,618,81,3,1.0,1,168,45.14
21306,618,21,1,12.0,2,107,307.9
21307,618,10118,6,10.0,2,64,102.4
21308,618,85,2,9.0,1,107,173.66
21309,618,69,2,3.0,1,48,334.17
21310,618,10055,3,3.0,2,178,268.55
21311,618,98,1,2.0,3,82,89.1
21312,618,27,6,8.0,3,133,25.05
21313,618,10055,5,9.0,1,16,268.55
21314,618,5,3,5.0,1,197,282.42
21315,618,66,2,10.0,1,158,134.76
21316,618,2,3,12.0,1,142,144.87
21317,618,89,5,7.0,2,208,228.5
21318,618,3,3,,1,79,184.85
21319,618,24,3,7.0,1,81,204.05
21320,618,120,1,10.0,1,46,18.02
21321,618,71,5,4.0,1,76,273.46
21322,618,68,1,12.0,2,158,31.95
21323,618,1,5,7.0,1,216,382.97
21324,618,42,1,8.0,2,250,186.13
21325,618,52,6,14.0,4,78,29.05
21326,618,63,5,2.0,2,59,114.14
21327,618,79,1,,5,77,272.45
21328,618,67,4,2.0,1,15,177.85
21329,618,111,1,11.0,3,188,299.51
21330,618,120,3,8.0,2,127,18.02
21331,618,25,1,2.0,1,169,381.49
21332,618,89,4,11.0,2,14,228.5
21333,618,32,4,1.0,1,178,360.05
21334,618,41,1,,1,23,77.7
21335,618,111,6,3.0,3,16,299.51
21336,619,77,2,12.0,1,32,11.42
21337,619,10096,2,14.0,4,247,231.12
21338,619,117,6,2.0,1,70,132.08
21339,619,63,6,6.0,1,103,114.14
21340,619,54,1,8.0,1,113,263.63
21341,619,10118,1,9.0,4,139,102.4
21342,619,83,3,1.0,3,218,19.67
21343,619,113,1,12.0,1,61,268.21
21344,619,2,4,15.0,1,148,144.87
21345,619,95,1,14.0,1,60,245.29
21346,619,92,1,5.0,2,167,69.54
21347,619,24,1,1.0,1,41,204.05
21348,619,22,1,12.0,1,34,182.58
21349,619,93,5,5.0,2,248,39.17
21350,619,25,6,6.0,2,82,381.49
21351,619,106,6,15.0,3,166,57.07
21352,619,41,3,11.0,2,117,77.7
21353,619,23,5,15.0,3,75,204.06
21354,619,85,2,13.0,1,83,173.66
21355,619,13,6,12.0,2,31,350.79
21356,619,117,6,10.0,2,210,132.08
21357,619,10118,2,7.0,1,103,102.4
21358,619,1,6,11.0,1,229,382.97
21359,619,6,3,7.0,2,197,342.42
21360,619,53,5,9.0,1,191,99.99
21361,619,10118,6,6.0,2,52,102.4
21362,619,10055,1,14.0,2,93,268.55
21363,619,36,5,4.0,2,106,112.83
21364,619,83,5,7.0,2,197,19.67
21365,619,53,3,7.0,1,102,99.99
21366,619,6,6,1.0,1,42,342.42
21367,619,33,2,2.0,4,221,136.56
21368,620,54,5,6.0,1,32,263.63
21369,620,92,3,5.0,2,247,69.54
21370,620,90,4,6.0,1,183,85.65
21371,620,10,1,15.0,2,243,153.02
21372,620,65,1,8.0,1,192,38.73
21373,620,39,4,7.0,1,46,170.58
21374,620,117,5,8.0,1,52,132.08
21375,620,1,1,13.0,4,17,382.97
21376,620,79,6,6.0,2,161,272.45
21377,620,50,2,8.0,3,153,191.76
21378,620,46,2,13.0,1,6,2.86
21379,620,74,4,15.0,1,31,345.9
21380,620,62,4,14.0,2,130,107.26
21381,620,85,1,2.0,2,185,173.66
21382,620,22,3,11.0,2,181,182.58
21383,620,28,2,10.0,1,128,195.42
21384,620,97,4,1.0,2,147,99.11
21385,620,107,3,9.0,3,79,87.15
21386,620,51,6,6.0,1,124,384.39
21387,620,105,4,7.0,2,21,115.72
21388,620,78,6,3.0,2,165,386.82
21389,620,100,4,,2,101,320.96
21390,620,15,1,13.0,2,3,100.16
21391,620,29,1,2.0,4,225,264.58
21392,620,31,6,6.0,3,193,276.57
21393,620,19,4,11.0,2,188,153.88
21394,620,34,1,8.0,1,150,4.86
21395,620,85,1,4.0,2,246,173.66
21396,620,43,6,11.0,1,220,40.97
21397,620,22,4,3.0,2,3,182.58
21398,620,11,2,4.0,2,248,274.48
21399,620,110,5,2.0,2,199,4.35
21400,620,102,4,,1,60,332.57
21401,620,10060,6,11.0,2,86,393.57
21402,620,98,6,5.0,3,129,89.1
21403,620,58,1,5.0,5,241,86.84
21404,621,25,5,6.0,2,168,381.49
21405,621,11,2,10.0,2,194,274.48
21406,621,19,2,15.0,1,96,153.88
21407,621,56,6,6.0,2,2,269.33
21408,621,6,6,5.0,3,156,342.42
21409,621,21,2,5.0,1,119,307.9
21410,621,113,5,14.0,4,15,268.21
21411,621,106,3,8.0,1,159,57.07
21412,621,85,2,11.0,2,89,173.66
21413,621,39,1,8.0,1,67,170.58
21414,621,66,2,10.0,2,156,134.76
21415,621,1,3,7.0,2,147,382.97
21416,621,72,6,9.0,2,133,389.59
21417,621,2,4,12.0,2,213,144.87
21418,621,42,1,6.0,1,196,186.13
21419,621,91,2,14.0,2,206,177.83
21420,621,51,2,8.0,2,120,384.39
21421,621,67,1,12.0,2,97,177.85
21422,621,12,2,4.0,1,226,322.41
21423,621,28,6,2.0,1,228,195.42
21424,621,56,4,1.0,2,12,269.33
21425,621,86,5,11.0,1,78,266.03
21426,621,75,6,5.0,5,222,45.02
21427,621,32,1,3.0,1,244,360.05
21428,621,75,1,7.0,3,129,45.02
21429,621,1,4,10.0,3,238,382.97
21430,621,95,5,15.0,2,209,245.29
21431,621,58,2,9.0,1,124,86.84
21432,621,57,5,2.0,2,27,184.4
21433,621,24,4,14.0,2,232,204.05
21434,621,81,5,2.0,2,9,45.14
21435,621,21,4,14.0,3,33,307.9
21436,621,37,1,10.0,1,215,374.33
21437,621,49,1,13.0,1,213,217.79
21438,621,87,6,15.0,2,158,267.42
21439,621,83,5,15.0,3,128,19.67
21440,622,18,3,14.0,2,129,65.67
21441,622,78,3,3.0,1,13,386.82
21442,622,27,1,5.0,2,31,25.05
21443,622,104,2,1.0,1,221,194.87
21444,622,73,4,4.0,1,83,352.8
21445,622,75,1,15.0,1,184,45.02
21446,622,15,3,1.0,2,217,100.16
21447,622,39,3,8.0,1,102,170.58
21448,622,85,1,8.0,1,118,173.66
21449,622,101,2,7.0,3,104,380.12
21450,622,45,4,3.0,1,24,193.58
21451,622,13,2,7.0,1,78,350.79
21452,622,20,3,11.0,1,190,344.59
21453,622,45,4,,2,207,193.58
21454,622,101,4,15.0,3,222,380.12
21455,622,74,1,15.0,1,72,345.9
21456,622,57,5,2.0,1,245,184.4
21457,622,101,3,12.0,2,53,380.12
21458,622,85,4,2.0,1,13,173.66
21459,622,47,4,4.0,1,20,279.24
21460,622,83,2,11.0,2,210,19.67
21461,622,107,4,2.0,1,11,87.15
21462,622,65,2,15.0,1,36,38.73
21463,622,59,6,3.0,1,236,149.07
21464,622,63,3,15.0,2,95,114.14
21465,622,13,6,12.0,2,42,350.79
21466,622,37,5,9.0,2,177,374.33
21467,622,8,6,10.0,2,55,268.73
21468,622,58,3,5.0,1,218,86.84
21469,622,90,6,1.0,2,153,85.65
21470,622,100,4,7.0,1,237,320.96
21471,622,8,3,12.0,1,5,268.73
21472,622,22,4,15.0,2,114,182.58
21473,623,60,5,2.0,1,51,393.57
21474,623,50,5,9.0,4,27,191.76
21475,623,28,5,1.0,2,205,195.42
21476,623,57,5,7.0,1,99,184.4
21477,623,21,1,,1,181,307.9
21478,623,106,2,9.0,1,240,57.07
21479,623,32,6,2.0,1,210,360.05
21480,623,37,5,2.0,1,186,374.33
21481,623,10118,3,6.0,1,198,102.4
21482,623,51,5,13.0,2,208,384.39
21483,623,69,4,14.0,1,110,334.17
21484,623,73,4,14.0,2,146,352.8
21485,623,34,4,3.0,2,94,4.86
21486,623,6,6,15.0,3,121,342.42
21487,623,5,5,2.0,1,105,282.42
21488,623,26,4,6.0,2,73,196.47
21489,623,23,5,1.0,1,102,204.06
21490,623,85,2,12.0,1,201,173.66
21491,623,114,2,7.0,2,126,392.33
21492,623,48,6,8.0,1,48,77.58
21493,623,69,3,1.0,3,119,334.17
21494,623,39,5,12.0,2,21,170.58
21495,623,87,1,2.0,2,94,267.42
21496,623,119,5,9.0,3,173,399.96
21497,623,102,6,15.0,1,26,332.57
21498,623,9,6,5.0,1,166,254.72
21499,623,58,1,13.0,1,241,86.84
21500,623,19,2,,1,226,153.88
21501,623,92,4,6.0,1,95,69.54
21502,623,51,3,,2,171,384.39
21503,623,57,4,6.0,5,10,184.4
21504,623,56,1,8.0,1,35,269.33
21505,623,82,3,5.0,1,143,393.73
21506,623,79,2,8.0,1,211,272.45
21507,623,11,6,15.0,1,183,274.48
21508,624,26,3,11.0,1,233,196.47
21509,624,98,5,12.0,2,43,89.1
21510,624,112,5,13.0,1,88,89.33
21511,624,77,3,15.0,2,47,11.42
21512,624,59,1,14.0,3,61,149.07
21513,624,16,6,8.0,1,129,359.33
21514,624,20,2,6.0,4,20,344.59
21515,624,26,2,10.0,1,36,196.47
21516,624,11,6,5.0,1,12,274.48
21517,624,8,5,12.0,1,122,268.73
21518,624,113,4,2.0,2,169,268.21
21519,624,47,2,13.0,1,241,279.24
21520,624,23,5,7.0,2,206,204.06
21521,624,83,4,,1,150,19.67
21522,624,53,2,14.0,2,119,99.99
21523,624,28,2,11.0,2,146,195.42
21524,624,49,3,4.0,1,20,217.79
21525,624,75,1,2.0,1,119,45.02
21526,624,104,3,14.0,1,49,194.87
21527,624,92,4,9.0,2,29,69.54
21528,624,115,2,7.0,2,210,265.87
21529,624,44,4,12.0,1,24,370.69
21530,625,90,1,12.0,2,99,85.65
21531,625,18,2,7.0,4,210,65.67
21532,625,28,2,1.0,2,104,195.42
21533,625,5,2,6.0,3,154,282.42
21534,625,117,6,6.0,4,68,132.08
21535,625,45,2,11.0,2,211,193.58
21536,625,75,5,,2,82,45.02
21537,625,32,1,14.0,2,162,360.05
21538,625,10060,6,10.0,2,81,393.57
21539,625,10096,6,3.0,2,54,231.12
21540,625,116,3,11.0,1,171,74.33
21541,625,26,1,6.0,2,25,196.47
21542,625,88,2,7.0,3,49,52.66
21543,625,57,1,9.0,3,23,184.4
21544,625,77,2,2.0,1,97,11.42
21545,625,107,4,6.0,2,35,87.15
21546,625,84,3,5.0,3,102,288.33
21547,625,108,3,6.0,3,120,167.48
21548,625,114,5,9.0,1,99,392.33
21549,625,11,4,9.0,1,232,274.48
21550,625,97,5,10.0,5,217,99.11
21551,625,30,4,13.0,1,217,349.23
21552,625,32,5,9.0,2,116,360.05
21553,625,33,3,7.0,1,174,136.56
21554,625,107,2,1.0,2,11,87.15
21555,625,27,2,7.0,2,73,25.05
21556,626,7,4,15.0,1,182,255.0
21557,626,66,5,10.0,1,115,134.76
21558,626,47,6,1.0,4,183,279.24
21559,626,36,5,15.0,1,57,112.83
21560,626,25,4,9.0,3,89,381.49
21561,626,4,5,1.0,2,231,118.68
21562,626,58,4,1.0,1,7,86.84
21563,626,19,3,8.0,1,189,153.88
21564,626,48,5,13.0,1,83,77.58
21565,626,105,3,2.0,1,14,115.72
21566,626,37,3,4.0,2,209,374.33
21567,626,3,5,5.0,2,8,184.85
21568,626,11,5,9.0,3,103,274.48
21569,626,39,2,15.0,2,95,170.58
21570,626,55,1,4.0,2,178,268.55
21571,626,86,6,13.0,2,177,266.03
21572,626,117,2,9.0,2,160,132.08
21573,626,42,3,3.0,2,249,186.13
21574,626,38,5,2.0,4,40,323.38
21575,626,31,3,7.0,1,238,276.57
21576,626,35,2,11.0,2,75,362.36
21577,626,24,5,7.0,1,63,204.05
21578,626,10118,5,15.0,2,42,102.4
21579,626,14,3,5.0,2,211,354.1
21580,626,9,6,2.0,2,85,254.72
21581,626,94,3,12.0,1,16,323.01
21582,626,10060,6,12.0,1,102,393.57
21583,626,34,4,12.0,2,26,4.86
21584,626,32,1,6.0,2,139,360.05
21585,626,79,3,12.0,1,88,272.45
21586,626,113,4,3.0,2,221,268.21
21587,626,49,5,12.0,4,26,217.79
21588,626,38,1,12.0,3,20,323.38
21589,626,40,5,5.0,2,200,162.24
21590,626,26,3,14.0,2,188,196.47
21591,626,37,6,2.0,1,154,374.33
21592,627,117,3,15.0,3,63,132.08
21593,627,83,5,6.0,1,238,19.67
21594,627,88,4,12.0,1,78,52.66
21595,627,44,3,4.0,1,39,370.69
21596,627,30,2,2.0,1,136,349.23
21597,627,24,3,11.0,1,222,204.05
21598,627,86,2,6.0,1,37,266.03
21599,627,109,2,5.0,2,222,378.53
21600,627,32,6,14.0,2,38,360.05
21601,627,2,6,12.0,1,164,144.87
21602,627,41,4,5.0,1,162,77.7
21603,627,91,1,3.0,1,210,177.83
21604,627,10118,1,15.0,1,124,102.4
21605,627,70,3,7.0,1,92,18.65
21606,627,120,2,5.0,2,200,18.02
21607,627,67,6,6.0,2,156,177.85
21608,627,56,6,3.0,1,150,269.33
21609,627,97,2,5.0,2,43,99.11
21610,627,67,3,12.0,1,196,177.85
21611,627,9,4,2.0,1,242,254.72
21612,627,107,1,9.0,1,247,87.15
21613,627,69,2,7.0,2,233,334.17
21614,627,66,3,5.0,1,63,134.76
21615,627,87,3,5.0,1,246,267.42
21616,627,107,4,2.0,1,126,87.15
21617,627,8,5,8.0,3,227,268.73
21618,627,61,1,,3,70,327.21
21619,627,70,3,2.0,2,190,18.65
21620,627,60,3,14.0,2,176,393.57
21621,627,48,3,8.0,1,104,77.58
21622,627,69,2,11.0,2,227,334.17
21623,627,47,4,2.0,1,14,279.24
21624,627,24,3,5.0,1,104,204.05
21625,627,39,1,12.0,1,43,170.58
21626,627,58,6,14.0,1,169,86.84
21627,627,111,2,9.0,2,197,299.51
21628,627,52,3,8.0,1,221,29.05
21629,627,42,4,2.0,1,98,186.13
21630,627,78,3,7.0,2,104,386.82
21631,627,14,1,11.0,3,33,354.1
21632,627,58,2,9.0,2,124,86.84
21633,627,52,2,3.0,1,175,29.05
21634,627,113,2,15.0,2,139,268.21
21635,627,110,3,10.0,1,86,4.35
21636,627,48,4,13.0,2,128,77.58
21637,627,52,1,14.0,1,41,29.05
21638,627,6,4,14.0,4,45,342.42
21639,627,63,2,,3,222,114.14
21640,627,92,1,6.0,1,52,69.54
21641,628,23,1,3.0,1,249,204.06
21642,628,30,3,14.0,1,97,349.23
21643,628,63,1,9.0,2,204,114.14
21644,628,13,5,11.0,2,21,350.79
21645,628,98,1,13.0,1,58,89.1
21646,628,42,2,2.0,1,97,186.13
21647,628,31,5,9.0,1,52,276.57
21648,628,21,2,13.0,1,177,307.9
21649,628,53,3,15.0,2,52,99.99
21650,628,81,1,12.0,2,151,45.14
21651,628,110,2,8.0,2,201,4.35
21652,628,63,1,5.0,3,132,114.14
21653,628,10,5,4.0,1,32,153.02
21654,628,103,3,7.0,2,8,105.16
21655,628,87,1,,1,79,267.42
21656,628,84,2,12.0,2,47,288.33
21657,628,75,1,4.0,2,231,45.02
21658,628,88,4,,1,63,52.66
21659,628,77,1,9.0,2,228,11.42
21660,628,115,2,13.0,1,209,265.87
21661,628,7,5,14.0,1,121,255.0
21662,628,117,1,3.0,2,181,132.08
21663,628,47,4,12.0,2,100,279.24
21664,628,75,4,4.0,1,176,45.02
21665,628,24,6,7.0,1,227,204.05
21666,628,110,2,11.0,2,86,4.35
21667,628,75,5,5.0,5,125,45.02
21668,628,82,3,5.0,2,155,393.73
21669,628,97,4,12.0,1,43,99.11
21670,628,106,4,7.0,4,243,57.07
21671,628,10118,1,10.0,2,219,102.4
21672,628,34,2,8.0,1,138,4.86
21673,628,2,3,1.0,3,115,144.87
21674,628,19,5,12.0,2,54,153.88
21675,628,19,2,7.0,1,143,153.88
21676,628,12,2,11.0,1,66,322.41
21677,628,102,6,7.0,3,63,332.57
21678,628,25,1,12.0,1,215,381.49
21679,628,91,5,,1,16,177.83
21680,629,50,5,15.0,2,166,191.76
21681,629,51,6,11.0,1,240,384.39
21682,629,59,1,,1,178,149.07
21683,629,23,3,15.0,2,198,204.06
21684,629,116,1,3.0,1,99,74.33
21685,629,111,6,6.0,3,17,299.51
21686,629,84,5,8.0,2,87,288.33
21687,629,49,6,4.0,3,102,217.79
21688,629,114,2,2.0,1,153,392.33
21689,629,32,2,9.0,2,45,360.05
21690,629,86,3,1.0,2,227,266.03
21691,629,93,2,4.0,2,200,39.17
21692,629,111,5,14.0,4,16,299.51
21693,629,114,1,6.0,2,177,392.33
21694,629,64,3,3.0,1,5,254.43
21695,629,92,5,4.0,2,168,69.54
21696,629,40,3,7.0,1,82,162.24
21697,629,78,5,12.0,1,222,386.82
21698,629,5,6,3.0,1,43,282.42
21699,629,8,3,9.0,2,171,268.73
21700,629,10060,3,2.0,4,72,393.57
21701,629,47,3,5.0,3,71,279.24
21702,629,47,4,3.0,2,13,279.24
21703,629,3,3,,1,171,184.85
21704,629,34,3,6.0,2,71,4.86
21705,629,43,2,6.0,1,138,40.97
21706,629,67,2,3.0,2,77,177.85
21707,629,71,3,4.0,3,138,273.46
21708,629,51,1,1.0,1,20,384.39
21709,630,60,5,12.0,3,89,393.57
21710,630,79,6,6.0,4,67,272.45
21711,630,76,1,8.0,3,158,327.0
21712,630,52,1,14.0,2,83,29.05
21713,630,61,2,12.0,3,226,327.21
21714,630,62,5,10.0,2,69,107.26
21715,630,1,2,12.0,4,103,382.97
21716,630,113,4,6.0,2,72,268.21
21717,630,65,3,9.0,1,10,38.73
21718,630,109,2,3.0,1,97,378.53
21719,630,109,5,8.0,1,105,378.53
21720,630,16,3,,2,162,359.33
21721,630,46,1,3.0,2,208,2.86
21722,630,80,1,8.0,2,107,351.06
21723,630,70,2,1.0,1,165,18.65
21724,630,19,4,9.0,2,111,153.88
21725,630,19,5,12.0,1,233,153.88
21726,630,67,5,2.0,1,86,177.85
21727,630,104,2,,1,201,194.87
21728,630,31,4,14.0,1,43,276.57
21729,630,64,5,,2,6,254.43
21730,630,10118,2,7.0,1,213,102.4
21731,630,59,6,4.0,1,88,149.07
21732,630,98,5,5.0,2,174,89.1
21733,630,31,4,10.0,1,130,276.57
21734,630,36,6,10.0,1,36,112.83
21735,630,66,5,9.0,1,172,134.76
21736,630,43,6,15.0,3,45,40.97
21737,630,119,3,10.0,4,208,399.96
21738,630,53,6,7.0,1,115,99.99
21739,630,67,2,14.0,2,12,177.85
21740,630,26,5,9.0,1,127,196.47
21741,630,120,4,3.0,2,38,18.02
21742,630,29,5,3.0,1,10,264.58
21743,630,8,4,6.0,1,6,268.73
21744,630,47,6,3.0,2,229,279.24
21745,631,109,5,,2,45,378.53
21746,631,6,4,2.0,2,42,342.42
21747,631,112,6,1.0,4,248,89.33
21748,631,102,6,2.0,3,203,332.57
21749,631,98,5,13.0,2,108,89.1
21750,631,7,1,10.0,2,145,255.0
21751,631,47,4,4.0,2,221,279.24
21752,631,36,4,11.0,1,31,112.83
21753,631,84,1,6.0,1,222,288.33
21754,631,78,2,12.0,2,202,386.82
21755,631,71,1,1.0,1,40,273.46
21756,631,65,6,14.0,1,24,38.73
21757,631,101,1,5.0,1,6,380.12
21758,631,22,3,2.0,1,29,182.58
21759,631,44,1,6.0,1,147,370.69
21760,631,103,2,15.0,1,206,105.16
21761,631,78,2,8.0,1,100,386.82
21762,631,25,1,2.0,2,15,381.49
21763,631,82,3,5.0,2,250,393.73
21764,631,11,4,5.0,2,170,274.48
21765,631,39,1,8.0,2,95,170.58
21766,631,30,1,9.0,2,242,349.23
21767,631,59,1,7.0,1,8,149.07
21768,631,56,5,5.0,1,122,269.33
21769,631,26,4,15.0,2,74,196.47
21770,631,49,5,5.0,2,193,217.79
21771,631,52,2,5.0,2,201,29.05
21772,632,32,1,11.0,1,136,360.05
21773,632,10060,4,6.0,1,56,393.57
21774,632,77,6,12.0,5,210,11.42
21775,632,9,6,14.0,4,157,254.72
21776,632,45,1,7.0,1,199,193.58
21777,632,76,1,14.0,2,162,327.0
21778,632,109,6,5.0,1,171,378.53
21779,632,68,2,1.0,1,183,31.95
21780,632,89,3,13.0,1,202,228.5
21781,632,35,6,,2,226,362.36
21782,632,10118,2,6.0,1,56,102.4
21783,632,35,3,7.0,4,129,362.36
21784,632,96,2,2.0,2,101,231.12
21785,632,64,4,7.0,1,101,254.43
21786,632,59,2,9.0,3,137,149.07
21787,632,53,6,12.0,3,232,99.99
21788,632,14,5,12.0,1,117,354.1
21789,632,93,2,10.0,4,168,39.17
21790,632,99,2,12.0,1,106,21.99
21791,632,61,2,11.0,2,103,327.21
21792,632,19,2,14.0,3,43,153.88
21793,632,109,6,8.0,2,87,378.53
21794,632,56,5,14.0,2,144,269.33
21795,632,73,3,8.0,2,115,352.8
21796,632,34,4,10.0,1,106,4.86
21797,632,80,1,10.0,1,45,351.06
21798,632,4,5,4.0,3,186,118.68
21799,632,8,5,5.0,4,220,268.73
21800,632,6,1,7.0,4,137,342.42
21801,632,114,6,9.0,2,147,392.33
21802,632,89,1,15.0,1,196,228.5
21803,632,22,4,1.0,1,12,182.58
21804,632,52,1,10.0,2,90,29.05
21805,632,39,2,6.0,1,16,170.58
21806,632,85,3,1.0,2,208,173.66
21807,632,48,3,7.0,1,2,77.58
21808,632,69,5,14.0,2,166,334.17
21809,632,66,2,10.0,1,132,134.76
21810,633,39,6,7.0,1,96,170.58
21811,633,61,6,6.0,1,101,327.21
21812,633,31,5,6.0,2,118,276.57
21813,633,118,4,5.0,1,92,102.4
21814,633,40,1,12.0,1,171,162.24
21815,633,83,6,10.0,2,202,19.67
21816,633,42,2,1.0,1,73,186.13
21817,633,116,3,5.0,1,27,74.33
21818,633,15,4,10.0,3,59,100.16
21819,633,71,2,15.0,1,163,273.46
21820,633,101,4,7.0,1,177,380.12
21821,633,83,5,15.0,2,188,19.67
21822,633,112,2,14.0,2,125,89.33
21823,633,3,4,1.0,2,123,184.85
21824,633,75,4,8.0,2,40,45.02
21825,633,114,1,4.0,2,173,392.33
21826,633,72,6,5.0,2,40,389.59
21827,633,32,5,4.0,2,151,360.05
21828,633,112,6,15.0,1,197,89.33
21829,633,66,6,9.0,2,114,134.76
21830,633,17,4,4.0,1,116,198.42
21831,633,32,3,9.0,4,249,360.05
21832,633,104,4,14.0,2,147,194.87
21833,633,101,2,15.0,1,85,380.12
21834,633,42,6,6.0,1,174,186.13
21835,633,20,6,9.0,2,243,344.59
21836,633,44,6,14.0,4,173,370.69
21837,633,64,4,15.0,2,123,254.43
21838,633,19,3,,1,59,153.88
21839,633,46,5,9.0,1,54,2.86
21840,633,50,4,6.0,2,170,191.76
21841,633,57,6,15.0,2,208,184.4
21842,633,14,3,1.0,5,220,354.1
21843,633,13,4,9.0,2,200,350.79
21844,633,38,4,10.0,2,11,323.38
21845,633,108,5,11.0,1,133,167.48
21846,633,10060,6,3.0,3,247,393.57
21847,633,109,3,5.0,2,158,378.53
21848,633,59,2,7.0,1,23,149.07
21849,633,13,2,13.0,2,140,350.79
21850,633,6,5,15.0,1,246,342.42
21851,633,29,3,,2,43,264.58
21852,633,98,6,12.0,1,194,89.1
21853,633,10060,6,7.0,1,130,393.57
21854,633,44,1,1.0,1,187,370.69
21855,633,84,3,14.0,1,145,288.33
21856,633,103,6,7.0,1,61,105.16
21857,633,45,4,6.0,2,62,193.58
21858,634,105,6,4.0,2,207,115.72
21859,634,46,6,5.0,1,190,2.86
21860,634,80,2,13.0,2,234,351.06
21861,634,69,2,15.0,2,103,334.17
21862,634,115,2,5.0,2,63,265.87
21863,634,1,3,5.0,1,158,382.97
21864,634,110,2,10.0,2,117,4.35
21865,634,56,5,11.0,3,228,269.33
21866,634,67,3,1.0,2,226,177.85
21867,634,2,4,1.0,4,162,144.87
21868,634,19,6,15.0,2,224,153.88
21869,634,72,5,14.0,1,203,389.59
21870,634,89,6,6.0,2,98,228.5
21871,634,20,3,9.0,2,45,344.59
21872,634,10096,3,7.0,2,78,231.12
21873,634,93,3,1.0,2,23,39.17
21874,634,25,5,11.0,2,66,381.49
21875,634,120,3,12.0,1,116,18.02
21876,634,46,1,12.0,2,81,2.86
21877,634,50,2,6.0,5,223,191.76
21878,634,29,1,2.0,1,105,264.58
21879,634,69,1,8.0,2,106,334.17
21880,635,84,2,2.0,2,129,288.33
21881,635,102,5,5.0,1,15,332.57
21882,635,101,5,1.0,1,52,380.12
21883,635,79,1,13.0,2,246,272.45
21884,635,77,1,2.0,1,217,11.42
21885,635,91,4,3.0,2,55,177.83
21886,635,46,6,1.0,2,58,2.86
21887,635,62,5,3.0,1,131,107.26
21888,635,10096,1,13.0,2,21,231.12
21889,635,105,6,2.0,1,29,115.72
21890,635,69,2,10.0,2,179,334.17
21891,635,93,2,15.0,2,174,39.17
21892,635,43,3,11.0,1,233,40.97
21893,635,40,3,10.0,1,61,162.24
21894,635,29,3,1.0,1,182,264.58
21895,635,94,4,9.0,1,216,323.01
21896,635,118,5,12.0,2,108,102.4
21897,635,31,1,5.0,1,73,276.57
21898,635,15,1,9.0,1,226,100.16
21899,635,68,5,7.0,2,57,31.95
21900,635,51,4,5.0,2,66,384.39
21901,635,90,5,7.0,4,81,85.65
21902,636,59,5,1.0,2,17,149.07
21903,636,116,6,2.0,1,16,74.33
21904,636,101,4,13.0,1,247,380.12
21905,636,78,3,15.0,2,23,386.82
21906,636,101,6,13.0,2,194,380.12
21907,636,56,4,9.0,1,168,269.33
21908,636,113,3,12.0,1,38,268.21
21909,636,12,5,5.0,2,176,322.41
21910,636,82,4,8.0,2,2,393.73
21911,636,109,2,9.0,2,89,378.53
21912,636,64,1,1.0,1,167,254.43
21913,636,79,4,14.0,1,139,272.45
21914,636,5,1,6.0,2,32,282.42
21915,636,25,3,2.0,3,44,381.49
21916,636,93,6,1.0,1,174,39.17
21917,636,32,4,8.0,2,124,360.05
21918,636,108,3,13.0,2,121,167.48
21919,636,39,4,4.0,3,190,170.58
21920,636,54,6,,2,13,263.63
21921,636,17,1,15.0,1,59,198.42
21922,636,104,6,12.0,1,122,194.87
21923,636,60,1,13.0,2,40,393.57
21924,636,101,5,12.0,4,73,380.12
21925,636,108,1,14.0,1,221,167.48
21926,636,6,4,14.0,2,184,342.42
21927,636,66,5,4.0,2,196,134.76
21928,636,63,3,14.0,1,204,114.14
21929,636,106,5,3.0,1,115,57.07
21930,636,68,5,15.0,2,135,31.95
21931,636,30,2,4.0,1,104,349.23
21932,636,35,5,1.0,1,204,362.36
21933,636,106,1,1.0,1,148,57.07
21934,636,72,4,7.0,4,173,389.59
21935,636,11,6,5.0,2,119,274.48
21936,636,27,2,12.0,1,33,25.05
21937,636,52,6,11.0,1,58,29.05
21938,636,79,3,5.0,3,27,272.45
21939,636,102,6,12.0,1,224,332.57
21940,637,119,3,5.0,2,238,399.96
21941,637,8,6,11.0,1,193,268.73
21942,637,28,1,,2,35,195.42
21943,637,76,1,8.0,2,113,327.0
21944,637,85,6,6.0,1,96,173.66
21945,637,98,3,12.0,1,219,89.1
21946,637,51,2,14.0,2,4,384.39
21947,637,25,4,10.0,2,86,381.49
21948,637,45,2,1.0,2,238,193.58
21949,637,78,5,10.0,2,27,386.82
21950,637,111,6,1.0,2,34,299.51
21951,637,7,2,3.0,2,176,255.0
21952,637,91,1,2.0,1,101,177.83
21953,637,18,5,3.0,4,114,65.67
21954,637,88,2,9.0,2,24,52.66
21955,637,87,3,6.0,2,9,267.42
21956,637,10096,4,12.0,2,64,231.12
21957,637,68,3,12.0,2,190,31.95
21958,637,87,1,15.0,1,115,267.42
21959,637,93,5,1.0,1,178,39.17
21960,637,80,6,3.0,3,231,351.06
21961,637,117,5,15.0,2,160,132.08
21962,637,105,6,6.0,2,224,115.72
21963,637,112,5,4.0,1,10,89.33
21964,637,114,5,5.0,2,112,392.33
21965,637,24,3,13.0,2,71,204.05
21966,637,34,5,10.0,1,192,4.86
21967,637,43,3,6.0,1,147,40.97
21968,637,23,5,13.0,1,40,204.06
21969,637,93,4,15.0,1,180,39.17
21970,638,39,1,13.0,2,141,170.58
21971,638,85,3,7.0,2,231,173.66
21972,638,82,4,10.0,1,84,393.73
21973,638,35,6,9.0,1,151,362.36
21974,638,64,4,2.0,2,223,254.43
21975,638,11,4,13.0,1,211,274.48
21976,638,53,3,11.0,2,243,99.99
21977,638,56,5,5.0,1,184,269.33
21978,638,10118,1,12.0,1,197,102.4
21979,638,38,2,11.0,1,177,323.38
21980,638,113,1,13.0,1,19,268.21
21981,638,46,3,1.0,2,30,2.86
21982,638,100,5,3.0,2,84,320.96
21983,638,110,6,11.0,2,70,4.35
21984,638,62,3,5.0,1,183,107.26
21985,638,101,5,9.0,2,215,380.12
21986,638,36,6,11.0,1,199,112.83
21987,638,67,3,15.0,1,170,177.85
21988,638,50,6,9.0,2,195,191.76
21989,638,31,3,14.0,4,224,276.57
21990,638,78,4,9.0,5,197,386.82
21991,638,108,2,5.0,1,121,167.48
21992,638,12,3,11.0,5,212,322.41
21993,638,61,2,1.0,2,140,327.21
21994,638,59,6,5.0,2,140,149.07
21995,638,41,3,9.0,2,21,77.7
21996,638,56,4,9.0,1,203,269.33
21997,638,49,3,3.0,1,223,217.79
21998,638,4,5,13.0,2,102,118.68
21999,638,115,6,9.0,1,246,265.87
22000,638,98,4,10.0,2,40,89.1
22001,638,19,5,2.0,2,245,153.88
22002,638,108,2,10.0,1,153,167.48
22003,638,105,5,10.0,4,219,115.72
22004,638,83,2,3.0,1,96,19.67
22005,638,61,3,3.0,2,39,327.21
22006,638,99,5,4.0,3,204,21.99
22007,638,56,1,10.0,1,204,269.33
22008,638,58,5,15.0,2,85,86.84
22009,638,120,4,11.0,2,106,18.02
22010,639,2,2,1.0,1,52,144.87
22011,639,114,3,12.0,1,41,392.33
22012,639,91,1,2.0,1,173,177.83
22013,639,6,5,13.0,3,1,342.42
22014,639,27,6,1.0,3,206,25.05
22015,639,96,5,7.0,4,173,231.12
22016,639,16,4,10.0,4,46,359.33
22017,639,100,5,3.0,3,34,320.96
22018,639,10060,5,8.0,2,76,393.57
22019,639,23,2,,1,14,204.06
22020,639,10,5,8.0,2,83,153.02
22021,639,51,2,8.0,2,155,384.39
22022,639,64,3,7.0,3,103,254.43
22023,639,59,4,14.0,1,243,149.07
22024,639,100,2,14.0,2,86,320.96
22025,639,117,4,12.0,4,72,132.08
22026,639,68,5,10.0,1,182,31.95
22027,639,2,5,7.0,2,192,144.87
22028,639,82,5,7.0,2,236,393.73
22029,639,107,3,4.0,1,81,87.15
22030,639,96,2,12.0,4,147,231.12
22031,639,113,1,7.0,1,125,268.21
22032,639,89,5,10.0,2,226,228.5
22033,639,33,2,8.0,1,85,136.56
22034,639,72,3,7.0,2,199,389.59
22035,639,17,2,10.0,1,102,198.42
22036,639,24,2,8.0,2,100,204.05
22037,639,99,5,1.0,3,90,21.99
22038,639,68,1,2.0,2,54,31.95
22039,639,26,3,7.0,1,108,196.47
22040,639,13,2,11.0,1,140,350.79
22041,639,68,2,11.0,1,104,31.95
22042,639,19,1,1.0,1,155,153.88
22043,639,76,5,11.0,4,138,327.0
22044,639,77,4,13.0,1,2,11.42
22045,639,77,3,9.0,2,176,11.42
22046,639,95,1,1.0,1,61,245.29
22047,640,32,1,5.0,5,123,360.05
22048,640,64,6,8.0,1,32,254.43
22049,640,52,3,13.0,3,185,29.05
22050,640,80,4,12.0,2,182,351.06
22051,640,113,3,,1,146,268.21
22052,640,81,5,11.0,1,16,45.14
22053,640,99,2,12.0,1,209,21.99
22054,640,39,5,4.0,2,234,170.58
22055,640,12,1,1.0,1,211,322.41
22056,640,105,4,6.0,2,150,115.72
22057,640,82,3,1.0,5,83,393.73
22058,640,102,6,10.0,2,28,332.57
22059,640,79,3,10.0,2,196,272.45
22060,640,26,6,11.0,2,106,196.47
22061,640,51,1,14.0,1,137,384.39
22062,640,74,1,1.0,2,110,345.9
22063,640,10096,6,9.0,1,47,231.12
22064,640,120,2,10.0,1,32,18.02
22065,640,14,2,13.0,2,89,354.1
22066,640,119,3,15.0,2,247,399.96
22067,640,71,2,10.0,1,43,273.46
22068,640,33,4,6.0,2,3,136.56
22069,640,120,5,11.0,1,219,18.02
22070,640,103,6,6.0,1,145,105.16
22071,640,59,2,7.0,1,230,149.07
22072,640,91,6,8.0,2,18,177.83
22073,640,86,3,7.0,1,224,266.03
22074,640,46,4,14.0,1,27,2.86
22075,640,59,3,6.0,1,205,149.07
22076,640,3,2,3.0,4,213,184.85
22077,640,94,6,12.0,1,26,323.01
22078,640,117,5,3.0,1,49,132.08
22079,640,7,2,7.0,2,147,255.0
22080,640,112,5,14.0,2,30,89.33
22081,640,22,4,11.0,1,164,182.58
22082,640,109,1,7.0,2,89,378.53
22083,640,109,2,4.0,2,146,378.53
22084,640,39,2,15.0,5,86,170.58
22085,640,83,5,12.0,1,6,19.67
22086,641,99,3,7.0,2,20,21.99
22087,641,65,3,6.0,1,144,38.73
22088,641,88,1,10.0,2,217,52.66
22089,641,65,5,5.0,1,53,38.73
22090,641,102,6,14.0,3,125,332.57
22091,641,10055,6,1.0,1,221,268.55
22092,641,21,2,2.0,1,177,307.9
22093,641,2,2,11.0,1,126,144.87
22094,641,91,2,2.0,1,15,177.83
22095,641,79,6,,1,31,272.45
22096,641,14,4,6.0,2,70,354.1
22097,641,13,6,13.0,1,244,350.79
22098,641,58,2,15.0,1,193,86.84
22099,641,99,5,2.0,5,166,21.99
22100,641,4,6,13.0,2,37,118.68
22101,641,70,2,2.0,2,100,18.65
22102,641,19,2,12.0,2,182,153.88
22103,641,91,2,11.0,2,44,177.83
22104,641,8,2,5.0,1,16,268.73
22105,641,58,2,13.0,2,171,86.84
22106,641,14,5,9.0,1,192,354.1
22107,641,105,3,3.0,4,123,115.72
22108,641,3,5,14.0,1,77,184.85
22109,641,59,3,4.0,1,225,149.07
22110,641,111,1,5.0,2,196,299.51
22111,641,29,1,9.0,1,38,264.58
22112,641,57,5,13.0,1,116,184.4
22113,641,18,6,,1,165,65.67
22114,641,25,3,15.0,1,194,381.49
22115,641,91,4,4.0,2,145,177.83
22116,641,34,3,,2,31,4.86
22117,641,47,2,6.0,3,146,279.24
22118,641,79,4,7.0,2,204,272.45
22119,641,54,3,2.0,2,55,263.63
22120,641,52,1,6.0,1,15,29.05
22121,641,41,3,1.0,2,135,77.7
22122,641,39,3,10.0,4,25,170.58
22123,641,42,5,1.0,2,156,186.13
22124,641,56,2,11.0,1,48,269.33
22125,641,23,2,6.0,1,56,204.06
22126,641,31,3,,2,149,276.57
22127,641,119,2,11.0,2,212,399.96
22128,641,62,1,15.0,1,172,107.26
22129,642,104,3,15.0,1,84,194.87
22130,642,68,4,11.0,4,140,31.95
22131,642,26,2,8.0,3,207,196.47
22132,642,55,1,5.0,2,58,268.55
22133,642,66,2,1.0,1,105,134.76
22134,642,62,6,5.0,2,173,107.26
22135,642,107,5,8.0,1,32,87.15
22136,642,78,1,6.0,1,220,386.82
22137,642,79,5,,1,24,272.45
22138,642,120,5,6.0,2,53,18.02
22139,642,57,6,,1,30,184.4
22140,642,101,4,9.0,1,105,380.12
22141,642,86,3,12.0,2,184,266.03
22142,642,94,4,9.0,1,170,323.01
22143,642,101,6,3.0,2,20,380.12
22144,642,64,3,8.0,2,16,254.43
22145,642,119,6,10.0,4,197,399.96
22146,642,95,6,5.0,2,164,245.29
22147,642,51,5,3.0,1,184,384.39
22148,642,102,5,6.0,1,225,332.57
22149,642,45,1,2.0,2,37,193.58
22150,642,108,3,1.0,2,23,167.48
22151,642,91,3,10.0,2,134,177.83
22152,642,95,5,5.0,2,50,245.29
22153,642,22,3,1.0,2,90,182.58
22154,642,117,2,7.0,1,185,132.08
22155,642,8,1,4.0,1,246,268.73
22156,642,10055,3,3.0,2,210,268.55
22157,642,10,3,8.0,2,118,153.02
22158,642,80,4,,2,179,351.06
22159,642,7,1,2.0,3,200,255.0
22160,642,67,4,8.0,1,246,177.85
22161,642,91,6,1.0,4,178,177.83
22162,642,17,6,7.0,1,163,198.42
22163,643,32,2,15.0,3,133,360.05
22164,643,56,6,1.0,1,98,269.33
22165,643,85,2,12.0,2,185,173.66
22166,643,14,5,6.0,2,202,354.1
22167,643,94,2,2.0,2,45,323.01
22168,643,16,1,4.0,1,144,359.33
22169,643,13,3,13.0,4,2,350.79
22170,643,106,3,15.0,2,226,57.07
22171,643,56,2,1.0,2,171,269.33
22172,643,7,1,2.0,1,199,255.0
22173,643,4,6,6.0,2,141,118.68
22174,643,78,5,3.0,1,100,386.82
22175,643,55,4,7.0,2,216,268.55
22176,643,111,3,9.0,2,92,299.51
22177,643,69,5,14.0,1,202,334.17
22178,643,61,1,6.0,1,54,327.21
22179,643,61,2,6.0,2,46,327.21
22180,643,97,3,14.0,2,135,99.11
22181,643,102,6,12.0,2,203,332.57
22182,643,66,5,15.0,2,60,134.76
22183,643,14,1,13.0,2,197,354.1
22184,643,60,3,11.0,2,81,393.57
22185,643,86,5,6.0,1,162,266.03
22186,643,59,1,3.0,2,22,149.07
22187,643,33,4,15.0,1,76,136.56
22188,643,10055,4,8.0,3,232,268.55
22189,643,14,5,11.0,2,75,354.1
22190,643,115,4,3.0,1,92,265.87
22191,643,98,5,6.0,1,23,89.1
22192,643,97,1,14.0,2,62,99.11
22193,643,84,2,9.0,2,176,288.33
22194,643,12,1,1.0,4,11,322.41
22195,643,45,4,12.0,2,149,193.58
22196,643,96,6,15.0,3,216,231.12
22197,643,104,6,8.0,2,104,194.87
22198,643,31,1,5.0,1,135,276.57
22199,643,59,6,6.0,5,90,149.07
22200,644,25,5,12.0,1,129,381.49
22201,644,16,1,3.0,2,20,359.33
22202,644,117,4,14.0,2,100,132.08
22203,644,33,5,3.0,2,11,136.56
22204,644,101,3,6.0,2,101,380.12
22205,644,5,2,3.0,5,150,282.42
22206,644,37,3,4.0,1,162,374.33
22207,644,77,5,5.0,1,171,11.42
22208,644,68,3,15.0,2,124,31.95
22209,644,90,6,11.0,3,11,85.65
22210,644,9,6,13.0,2,5,254.72
22211,644,11,3,1.0,2,27,274.48
22212,644,76,5,14.0,1,191,327.0
22213,644,44,5,6.0,2,118,370.69
22214,644,9,6,11.0,1,81,254.72
22215,644,4,4,14.0,1,4,118.68
22216,644,92,4,7.0,4,27,69.54
22217,644,105,4,11.0,1,230,115.72
22218,644,37,2,8.0,2,219,374.33
22219,644,12,1,12.0,1,246,322.41
22220,644,57,4,5.0,1,121,184.4
22221,644,86,5,3.0,2,50,266.03
22222,645,13,6,12.0,2,56,350.79
22223,645,73,5,9.0,1,126,352.8
22224,645,22,2,11.0,1,26,182.58
22225,645,68,6,14.0,3,188,31.95
22226,645,34,1,14.0,1,55,4.86
22227,645,53,5,5.0,3,140,99.99
22228,645,62,2,5.0,1,212,107.26
22229,645,50,2,3.0,2,116,191.76
22230,645,12,3,3.0,2,90,322.41
22231,645,99,4,14.0,1,219,21.99
22232,645,7,4,11.0,1,55,255.0
22233,645,18,6,7.0,3,146,65.67
22234,645,100,4,12.0,3,74,320.96
22235,645,115,5,7.0,4,29,265.87
22236,645,22,6,7.0,1,166,182.58
22237,645,83,1,4.0,2,49,19.67
22238,645,22,6,,2,57,182.58
22239,645,1,1,10.0,2,202,382.97
22240,645,79,2,13.0,2,30,272.45
22241,645,63,3,12.0,3,68,114.14
22242,645,68,1,11.0,1,213,31.95
22243,645,66,3,14.0,2,246,134.76
22244,645,24,5,12.0,2,168,204.05
22245,645,15,1,3.0,1,46,100.16
22246,645,60,1,2.0,2,106,393.57
22247,645,68,5,8.0,1,141,31.95
22248,645,69,2,8.0,2,59,334.17
22249,645,24,1,6.0,2,54,204.05
22250,645,30,5,7.0,5,81,349.23
22251,645,117,3,,2,179,132.08
22252,645,69,4,6.0,2,175,334.17
22253,645,54,1,2.0,4,108,263.63
22254,645,67,1,4.0,2,207,177.85
22255,645,53,5,2.0,1,159,99.99
22256,645,107,5,6.0,5,95,87.15
22257,645,68,5,2.0,3,250,31.95
22258,645,84,4,11.0,2,15,288.33
22259,645,2,6,7.0,2,162,144.87
22260,645,34,5,1.0,1,170,4.86
22261,645,28,5,5.0,1,153,195.42
22262,646,96,6,2.0,1,60,231.12
22263,646,39,2,6.0,2,170,170.58
22264,646,28,6,8.0,2,91,195.42
22265,646,80,3,5.0,1,82,351.06
22266,646,24,6,3.0,2,228,204.05
22267,646,16,6,15.0,2,55,359.33
22268,646,71,6,13.0,2,160,273.46
22269,646,1,2,,5,30,382.97
22270,646,83,5,1.0,1,29,19.67
22271,646,110,1,14.0,2,106,4.35
22272,646,97,4,3.0,1,17,99.11
22273,646,69,2,4.0,2,229,334.17
22274,647,79,1,13.0,1,231,272.45
22275,647,76,3,3.0,2,237,327.0
22276,647,88,6,10.0,2,46,52.66
22277,647,87,1,10.0,2,241,267.42
22278,647,6,1,10.0,2,18,342.42
22279,647,17,3,2.0,1,206,198.42
22280,647,110,5,12.0,1,66,4.35
22281,647,89,2,8.0,2,186,228.5
22282,647,31,6,15.0,1,27,276.57
22283,647,65,3,14.0,2,44,38.73
22284,647,114,1,4.0,1,219,392.33
22285,647,34,4,6.0,1,94,4.86
22286,647,4,2,4.0,1,188,118.68
22287,647,40,1,1.0,1,63,162.24
22288,647,86,3,7.0,1,200,266.03
22289,647,103,1,14.0,2,84,105.16
22290,647,10096,4,7.0,1,69,231.12
22291,647,62,5,5.0,2,229,107.26
22292,647,29,4,14.0,2,30,264.58
22293,647,100,2,10.0,1,72,320.96
22294,647,21,5,14.0,1,151,307.9
22295,647,106,1,9.0,2,19,57.07
22296,647,113,6,13.0,2,241,268.21
22297,647,48,4,2.0,4,157,77.58
22298,647,76,1,9.0,3,69,327.0
22299,647,15,4,2.0,2,19,100.16
22300,647,58,5,2.0,1,229,86.84
22301,647,99,6,1.0,2,69,21.99
22302,647,75,5,3.0,3,162,45.02
22303,647,16,4,4.0,2,66,359.33
22304,647,114,4,4.0,1,9,392.33
22305,647,119,3,7.0,1,179,399.96
22306,647,117,3,10.0,1,98,132.08
22307,647,31,6,8.0,1,51,276.57
22308,648,100,6,4.0,2,48,320.96
22309,648,114,6,7.0,2,136,392.33
22310,648,22,3,2.0,4,150,182.58
22311,648,32,2,9.0,1,201,360.05
22312,648,10055,3,,2,243,268.55
22313,648,78,6,13.0,1,63,386.82
22314,648,4,2,7.0,1,84,118.68
22315,648,53,3,14.0,3,226,99.99
22316,648,10118,2,15.0,1,153,102.4
22317,648,6,4,11.0,1,213,342.42
22318,648,50,5,1.0,2,200,191.76
22319,648,72,4,13.0,2,47,389.59
22320,648,18,5,12.0,1,13,65.67
22321,648,103,4,13.0,3,207,105.16
22322,648,54,4,10.0,2,221,263.63
22323,648,84,2,14.0,1,47,288.33
22324,648,16,1,13.0,2,130,359.33
22325,648,31,1,13.0,2,180,276.57
22326,648,6,1,13.0,1,221,342.42
22327,648,77,6,1.0,2,105,11.42
22328,648,95,6,14.0,1,78,245.29
22329,648,107,5,13.0,1,156,87.15
22330,648,112,1,5.0,2,190,89.33
22331,648,58,2,,2,240,86.84
22332,648,27,1,3.0,1,233,25.05
22333,648,8,6,9.0,3,25,268.73
22334,648,76,5,8.0,2,221,327.0
22335,648,71,5,1.0,2,175,273.46
22336,648,58,5,,1,210,86.84
22337,648,78,3,11.0,1,194,386.82
22338,648,97,5,3.0,1,248,99.11
22339,649,35,1,7.0,2,197,362.36
22340,649,10055,5,14.0,2,124,268.55
22341,649,88,4,6.0,3,98,52.66
22342,649,50,4,3.0,1,144,191.76
22343,649,38,3,7.0,1,201,323.38
22344,649,73,6,13.0,1,20,352.8
22345,649,10060,2,14.0,1,130,393.57
22346,649,76,6,,4,180,327.0
22347,649,109,4,3.0,1,82,378.53
22348,649,102,3,5.0,1,5,332.57
22349,649,97,5,5.0,1,128,99.11
22350,649,76,2,15.0,3,96,327.0
22351,649,36,5,3.0,1,240,112.83
22352,649,64,5,14.0,1,177,254.43
22353,649,63,5,12.0,1,244,114.14
22354,649,120,5,10.0,1,74,18.02
22355,649,12,6,12.0,1,106,322.41
22356,649,50,6,10.0,2,250,191.76
22357,649,78,1,14.0,2,154,386.82
22358,649,102,6,9.0,3,188,332.57
22359,649,110,3,,1,11,4.35
22360,649,79,2,8.0,4,246,272.45
22361,649,69,4,4.0,2,217,334.17
22362,650,37,3,4.0,3,241,374.33
22363,650,106,3,4.0,1,203,57.07
22364,650,74,3,2.0,1,98,345.9
22365,650,93,3,4.0,1,59,39.17
22366,650,42,5,5.0,2,48,186.13
22367,650,57,6,13.0,1,141,184.4
22368,650,91,3,,3,61,177.83
22369,650,26,4,3.0,2,84,196.47
22370,650,10055,5,9.0,1,22,268.55
22371,650,91,3,5.0,1,208,177.83
22372,650,44,2,9.0,2,229,370.69
22373,650,90,4,14.0,1,121,85.65
22374,650,59,5,4.0,1,233,149.07
22375,650,46,6,3.0,4,21,2.86
22376,650,99,1,7.0,2,75,21.99
22377,650,6,4,7.0,1,126,342.42
22378,650,10060,3,8.0,3,110,393.57
22379,650,10055,1,3.0,2,12,268.55
22380,650,112,3,5.0,1,42,89.33
22381,650,113,5,15.0,1,98,268.21
22382,650,77,4,11.0,2,83,11.42
22383,650,81,2,6.0,3,240,45.14
22384,650,18,5,7.0,2,33,65.67
22385,650,57,4,3.0,4,115,184.4
22386,650,6,6,5.0,2,19,342.42
22387,650,113,2,10.0,3,190,268.21
22388,650,55,2,9.0,1,62,268.55
22389,650,81,2,14.0,2,1,45.14
22390,650,63,2,5.0,1,190,114.14
22391,650,4,3,7.0,1,64,118.68
22392,650,24,3,7.0,2,207,204.05
22393,650,50,2,2.0,2,197,191.76
22394,650,3,2,1.0,4,133,184.85
22395,650,58,2,11.0,3,170,86.84
22396,650,13,1,4.0,3,51,350.79
22397,650,117,3,8.0,1,164,132.08
22398,650,16,3,3.0,1,249,359.33
22399,651,6,6,10.0,2,113,342.42
22400,651,82,1,4.0,2,223,393.73
22401,651,32,6,8.0,3,69,360.05
22402,651,117,6,3.0,1,40,132.08
22403,651,30,6,1.0,1,193,349.23
22404,651,100,6,12.0,1,232,320.96
22405,651,114,5,14.0,2,37,392.33
22406,651,89,2,,2,242,228.5
22407,651,4,5,7.0,1,158,118.68
22408,651,57,6,13.0,1,157,184.4
22409,651,34,4,2.0,2,56,4.86
22410,651,14,4,3.0,1,137,354.1
22411,651,87,5,3.0,1,25,267.42
22412,651,93,1,,2,117,39.17
22413,651,31,3,14.0,1,235,276.57
22414,651,94,3,5.0,1,74,323.01
22415,651,56,3,12.0,1,15,269.33
22416,651,1,2,9.0,1,5,382.97
22417,651,106,1,15.0,1,117,57.07
22418,651,93,5,1.0,2,226,39.17
22419,651,22,6,15.0,2,214,182.58
22420,651,116,3,9.0,2,181,74.33
22421,651,3,6,14.0,2,53,184.85
22422,651,23,6,14.0,1,224,204.06
22423,651,65,1,3.0,2,200,38.73
22424,651,37,6,9.0,1,39,374.33
22425,651,36,3,9.0,1,101,112.83
22426,651,81,5,8.0,1,121,45.14
22427,651,41,4,1.0,2,196,77.7
22428,651,113,1,13.0,2,187,268.21
22429,651,41,4,12.0,3,190,77.7
22430,651,43,2,10.0,1,229,40.97
22431,651,69,2,3.0,1,128,334.17
22432,651,52,1,11.0,3,52,29.05
22433,651,59,6,7.0,2,126,149.07
22434,651,60,4,,1,69,393.57
22435,651,24,3,3.0,1,196,204.05
22436,651,103,5,13.0,1,134,105.16
22437,652,77,5,4.0,1,92,11.42
22438,652,114,2,7.0,2,170,392.33
22439,652,104,1,3.0,1,82,194.87
22440,652,21,2,2.0,1,192,307.9
22441,652,51,2,12.0,5,52,384.39
22442,652,55,3,13.0,2,55,268.55
22443,652,100,3,8.0,2,61,320.96
22444,652,50,2,5.0,1,46,191.76
22445,652,113,6,9.0,2,153,268.21
22446,652,95,1,8.0,1,187,245.29
22447,652,28,2,6.0,1,215,195.42
22448,652,27,5,1.0,2,211,25.05
22449,652,10060,6,7.0,2,86,393.57
22450,652,109,5,10.0,1,130,378.53
22451,652,117,6,15.0,3,248,132.08
22452,652,6,3,3.0,2,175,342.42
22453,652,51,6,4.0,5,125,384.39
22454,652,83,4,2.0,1,8,19.67
22455,652,72,3,13.0,1,125,389.59
22456,652,72,4,15.0,2,39,389.59
22457,652,92,4,9.0,2,46,69.54
22458,652,101,5,1.0,1,231,380.12
22459,652,30,3,9.0,2,143,349.23
22460,652,34,2,3.0,1,60,4.86
22461,652,107,4,7.0,2,103,87.15
22462,652,89,3,5.0,1,86,228.5
22463,652,20,5,15.0,1,187,344.59
22464,652,29,3,14.0,2,131,264.58
22465,652,101,6,8.0,2,198,380.12
22466,652,48,6,2.0,2,93,77.58
22467,652,1,6,14.0,2,66,382.97
22468,652,111,2,4.0,2,10,299.51
22469,652,46,6,14.0,1,220,2.86
22470,653,56,4,14.0,5,117,269.33
22471,653,19,4,3.0,2,220,153.88
22472,653,98,4,13.0,3,92,89.1
22473,653,74,4,11.0,2,208,345.9
22474,653,85,1,1.0,1,144,173.66
22475,653,105,5,1.0,1,3,115.72
22476,653,117,5,9.0,1,150,132.08
22477,653,11,5,14.0,1,17,274.48
22478,653,53,3,4.0,1,34,99.99
22479,653,61,4,3.0,2,65,327.21
22480,653,37,6,15.0,3,131,374.33
22481,653,60,6,15.0,2,144,393.57
22482,653,33,6,1.0,2,103,136.56
22483,653,86,5,5.0,4,76,266.03
22484,653,108,3,10.0,4,239,167.48
22485,653,83,3,10.0,3,39,19.67
22486,653,83,3,12.0,1,238,19.67
22487,653,86,1,7.0,2,22,266.03
22488,653,85,2,4.0,4,60,173.66
22489,653,50,4,11.0,4,45,191.76
22490,653,94,5,2.0,2,249,323.01
22491,653,88,4,2.0,4,5,52.66
22492,653,114,5,14.0,2,131,392.33
22493,653,39,1,5.0,3,97,170.58
22494,653,48,2,15.0,2,47,77.58
22495,653,51,2,3.0,1,243,384.39
22496,653,97,1,15.0,2,57,99.11
22497,653,45,1,4.0,3,46,193.58
22498,653,65,4,6.0,2,174,38.73
22499,654,120,4,3.0,2,60,18.02
22500,654,66,4,6.0,1,133,134.76
22501,654,101,5,1.0,4,122,380.12
22502,654,25,2,14.0,1,87,381.49
22503,654,60,3,4.0,2,217,393.57
22504,654,98,4,6.0,4,149,89.1
22505,654,40,5,8.0,1,14,162.24
22506,654,46,6,5.0,2,10,2.86
22507,654,50,6,,2,78,191.76
22508,654,10,1,11.0,1,9,153.02
22509,654,10118,4,7.0,1,79,102.4
22510,654,95,2,4.0,1,109,245.29
22511,654,48,4,14.0,1,11,77.58
22512,654,57,4,1.0,2,64,184.4
22513,654,6,6,2.0,1,22,342.42
22514,654,22,4,7.0,3,197,182.58
22515,654,66,4,3.0,1,150,134.76
22516,654,82,5,13.0,4,221,393.73
22517,654,86,3,7.0,1,88,266.03
22518,654,91,1,3.0,1,229,177.83
22519,655,92,3,,2,84,69.54
22520,655,48,6,1.0,1,177,77.58
22521,655,67,4,5.0,1,19,177.85
22522,655,113,6,11.0,1,79,268.21
22523,655,36,4,13.0,1,20,112.83
22524,655,105,4,2.0,2,217,115.72
22525,655,25,5,15.0,1,15,381.49
22526,655,65,6,3.0,3,192,38.73
22527,655,74,2,3.0,2,203,345.9
22528,655,21,2,7.0,2,189,307.9
22529,655,69,2,4.0,1,53,334.17
22530,655,73,3,10.0,2,232,352.8
22531,655,50,1,14.0,1,123,191.76
22532,655,43,1,13.0,2,223,40.97
22533,655,92,4,6.0,1,9,69.54
22534,655,12,1,6.0,4,2,322.41
22535,655,28,1,10.0,2,44,195.42
22536,655,26,5,7.0,1,140,196.47
22537,655,86,2,7.0,4,64,266.03
22538,655,94,4,9.0,2,15,323.01
22539,655,65,6,9.0,2,33,38.73
22540,655,108,5,12.0,2,13,167.48
22541,655,19,2,10.0,3,41,153.88
22542,655,10,6,6.0,3,207,153.02
22543,655,25,4,15.0,2,104,381.49
22544,656,56,4,5.0,2,186,269.33
22545,656,82,4,1.0,1,209,393.73
22546,656,94,4,4.0,4,118,323.01
22547,656,49,1,2.0,1,63,217.79
22548,656,83,2,14.0,1,5,19.67
22549,656,112,4,14.0,4,227,89.33
22550,656,37,1,13.0,1,219,374.33
22551,656,116,1,9.0,2,62,74.33
22552,656,10060,4,9.0,1,6,393.57
22553,656,117,2,5.0,1,208,132.08
22554,656,64,2,1.0,1,139,254.43
22555,656,8,1,1.0,2,123,268.73
22556,656,24,2,14.0,4,198,204.05
22557,656,5,5,10.0,2,187,282.42
22558,656,19,6,11.0,2,229,153.88
22559,656,10060,6,2.0,2,192,393.57
22560,656,82,3,1.0,1,224,393.73
22561,656,117,1,13.0,2,141,132.08
22562,656,12,1,2.0,1,47,322.41
22563,656,94,6,2.0,2,227,323.01
22564,656,70,1,3.0,5,135,18.65
22565,656,25,6,12.0,2,53,381.49
22566,656,27,5,11.0,1,167,25.05
22567,656,110,6,6.0,1,124,4.35
22568,656,24,2,15.0,1,169,204.05
22569,656,1,4,15.0,2,1,382.97
22570,656,82,5,15.0,1,126,393.73
22571,656,18,5,2.0,2,187,65.67
22572,656,113,1,15.0,1,7,268.21
22573,656,70,3,9.0,2,109,18.65
22574,656,95,6,11.0,1,63,245.29
22575,656,37,6,13.0,1,194,374.33
22576,656,55,5,5.0,2,210,268.55
22577,656,65,5,7.0,1,172,38.73
22578,657,102,1,3.0,2,150,332.57
22579,657,75,6,7.0,1,167,45.02
22580,657,25,3,10.0,1,230,381.49
22581,657,1,6,4.0,1,112,382.97
22582,657,55,4,,1,57,268.55
22583,657,73,4,11.0,1,4,352.8
22584,657,41,6,7.0,2,24,77.7
22585,657,106,3,12.0,2,208,57.07
22586,657,84,1,5.0,1,20,288.33
22587,657,62,3,14.0,1,2,107.26
22588,657,33,6,14.0,2,165,136.56
22589,657,16,4,12.0,2,146,359.33
22590,657,107,4,12.0,1,21,87.15
22591,657,23,1,6.0,1,162,204.06
22592,657,111,5,13.0,2,209,299.51
22593,657,105,3,9.0,1,128,115.72
22594,657,111,6,8.0,2,48,299.51
22595,657,59,4,11.0,4,24,149.07
22596,657,108,3,1.0,4,224,167.48
22597,657,42,2,7.0,1,166,186.13
22598,657,5,6,2.0,1,220,282.42
22599,657,63,6,14.0,1,33,114.14
22600,657,90,1,1.0,4,159,85.65
22601,657,74,2,8.0,1,231,345.9
22602,657,60,2,7.0,1,148,393.57
22603,657,98,4,6.0,1,162,89.1
22604,657,27,3,4.0,1,2,25.05
22605,657,61,5,8.0,4,55,327.21
22606,657,50,4,11.0,1,148,191.76
22607,657,69,5,7.0,4,245,334.17
22608,657,105,2,10.0,1,35,115.72
22609,657,20,5,12.0,2,174,344.59
22610,657,94,4,12.0,2,159,323.01
22611,657,24,4,3.0,2,166,204.05
22612,657,94,3,6.0,2,190,323.01
22613,657,46,2,7.0,1,20,2.86
22614,657,107,4,9.0,1,125,87.15
22615,657,31,5,2.0,1,124,276.57
22616,657,41,6,9.0,2,69,77.7
22617,657,10,2,11.0,2,247,153.02
22618,657,83,2,5.0,1,221,19.67
22619,657,70,2,14.0,1,219,18.65
22620,657,104,2,5.0,2,225,194.87
22621,657,115,2,10.0,2,125,265.87
22622,658,82,6,3.0,1,8,393.73
22623,658,9,2,2.0,2,1,254.72
22624,658,58,2,4.0,1,198,86.84
22625,658,76,1,14.0,1,80,327.0
22626,658,16,4,2.0,2,184,359.33
22627,658,28,2,9.0,2,137,195.42
22628,658,45,3,2.0,1,142,193.58
22629,658,107,3,8.0,2,205,87.15
22630,658,50,6,3.0,2,85,191.76
22631,658,100,1,8.0,1,175,320.96
22632,658,55,1,3.0,2,228,268.55
22633,658,69,3,2.0,1,161,334.17
22634,658,10118,1,13.0,1,12,102.4
22635,658,60,5,15.0,1,233,393.57
22636,658,61,1,4.0,1,244,327.21
22637,658,82,1,12.0,1,5,393.73
22638,658,83,6,12.0,1,234,19.67
22639,658,79,1,12.0,1,38,272.45
22640,658,22,3,2.0,2,80,182.58
22641,658,73,1,7.0,1,24,352.8
22642,658,86,2,12.0,3,160,266.03
22643,658,51,1,2.0,2,117,384.39
22644,658,43,2,8.0,4,164,40.97
22645,658,119,1,15.0,1,179,399.96
22646,658,103,6,4.0,3,220,105.16
22647,658,70,3,1.0,2,16,18.65
22648,658,6,2,,4,3,342.42
22649,658,29,5,10.0,2,163,264.58
22650,658,75,2,3.0,4,68,45.02
22651,658,68,6,12.0,1,141,31.95
22652,658,48,6,1.0,1,155,77.58
22653,658,14,6,10.0,4,69,354.1
22654,658,4,4,11.0,1,187,118.68
22655,658,47,2,10.0,1,52,279.24
22656,658,90,4,6.0,1,28,85.65
22657,658,118,4,7.0,1,176,102.4
22658,658,92,5,5.0,2,44,69.54
22659,658,2,5,7.0,1,144,144.87
22660,658,66,1,14.0,2,6,134.76
22661,658,9,4,14.0,1,133,254.72
22662,658,6,2,6.0,5,192,342.42
22663,658,10096,1,5.0,5,229,231.12
22664,659,10060,2,11.0,3,165,393.57
22665,659,10,4,,2,216,153.02
22666,659,89,2,2.0,2,4,228.5
22667,659,48,6,12.0,1,115,77.58
22668,659,115,3,8.0,2,235,265.87
22669,659,115,6,5.0,2,194,265.87
22670,659,17,1,9.0,2,84,198.42
22671,659,44,3,6.0,1,4,370.69
22672,659,72,1,11.0,1,242,389.59
22673,659,48,3,9.0,2,166,77.58
22674,659,2,5,9.0,2,169,144.87
22675,659,64,5,2.0,1,148,254.43
22676,659,116,1,,4,58,74.33
22677,659,66,6,11.0,1,204,134.76
22678,659,32,5,8.0,1,32,360.05
22679,659,24,4,15.0,3,54,204.05
22680,659,30,2,6.0,2,175,349.23
22681,659,81,1,2.0,4,9,45.14
22682,659,115,5,5.0,1,171,265.87
22683,659,47,5,3.0,3,243,279.24
22684,659,4,6,7.0,1,214,118.68
22685,659,10118,1,15.0,3,191,102.4
22686,659,20,4,6.0,3,148,344.59
22687,659,24,1,2.0,1,47,204.05
22688,659,4,2,11.0,2,37,118.68
22689,659,45,6,8.0,2,248,193.58
22690,659,107,2,7.0,3,86,87.15
22691,659,4,2,12.0,1,195,118.68
22692,659,58,1,12.0,1,167,86.84
22693,659,65,3,9.0,2,74,38.73
22694,659,89,5,8.0,3,237,228.5
22695,659,66,4,14.0,1,95,134.76
22696,659,66,5,5.0,1,174,134.76
22697,659,9,2,13.0,1,141,254.72
22698,659,12,6,11.0,1,20,322.41
22699,659,10,1,1.0,2,194,153.02
22700,659,44,6,15.0,1,214,370.69
22701,659,10055,6,4.0,3,150,268.55
22702,660,63,1,7.0,2,70,114.14
22703,660,92,2,13.0,1,78,69.54
22704,660,33,3,9.0,1,174,136.56
22705,660,17,4,11.0,2,15,198.42
22706,660,64,2,14.0,2,58,254.43
22707,660,87,2,1.0,1,210,267.42
22708,660,7,6,12.0,1,119,255.0
22709,660,10118,4,6.0,1,73,102.4
22710,660,96,3,14.0,4,113,231.12
22711,660,22,2,4.0,2,96,182.58
22712,660,36,3,7.0,2,33,112.83
22713,660,109,3,5.0,1,7,378.53
22714,660,56,1,7.0,2,48,269.33
22715,660,83,4,7.0,2,73,19.67
22716,660,36,4,1.0,3,114,112.83
22717,660,47,1,,2,55,279.24
22718,660,109,6,5.0,1,92,378.53
22719,660,108,5,13.0,1,169,167.48
22720,660,98,3,5.0,2,159,89.1
22721,660,53,1,4.0,2,193,99.99
22722,660,66,5,1.0,2,67,134.76
22723,660,111,1,15.0,2,94,299.51
22724,660,52,6,7.0,3,51,29.05
22725,660,118,6,5.0,1,183,102.4
22726,660,10055,2,,3,112,268.55
22727,660,15,3,1.0,1,18,100.16
22728,660,118,4,6.0,2,123,102.4
22729,660,103,5,15.0,1,203,105.16
22730,660,64,4,9.0,2,221,254.43
22731,661,37,1,3.0,1,127,374.33
22732,661,99,3,8.0,1,212,21.99
22733,661,25,6,9.0,1,171,381.49
22734,661,90,6,5.0,2,76,85.65
22735,661,18,4,11.0,1,214,65.67
22736,661,10055,4,2.0,3,234,268.55
22737,661,70,2,12.0,2,223,18.65
22738,661,16,1,10.0,2,140,359.33
22739,661,17,1,6.0,2,161,198.42
22740,661,68,6,10.0,1,85,31.95
22741,661,14,5,6.0,1,20,354.1
22742,661,105,6,5.0,1,170,115.72
22743,661,42,3,11.0,1,227,186.13
22744,661,63,1,15.0,1,87,114.14
22745,661,68,4,1.0,1,21,31.95
22746,661,35,6,3.0,4,18,362.36
22747,661,82,6,11.0,1,191,393.73
22748,661,76,2,11.0,1,120,327.0
22749,661,92,5,,1,170,69.54
22750,661,19,4,10.0,1,33,153.88
22751,661,21,2,1.0,1,64,307.9
22752,661,95,1,1.0,4,205,245.29
22753,661,55,6,5.0,4,33,268.55
22754,661,49,4,13.0,1,110,217.79
22755,661,84,3,13.0,1,159,288.33
22756,661,32,5,11.0,1,209,360.05
22757,661,23,4,15.0,4,74,204.06
22758,661,65,5,11.0,1,214,38.73
22759,661,58,3,1.0,2,121,86.84
22760,661,105,3,13.0,1,64,115.72
22761,661,26,6,1.0,3,250,196.47
22762,661,10096,1,,3,48,231.12
22763,661,29,6,11.0,2,15,264.58
22764,661,78,6,7.0,4,101,386.82
22765,662,117,5,,1,60,132.08
22766,662,98,4,2.0,2,170,89.1
22767,662,31,4,6.0,2,41,276.57
22768,662,112,4,5.0,2,48,89.33
22769,662,36,5,10.0,2,15,112.83
22770,662,9,2,12.0,2,210,254.72
22771,662,118,4,12.0,3,62,102.4
22772,662,96,2,4.0,4,174,231.12
22773,662,16,1,14.0,1,223,359.33
22774,662,104,3,5.0,1,13,194.87
22775,662,40,3,2.0,1,10,162.24
22776,662,88,5,9.0,2,246,52.66
22777,662,101,3,11.0,1,155,380.12
22778,662,54,3,2.0,2,86,263.63
22779,662,78,3,3.0,2,161,386.82
22780,662,56,4,1.0,2,154,269.33
22781,662,49,2,15.0,1,133,217.79
22782,662,37,6,10.0,1,174,374.33
22783,662,54,4,3.0,1,73,263.63
22784,662,70,1,11.0,1,246,18.65
22785,662,5,6,8.0,2,106,282.42
22786,662,82,1,9.0,1,60,393.73
22787,662,117,2,4.0,2,134,132.08
22788,662,36,6,9.0,2,56,112.83
22789,662,57,1,13.0,1,177,184.4
22790,662,96,3,14.0,2,190,231.12
22791,662,93,2,13.0,2,237,39.17
22792,662,28,4,5.0,2,48,195.42
22793,662,102,1,14.0,3,197,332.57
22794,662,70,2,14.0,2,161,18.65
22795,662,5,5,15.0,3,163,282.42
22796,662,40,2,9.0,2,63,162.24
22797,663,120,6,2.0,1,237,18.02
22798,663,12,5,2.0,1,213,322.41
22799,663,98,4,12.0,1,235,89.1
22800,663,80,4,9.0,2,139,351.06
22801,663,62,5,12.0,1,217,107.26
22802,663,119,5,7.0,3,143,399.96
22803,663,33,2,8.0,1,179,136.56
22804,663,21,4,1.0,5,132,307.9
22805,663,27,6,2.0,1,44,25.05
22806,663,73,6,12.0,3,197,352.8
22807,663,109,1,9.0,1,74,378.53
22808,663,90,5,7.0,1,182,85.65
22809,663,57,6,3.0,1,56,184.4
22810,663,64,2,15.0,4,34,254.43
22811,663,113,6,15.0,2,189,268.21
22812,663,36,1,11.0,2,170,112.83
22813,663,106,1,8.0,1,235,57.07
22814,663,49,4,2.0,2,79,217.79
22815,663,5,3,6.0,2,140,282.42
22816,663,85,2,3.0,1,159,173.66
22817,663,36,2,5.0,2,7,112.83
22818,663,21,6,12.0,1,128,307.9
22819,663,69,5,10.0,1,6,334.17
22820,663,50,1,7.0,2,198,191.76
22821,663,94,3,6.0,2,108,323.01
22822,663,15,4,15.0,1,190,100.16
22823,663,93,3,4.0,4,18,39.17
22824,663,53,5,8.0,2,177,99.99
22825,663,14,3,6.0,1,10,354.1
22826,663,102,2,4.0,2,250,332.57
22827,663,70,2,13.0,1,43,18.65
22828,663,49,2,12.0,2,51,217.79
22829,663,56,3,14.0,1,145,269.33
22830,663,101,6,4.0,2,238,380.12
22831,663,76,1,10.0,2,191,327.0
22832,663,107,3,9.0,1,174,87.15
22833,663,7,6,10.0,3,245,255.0
22834,663,44,3,13.0,1,110,370.69
22835,663,56,4,11.0,1,18,269.33
22836,663,72,6,4.0,1,64,389.59
22837,664,7,3,14.0,1,65,255.0
22838,664,50,3,14.0,2,55,191.76
22839,664,104,2,2.0,1,46,194.87
22840,664,85,5,2.0,3,200,173.66
22841,664,76,5,,1,40,327.0
22842,664,77,5,15.0,1,214,11.42
22843,664,46,4,13.0,2,147,2.86
22844,664,80,3,12.0,2,62,351.06
22845,664,65,1,3.0,2,92,38.73
22846,664,35,1,10.0,1,153,362.36
22847,664,78,4,8.0,1,220,386.82
22848,664,107,3,11.0,2,232,87.15
22849,664,97,4,10.0,1,65,99.11
22850,664,114,3,1.0,1,150,392.33
22851,664,106,5,5.0,1,166,57.07
22852,664,40,1,6.0,1,94,162.24
22853,664,99,1,15.0,2,214,21.99
22854,664,63,1,13.0,1,36,114.14
22855,664,95,1,1.0,1,11,245.29
22856,664,111,1,6.0,2,180,299.51
22857,664,57,6,8.0,1,200,184.4
22858,664,17,4,15.0,1,189,198.42
22859,664,84,3,15.0,4,34,288.33
22860,664,118,2,5.0,2,131,102.4
22861,664,93,1,7.0,2,171,39.17
22862,664,72,1,13.0,1,143,389.59
22863,664,10055,3,11.0,2,122,268.55
22864,664,55,3,9.0,2,202,268.55
22865,664,31,4,9.0,1,171,276.57
22866,664,41,3,13.0,2,188,77.7
22867,664,61,1,1.0,2,136,327.21
22868,664,52,3,13.0,2,39,29.05
22869,664,85,2,12.0,2,21,173.66
22870,664,98,1,6.0,2,86,89.1
22871,664,89,5,4.0,1,194,228.5
22872,664,58,6,15.0,5,1,86.84
22873,664,89,5,7.0,2,141,228.5
22874,664,55,1,9.0,1,170,268.55
22875,664,79,6,6.0,2,61,272.45
22876,664,53,3,15.0,1,158,99.99
22877,664,39,6,3.0,2,198,170.58
22878,664,102,5,2.0,2,231,332.57
22879,664,75,2,6.0,2,197,45.02
22880,664,60,1,9.0,2,14,393.57
22881,664,76,2,3.0,1,62,327.0
22882,665,99,3,2.0,1,207,21.99
22883,665,24,5,11.0,5,145,204.05
22884,665,105,3,1.0,3,122,115.72
22885,665,72,3,13.0,2,193,389.59
22886,665,112,1,15.0,2,159,89.33
22887,665,78,1,7.0,1,21,386.82
22888,665,13,3,1.0,2,202,350.79
22889,665,65,6,12.0,1,12,38.73
22890,665,50,6,12.0,1,43,191.76
22891,665,31,5,3.0,2,115,276.57
22892,665,69,3,15.0,2,161,334.17
22893,665,23,3,15.0,2,202,204.06
22894,665,14,2,10.0,5,147,354.1
22895,665,58,5,,2,66,86.84
22896,665,40,4,4.0,1,127,162.24
22897,665,68,6,12.0,2,232,31.95
22898,665,63,3,14.0,1,79,114.14
22899,665,49,5,6.0,1,250,217.79
22900,665,102,4,3.0,1,171,332.57
22901,665,111,3,13.0,2,102,299.51
22902,666,1,5,9.0,1,40,382.97
22903,666,81,6,14.0,1,212,45.14
22904,666,21,6,5.0,1,39,307.9
22905,666,79,1,12.0,3,170,272.45
22906,666,26,2,5.0,3,219,196.47
22907,666,90,1,12.0,2,188,85.65
22908,666,110,1,7.0,2,157,4.35
22909,666,65,3,4.0,1,76,38.73
22910,666,104,1,11.0,2,194,194.87
22911,666,53,5,12.0,1,35,99.99
22912,666,71,6,9.0,2,245,273.46
22913,666,25,4,7.0,1,194,381.49
22914,666,60,2,7.0,1,75,393.57
22915,666,93,1,10.0,4,55,39.17
22916,666,21,2,13.0,2,37,307.9
22917,666,104,5,13.0,3,56,194.87
22918,666,33,1,9.0,1,175,136.56
22919,666,88,2,6.0,2,248,52.66
22920,666,50,3,3.0,1,136,191.76
22921,666,68,5,11.0,1,73,31.95
22922,666,78,3,10.0,2,243,386.82
22923,666,74,6,1.0,2,112,345.9
22924,666,78,5,14.0,2,87,386.82
22925,666,72,6,13.0,2,31,389.59
22926,666,28,5,2.0,3,136,195.42
22927,666,118,5,3.0,1,51,102.4
22928,666,42,3,1.0,1,131,186.13
22929,666,119,3,2.0,1,54,399.96
22930,666,14,4,6.0,1,12,354.1
22931,666,106,2,4.0,3,19,57.07
22932,666,102,2,15.0,2,25,332.57
22933,666,109,3,3.0,2,54,378.53
22934,667,89,4,1.0,2,55,228.5
22935,667,73,2,11.0,1,197,352.8
22936,667,114,5,8.0,1,177,392.33
22937,667,113,6,13.0,1,1,268.21
22938,667,67,5,15.0,1,95,177.85
22939,667,35,3,6.0,1,94,362.36
22940,667,23,6,3.0,1,144,204.06
22941,667,28,4,2.0,1,67,195.42
22942,667,2,3,11.0,1,164,144.87
22943,667,21,3,10.0,2,11,307.9
22944,667,120,3,12.0,2,187,18.02
22945,667,94,6,3.0,3,204,323.01
22946,667,83,4,4.0,1,31,19.67
22947,667,75,5,1.0,2,18,45.02
22948,667,93,1,5.0,1,22,39.17
22949,667,12,3,,1,224,322.41
22950,667,37,6,15.0,2,41,374.33
22951,667,92,6,2.0,2,80,69.54
22952,667,48,1,10.0,2,68,77.58
22953,667,102,6,3.0,3,235,332.57
22954,667,54,5,2.0,1,149,263.63
22955,667,52,2,5.0,2,3,29.05
22956,667,87,5,3.0,1,105,267.42
22957,667,96,1,15.0,1,219,231.12
22958,667,119,5,13.0,2,71,399.96
22959,667,68,2,2.0,2,130,31.95
22960,667,81,4,8.0,1,222,45.14
22961,667,58,2,13.0,2,186,86.84
22962,667,84,3,2.0,2,45,288.33
22963,667,9,4,14.0,2,102,254.72
22964,667,56,3,10.0,1,175,269.33
22965,667,94,6,1.0,2,191,323.01
22966,667,74,6,3.0,2,185,345.9
22967,667,69,1,2.0,1,248,334.17
22968,667,117,5,9.0,1,136,132.08
22969,667,28,6,13.0,1,106,195.42
22970,667,100,6,3.0,1,229,320.96
22971,667,96,4,7.0,1,167,231.12
22972,667,4,6,3.0,1,134,118.68
22973,667,102,1,12.0,1,54,332.57
22974,667,95,5,5.0,2,182,245.29
22975,667,10096,3,12.0,3,245,231.12
22976,667,77,6,3.0,3,51,11.42
22977,667,100,3,15.0,1,68,320.96
22978,667,108,4,1.0,1,181,167.48
22979,668,108,2,13.0,1,76,167.48
22980,668,91,2,5.0,2,56,177.83
22981,668,10,6,1.0,2,101,153.02
22982,668,17,5,6.0,2,30,198.42
22983,668,44,1,8.0,1,205,370.69
22984,668,10118,3,3.0,2,208,102.4
22985,668,15,3,11.0,2,110,100.16
22986,668,20,2,11.0,1,139,344.59
22987,668,63,2,8.0,1,49,114.14
22988,668,25,5,3.0,2,192,381.49
22989,668,39,4,8.0,2,31,170.58
22990,668,16,1,,2,222,359.33
22991,668,82,4,8.0,4,151,393.73
22992,668,4,4,12.0,1,236,118.68
22993,668,90,2,9.0,2,114,85.65
22994,668,3,2,12.0,2,137,184.85
22995,668,60,4,11.0,2,104,393.57
22996,668,99,1,7.0,2,242,21.99
22997,668,42,6,10.0,3,95,186.13
22998,668,63,3,4.0,3,99,114.14
22999,668,44,2,5.0,1,52,370.69
23000,668,41,4,14.0,2,99,77.7
23001,668,61,6,15.0,3,166,327.21
23002,669,45,3,9.0,2,51,193.58
23003,669,117,6,3.0,4,53,132.08
23004,669,58,5,9.0,2,42,86.84
23005,669,24,4,4.0,1,147,204.05
23006,669,113,3,3.0,1,115,268.21
23007,669,22,5,11.0,1,78,182.58
23008,669,96,1,12.0,1,104,231.12
23009,669,31,5,8.0,4,117,276.57
23010,669,61,1,11.0,2,224,327.21
23011,669,33,3,2.0,4,129,136.56
23012,669,10055,1,7.0,2,123,268.55
23013,669,79,4,12.0,4,59,272.45
23014,669,90,3,7.0,1,43,85.65
23015,669,19,6,13.0,2,35,153.88
23016,669,63,1,1.0,1,101,114.14
23017,669,78,6,15.0,1,75,386.82
23018,669,112,3,13.0,2,209,89.33
23019,669,67,1,15.0,2,35,177.85
23020,669,77,5,1.0,1,166,11.42
23021,669,11,3,9.0,2,247,274.48
23022,669,85,3,7.0,5,109,173.66
23023,669,12,2,1.0,1,87,322.41
23024,669,60,4,,1,66,393.57
23025,669,21,2,7.0,2,233,307.9
23026,669,108,6,4.0,1,235,167.48
23027,669,49,1,10.0,2,232,217.79
23028,669,44,2,6.0,2,229,370.69
23029,669,10,3,12.0,1,236,153.02
23030,669,47,1,6.0,2,156,279.24
23031,669,94,4,1.0,1,153,323.01
23032,669,21,5,2.0,2,127,307.9
23033,669,19,5,6.0,1,55,153.88
23034,669,89,6,4.0,2,131,228.5
23035,669,38,4,8.0,1,89,323.38
23036,669,13,5,9.0,2,107,350.79
23037,669,10060,4,1.0,1,72,393.57
23038,669,79,6,4.0,4,233,272.45
23039,669,38,6,7.0,1,128,323.38
23040,669,107,3,13.0,2,206,87.15
23041,669,74,3,10.0,2,82,345.9
23042,669,81,3,13.0,1,117,45.14
23043,669,99,2,4.0,2,219,21.99
23044,669,40,1,2.0,3,249,162.24
23045,669,36,4,8.0,1,207,112.83
23046,669,47,5,8.0,1,36,279.24
23047,669,62,5,5.0,2,17,107.26
23048,670,13,1,9.0,2,219,350.79
23049,670,49,2,12.0,1,9,217.79
23050,670,61,5,7.0,2,188,327.21
23051,670,67,6,9.0,2,219,177.85
23052,670,29,6,6.0,2,220,264.58
23053,670,10096,6,10.0,2,247,231.12
23054,670,26,5,10.0,2,49,196.47
23055,670,54,1,14.0,1,193,263.63
23056,670,71,2,5.0,1,7,273.46
23057,670,52,6,14.0,3,142,29.05
23058,670,10060,6,4.0,2,77,393.57
23059,670,112,5,3.0,1,115,89.33
23060,670,5,5,2.0,1,235,282.42
23061,670,3,5,14.0,1,125,184.85
23062,670,34,3,4.0,1,34,4.86
23063,670,110,1,5.0,2,21,4.35
23064,671,33,5,4.0,1,74,136.56
23065,671,20,4,12.0,1,181,344.59
23066,671,96,3,12.0,1,63,231.12
23067,671,32,4,6.0,2,61,360.05
23068,671,10118,2,11.0,4,188,102.4
23069,671,116,2,7.0,3,233,74.33
23070,671,12,3,2.0,1,58,322.41
23071,671,50,2,7.0,2,195,191.76
23072,671,45,5,11.0,5,102,193.58
23073,671,98,1,12.0,1,57,89.1
23074,671,94,3,7.0,2,66,323.01
23075,671,108,2,1.0,1,208,167.48
23076,671,62,2,8.0,1,55,107.26
23077,671,62,5,8.0,2,8,107.26
23078,671,80,3,6.0,5,43,351.06
23079,671,7,6,9.0,2,44,255.0
23080,671,31,5,,2,238,276.57
23081,671,47,5,7.0,2,163,279.24
23082,671,106,6,6.0,2,120,57.07
23083,671,5,1,7.0,1,172,282.42
23084,671,72,2,14.0,2,105,389.59
23085,671,48,1,6.0,1,237,77.58
23086,671,98,2,10.0,2,201,89.1
23087,671,29,5,15.0,2,194,264.58
23088,671,14,3,15.0,2,119,354.1
23089,671,55,5,6.0,1,213,268.55
23090,671,86,6,8.0,1,250,266.03
23091,671,91,2,5.0,3,80,177.83
23092,671,88,2,14.0,2,79,52.66
23093,671,86,6,7.0,2,217,266.03
23094,671,46,3,2.0,4,248,2.86
23095,671,75,5,9.0,2,159,45.02
23096,671,70,6,10.0,2,89,18.65
23097,671,78,2,2.0,2,152,386.82
23098,671,10096,1,2.0,1,116,231.12
23099,671,96,3,2.0,1,115,231.12
23100,671,4,1,13.0,1,100,118.68
23101,671,55,5,1.0,2,131,268.55
23102,672,40,1,2.0,2,233,162.24
23103,672,56,4,3.0,2,207,269.33
23104,672,113,2,7.0,3,111,268.21
23105,672,68,4,11.0,1,70,31.95
23106,672,44,5,13.0,2,201,370.69
23107,672,79,4,9.0,3,73,272.45
23108,672,59,1,13.0,2,188,149.07
23109,672,22,2,5.0,1,120,182.58
23110,672,98,6,10.0,1,177,89.1
23111,672,65,2,3.0,2,215,38.73
23112,672,69,5,,1,108,334.17
23113,672,22,3,15.0,2,168,182.58
23114,672,19,6,13.0,1,196,153.88
23115,672,6,5,7.0,1,146,342.42
23116,672,12,4,13.0,1,181,322.41
23117,672,74,4,3.0,1,91,345.9
23118,672,79,5,14.0,3,176,272.45
23119,672,24,4,14.0,1,46,204.05
23120,672,106,3,14.0,2,227,57.07
23121,672,100,1,15.0,3,78,320.96
23122,672,59,2,5.0,1,41,149.07
23123,672,46,1,13.0,2,197,2.86
23124,672,102,1,2.0,1,15,332.57
23125,672,102,1,2.0,1,248,332.57
23126,672,15,2,13.0,1,205,100.16
23127,672,59,4,12.0,1,240,149.07
23128,672,85,2,5.0,1,39,173.66
23129,672,2,2,15.0,2,168,144.87
23130,672,32,2,7.0,2,37,360.05
23131,672,19,3,3.0,1,242,153.88
23132,672,114,4,6.0,2,231,392.33
23133,672,84,5,9.0,1,16,288.33
23134,672,12,3,13.0,1,28,322.41
23135,672,55,4,15.0,1,222,268.55
23136,672,45,6,11.0,1,187,193.58
23137,672,73,3,,1,39,352.8
23138,672,65,5,14.0,2,135,38.73
23139,673,102,3,12.0,2,228,332.57
23140,673,40,5,7.0,4,54,162.24
23141,673,74,4,6.0,2,63,345.9
23142,673,73,3,3.0,2,96,352.8
23143,673,113,6,7.0,1,4,268.21
23144,673,38,4,1.0,2,125,323.38
23145,673,15,4,4.0,2,203,100.16
23146,673,118,6,9.0,1,169,102.4
23147,673,48,1,15.0,2,76,77.58
23148,673,71,3,3.0,2,146,273.46
23149,673,116,5,13.0,3,196,74.33
23150,673,3,1,9.0,2,54,184.85
23151,673,113,4,14.0,1,8,268.21
23152,673,44,5,6.0,3,241,370.69
23153,673,10,4,,1,18,153.02
23154,673,91,5,10.0,1,191,177.83
23155,673,68,2,12.0,1,142,31.95
23156,673,115,1,12.0,2,190,265.87
23157,673,33,4,6.0,1,138,136.56
23158,673,57,1,13.0,1,126,184.4
23159,673,71,1,10.0,2,7,273.46
23160,673,2,6,4.0,2,128,144.87
23161,673,49,1,14.0,1,233,217.79
23162,673,70,4,12.0,3,45,18.65
23163,673,59,3,10.0,2,217,149.07
23164,673,91,2,13.0,2,111,177.83
23165,673,87,4,7.0,1,30,267.42
23166,673,93,4,8.0,1,177,39.17
23167,673,46,4,13.0,1,248,2.86
23168,673,16,5,1.0,2,32,359.33
23169,673,108,5,8.0,1,87,167.48
23170,673,42,3,7.0,2,22,186.13
23171,673,73,1,8.0,3,239,352.8
23172,673,39,6,15.0,2,78,170.58
23173,673,68,3,9.0,2,90,31.95
23174,673,10055,4,15.0,1,241,268.55
23175,673,28,4,10.0,1,52,195.42
23176,673,13,4,4.0,3,209,350.79
23177,674,44,3,4.0,1,98,370.69
23178,674,33,4,10.0,2,173,136.56
23179,674,33,1,4.0,3,63,136.56
23180,674,59,1,2.0,1,180,149.07
23181,674,110,4,1.0,1,224,4.35
23182,674,24,2,4.0,1,21,204.05
23183,674,64,6,10.0,2,120,254.43
23184,674,120,1,11.0,1,61,18.02
23185,674,114,5,9.0,4,6,392.33
23186,674,26,4,2.0,1,140,196.47
23187,674,78,6,3.0,1,105,386.82
23188,674,87,6,12.0,3,149,267.42
23189,674,91,5,9.0,1,94,177.83
23190,674,10096,4,13.0,1,100,231.12
23191,674,63,3,6.0,1,29,114.14
23192,674,96,5,13.0,1,160,231.12
23193,674,18,4,11.0,2,57,65.67
23194,674,59,4,12.0,1,141,149.07
23195,674,113,2,9.0,2,142,268.21
23196,674,23,1,12.0,2,232,204.06
23197,674,50,1,1.0,2,100,191.76
23198,674,44,1,12.0,2,138,370.69
23199,674,45,6,11.0,3,102,193.58
23200,674,60,4,7.0,2,83,393.57
23201,674,101,5,13.0,2,1,380.12
23202,674,115,6,6.0,1,112,265.87
23203,674,97,3,8.0,1,196,99.11
23204,674,80,6,4.0,5,50,351.06
23205,674,91,5,12.0,1,24,177.83
23206,674,37,3,,1,59,374.33
23207,674,111,3,2.0,5,127,299.51
23208,674,19,4,10.0,4,25,153.88
23209,674,37,4,15.0,1,209,374.33
23210,674,81,4,13.0,1,29,45.14
23211,674,76,5,13.0,1,9,327.0
23212,674,29,4,3.0,2,237,264.58
23213,674,108,1,11.0,1,169,167.48
23214,674,10118,1,3.0,2,99,102.4
23215,674,33,2,2.0,2,124,136.56
23216,675,101,2,6.0,2,230,380.12
23217,675,19,2,10.0,3,145,153.88
23218,675,95,1,11.0,1,199,245.29
23219,675,35,1,13.0,2,35,362.36
23220,675,19,1,14.0,2,50,153.88
23221,675,56,3,9.0,2,167,269.33
23222,675,52,6,5.0,1,33,29.05
23223,675,46,4,8.0,2,182,2.86
23224,675,76,4,15.0,2,61,327.0
23225,675,3,3,6.0,2,224,184.85
23226,675,93,4,9.0,1,98,39.17
23227,675,70,5,,1,33,18.65
23228,675,89,3,3.0,2,57,228.5
23229,675,116,2,14.0,3,116,74.33
23230,675,55,5,10.0,5,225,268.55
23231,675,8,4,2.0,2,55,268.73
23232,675,47,3,14.0,1,117,279.24
23233,675,10055,1,11.0,1,56,268.55
23234,675,50,3,4.0,1,186,191.76
23235,675,8,5,8.0,2,154,268.73
23236,675,105,6,,4,162,115.72
23237,675,33,6,8.0,2,48,136.56
23238,675,10096,1,7.0,3,230,231.12
23239,675,10055,5,11.0,2,3,268.55
23240,675,16,1,2.0,4,134,359.33
23241,675,21,6,8.0,1,155,307.9
23242,675,104,3,7.0,1,118,194.87
23243,675,24,4,2.0,2,162,204.05
23244,676,78,5,15.0,1,88,386.82
23245,676,118,4,4.0,3,43,102.4
23246,676,99,6,9.0,1,21,21.99
23247,676,110,5,8.0,1,54,4.35
23248,676,16,6,12.0,1,60,359.33
23249,676,60,3,6.0,3,54,393.57
23250,676,54,3,1.0,2,183,263.63
23251,676,96,2,6.0,1,12,231.12
23252,676,43,5,,1,117,40.97
23253,676,21,5,10.0,1,54,307.9
23254,676,75,5,6.0,1,152,45.02
23255,676,81,1,13.0,1,44,45.14
23256,676,52,6,14.0,3,40,29.05
23257,676,6,2,3.0,2,12,342.42
23258,676,11,3,,1,129,274.48
23259,676,12,3,7.0,4,185,322.41
23260,676,33,6,4.0,2,21,136.56
23261,676,36,5,1.0,2,52,112.83
23262,676,19,1,5.0,1,250,153.88
23263,676,17,4,9.0,2,21,198.42
23264,676,37,4,5.0,1,171,374.33
23265,676,14,4,15.0,1,190,354.1
23266,676,111,5,7.0,1,89,299.51
23267,676,34,6,4.0,1,46,4.86
23268,676,119,3,15.0,1,83,399.96
23269,676,12,6,10.0,3,21,322.41
23270,676,44,3,5.0,1,48,370.69
23271,676,19,4,14.0,1,63,153.88
23272,676,40,6,15.0,1,217,162.24
23273,676,115,3,11.0,1,129,265.87
23274,677,61,1,7.0,1,115,327.21
23275,677,51,3,8.0,1,155,384.39
23276,677,23,6,9.0,1,189,204.06
23277,677,95,4,6.0,2,158,245.29
23278,677,2,5,15.0,1,179,144.87
23279,677,112,4,7.0,2,157,89.33
23280,677,15,4,1.0,1,145,100.16
23281,677,49,4,4.0,1,69,217.79
23282,677,17,5,8.0,4,153,198.42
23283,677,16,6,4.0,1,7,359.33
23284,677,10,4,8.0,2,231,153.02
23285,677,120,5,15.0,2,230,18.02
23286,677,96,4,1.0,2,2,231.12
23287,677,78,1,2.0,2,127,386.82
23288,677,113,4,7.0,2,184,268.21
23289,677,46,3,7.0,1,145,2.86
23290,677,10060,2,2.0,1,222,393.57
23291,677,77,6,1.0,4,68,11.42
23292,677,13,3,9.0,1,6,350.79
23293,677,40,5,9.0,1,244,162.24
23294,677,28,4,12.0,2,133,195.42
23295,677,29,2,5.0,5,161,264.58
23296,677,8,4,11.0,2,1,268.73
23297,677,54,6,8.0,1,79,263.63
23298,677,25,3,6.0,2,128,381.49
23299,677,53,1,1.0,3,200,99.99
23300,677,48,1,4.0,3,250,77.58
23301,677,33,6,15.0,3,49,136.56
23302,677,67,6,2.0,2,193,177.85
23303,677,75,3,4.0,2,193,45.02
23304,677,71,1,13.0,2,94,273.46
23305,677,81,5,11.0,1,85,45.14
23306,677,57,2,8.0,2,202,184.4
23307,678,70,6,13.0,2,26,18.65
23308,678,55,2,3.0,1,143,268.55
23309,678,52,3,7.0,5,25,29.05
23310,678,8,1,10.0,1,179,268.73
23311,678,90,4,1.0,1,49,85.65
23312,678,68,2,1.0,1,36,31.95
23313,678,105,5,10.0,1,154,115.72
23314,678,69,5,8.0,4,211,334.17
23315,678,63,3,10.0,2,4,114.14
23316,678,114,4,,2,50,392.33
23317,678,3,5,6.0,2,208,184.85
23318,678,43,5,7.0,1,68,40.97
23319,678,5,6,15.0,1,37,282.42
23320,678,41,3,3.0,1,139,77.7
23321,678,102,2,7.0,2,66,332.57
23322,678,85,1,2.0,1,142,173.66
23323,678,95,3,7.0,1,148,245.29
23324,678,88,1,2.0,1,139,52.66
23325,678,117,2,12.0,1,12,132.08
23326,678,39,2,10.0,1,50,170.58
23327,678,57,3,1.0,2,140,184.4
23328,678,3,1,4.0,1,194,184.85
23329,678,32,1,13.0,1,75,360.05
23330,678,78,5,12.0,2,88,386.82
23331,678,18,3,10.0,2,226,65.67
23332,678,98,3,14.0,1,84,89.1
23333,678,80,1,10.0,1,176,351.06
23334,678,69,1,9.0,2,92,334.17
23335,678,92,3,12.0,1,75,69.54
23336,678,48,5,,2,7,77.58
23337,678,61,6,10.0,2,90,327.21
23338,678,10,4,1.0,5,166,153.02
23339,678,40,1,13.0,4,247,162.24
23340,678,84,6,8.0,1,80,288.33
23341,678,23,2,14.0,1,34,204.06
23342,678,10,6,13.0,1,5,153.02
23343,678,3,6,4.0,2,169,184.85
23344,679,74,5,15.0,2,83,345.9
23345,679,19,4,3.0,1,197,153.88
23346,679,21,2,8.0,1,184,307.9
23347,679,24,4,2.0,2,236,204.05
23348,679,75,5,4.0,2,111,45.02
23349,679,65,6,2.0,2,109,38.73
23350,679,41,5,14.0,2,150,77.7
23351,679,119,4,2.0,1,12,399.96
23352,679,9,1,13.0,2,144,254.72
23353,679,111,5,10.0,1,62,299.51
23354,679,62,3,4.0,1,123,107.26
23355,679,59,4,2.0,2,9,149.07
23356,679,111,3,2.0,1,116,299.51
23357,679,41,4,7.0,1,213,77.7
23358,679,67,6,3.0,4,38,177.85
23359,679,113,1,1.0,1,152,268.21
23360,679,46,6,8.0,3,203,2.86
23361,679,40,4,9.0,4,154,162.24
23362,679,12,4,10.0,4,127,322.41
23363,679,115,6,2.0,1,131,265.87
23364,679,27,3,1.0,1,146,25.05
23365,679,54,5,2.0,2,113,263.63
23366,679,58,1,3.0,1,220,86.84
23367,679,113,4,7.0,3,27,268.21
23368,679,104,6,3.0,1,38,194.87
23369,679,26,6,3.0,2,237,196.47
23370,679,13,6,5.0,1,129,350.79
23371,679,117,1,2.0,5,121,132.08
23372,679,73,3,11.0,1,43,352.8
23373,679,85,2,,2,108,173.66
23374,679,5,3,2.0,1,22,282.42
23375,679,45,5,13.0,1,116,193.58
23376,679,80,4,9.0,2,226,351.06
23377,680,76,3,5.0,1,5,327.0
23378,680,101,2,4.0,1,162,380.12
23379,680,91,2,2.0,1,219,177.83
23380,680,117,1,9.0,2,149,132.08
23381,680,29,1,6.0,2,7,264.58
23382,680,10096,6,1.0,1,107,231.12
23383,680,14,2,6.0,2,89,354.1
23384,680,10060,1,10.0,2,119,393.57
23385,680,28,1,3.0,1,179,195.42
23386,680,18,1,6.0,1,165,65.67
23387,680,106,1,10.0,3,222,57.07
23388,680,106,4,7.0,1,50,57.07
23389,680,91,1,2.0,1,52,177.83
23390,680,111,4,11.0,2,244,299.51
23391,680,120,3,9.0,2,238,18.02
23392,680,94,5,13.0,1,195,323.01
23393,680,110,6,1.0,2,182,4.35
23394,680,105,4,13.0,1,208,115.72
23395,680,100,1,5.0,2,123,320.96
23396,680,25,6,14.0,1,90,381.49
23397,680,10060,5,12.0,2,153,393.57
23398,680,29,1,10.0,1,105,264.58
23399,680,100,2,3.0,1,170,320.96
23400,680,20,4,1.0,1,3,344.59
23401,680,6,5,7.0,3,179,342.42
23402,680,115,4,12.0,1,187,265.87
23403,680,95,6,13.0,1,198,245.29
23404,681,45,1,2.0,3,176,193.58
23405,681,52,5,10.0,1,185,29.05
23406,681,6,6,10.0,1,211,342.42
23407,681,106,4,4.0,1,179,57.07
23408,681,52,2,9.0,1,84,29.05
23409,681,62,3,12.0,2,55,107.26
23410,681,94,4,14.0,1,92,323.01
23411,681,90,3,13.0,2,88,85.65
23412,681,24,6,4.0,2,142,204.05
23413,681,34,6,6.0,2,236,4.86
23414,681,117,3,1.0,1,183,132.08
23415,681,57,5,11.0,2,40,184.4
23416,681,42,5,5.0,5,176,186.13
23417,681,21,6,14.0,1,236,307.9
23418,681,10,6,14.0,1,7,153.02
23419,681,28,1,15.0,1,242,195.42
23420,681,103,1,13.0,2,60,105.16
23421,681,75,6,,3,69,45.02
23422,681,33,3,13.0,1,240,136.56
23423,681,112,5,6.0,2,75,89.33
23424,681,2,2,1.0,1,220,144.87
23425,681,60,6,7.0,1,238,393.57
23426,681,75,4,10.0,1,150,45.02
23427,681,32,2,1.0,2,107,360.05
23428,681,74,3,1.0,5,136,345.9
23429,681,110,1,9.0,2,167,4.35
23430,681,60,2,11.0,2,163,393.57
23431,681,80,1,11.0,1,221,351.06
23432,682,12,1,2.0,2,72,322.41
23433,682,116,4,13.0,2,139,74.33
23434,682,42,6,5.0,2,188,186.13
23435,682,22,2,1.0,2,225,182.58
23436,682,34,3,7.0,2,144,4.86
23437,682,55,3,8.0,2,227,268.55
23438,682,84,4,8.0,1,42,288.33
23439,682,9,3,9.0,2,123,254.72
23440,682,68,5,14.0,1,76,31.95
23441,682,62,2,6.0,2,192,107.26
23442,682,59,5,5.0,2,215,149.07
23443,682,90,3,,2,133,85.65
23444,682,35,4,2.0,1,112,362.36
23445,682,61,1,9.0,1,54,327.21
23446,682,71,6,8.0,1,44,273.46
23447,682,116,1,6.0,1,88,74.33
23448,682,91,1,9.0,2,44,177.83
23449,682,119,6,15.0,2,112,399.96
23450,682,74,6,15.0,3,77,345.9
23451,682,99,4,8.0,3,216,21.99
23452,682,55,2,8.0,1,107,268.55
23453,682,63,5,10.0,1,249,114.14
23454,682,31,4,8.0,2,221,276.57
23455,682,82,3,14.0,1,95,393.73
23456,682,113,2,11.0,1,20,268.21
23457,682,99,5,3.0,3,209,21.99
23458,682,77,4,13.0,1,110,11.42
23459,682,68,4,10.0,5,221,31.95
23460,682,101,1,14.0,1,186,380.12
23461,682,25,2,9.0,1,14,381.49
23462,682,83,6,7.0,2,109,19.67
23463,682,10118,1,11.0,2,210,102.4
23464,682,87,5,15.0,1,191,267.42
23465,683,20,2,10.0,2,200,344.59
23466,683,22,4,10.0,2,4,182.58
23467,683,92,2,13.0,2,125,69.54
23468,683,68,1,5.0,1,204,31.95
23469,683,70,4,3.0,1,9,18.65
23470,683,110,3,4.0,2,75,4.35
23471,683,94,6,6.0,1,192,323.01
23472,683,94,2,12.0,1,32,323.01
23473,683,104,2,1.0,1,204,194.87
23474,683,88,5,9.0,5,245,52.66
23475,683,50,5,4.0,2,109,191.76
23476,683,16,2,4.0,1,192,359.33
23477,683,39,1,3.0,1,42,170.58
23478,683,21,3,15.0,1,157,307.9
23479,683,7,6,3.0,1,186,255.0
23480,683,109,1,7.0,1,127,378.53
23481,683,111,3,4.0,2,104,299.51
23482,683,68,6,15.0,1,69,31.95
23483,683,51,1,9.0,2,114,384.39
23484,683,75,5,14.0,3,101,45.02
23485,683,56,4,13.0,3,91,269.33
23486,683,4,1,14.0,1,171,118.68
23487,683,77,5,5.0,1,107,11.42
23488,683,12,5,13.0,3,131,322.41
23489,683,15,2,3.0,1,221,100.16
23490,683,120,2,4.0,2,10,18.02
23491,683,1,5,12.0,1,52,382.97
23492,683,107,2,14.0,2,170,87.15
23493,683,108,6,2.0,1,78,167.48
23494,683,60,2,5.0,3,212,393.57
23495,683,48,5,11.0,1,72,77.58
23496,683,16,6,8.0,3,163,359.33
23497,683,90,2,3.0,1,129,85.65
23498,683,111,1,5.0,1,5,299.51
23499,683,44,4,12.0,2,31,370.69
23500,683,82,3,5.0,1,157,393.73
23501,683,115,4,5.0,2,111,265.87
23502,683,59,6,1.0,2,104,149.07
23503,683,107,2,13.0,3,19,87.15
23504,683,77,2,14.0,1,8,11.42
23505,683,66,3,11.0,2,239,134.76
23506,683,21,3,2.0,2,190,307.9
23507,683,5,2,9.0,1,61,282.42
23508,683,94,5,15.0,1,51,323.01
23509,683,49,3,11.0,1,68,217.79
23510,683,10096,3,13.0,2,145,231.12
23511,684,27,1,12.0,1,138,25.05
23512,684,56,3,11.0,1,174,269.33
23513,684,51,2,1.0,1,68,384.39
23514,684,19,4,5.0,1,25,153.88
23515,684,37,1,3.0,1,30,374.33
23516,684,88,1,2.0,2,31,52.66
23517,684,18,6,3.0,1,9,65.67
23518,684,76,1,7.0,1,89,327.0
23519,684,91,5,14.0,2,98,177.83
23520,684,26,3,8.0,2,132,196.47
23521,684,95,5,2.0,4,47,245.29
23522,684,62,4,8.0,5,47,107.26
23523,684,91,1,8.0,2,132,177.83
23524,684,44,2,9.0,5,49,370.69
23525,684,100,1,9.0,2,80,320.96
23526,684,109,2,8.0,4,165,378.53
23527,684,27,6,8.0,1,119,25.05
23528,684,38,6,1.0,1,152,323.38
23529,684,85,4,11.0,2,107,173.66
23530,684,41,5,9.0,2,71,77.7
23531,684,69,4,2.0,1,63,334.17
23532,684,70,6,3.0,1,78,18.65
23533,684,74,1,2.0,1,60,345.9
23534,684,112,6,11.0,3,10,89.33
23535,684,91,4,9.0,1,61,177.83
23536,684,87,5,1.0,2,40,267.42
23537,684,85,1,11.0,1,77,173.66
23538,684,63,2,8.0,1,193,114.14
23539,685,111,5,,1,144,299.51
23540,685,71,2,7.0,2,104,273.46
23541,685,119,5,7.0,1,218,399.96
23542,685,112,6,9.0,2,16,89.33
23543,685,111,4,14.0,1,152,299.51
23544,685,104,1,8.0,1,228,194.87
23545,685,106,3,10.0,2,53,57.07
23546,685,47,5,2.0,2,73,279.24
23547,685,104,4,15.0,1,218,194.87
23548,685,58,2,3.0,1,37,86.84
23549,685,59,5,14.0,1,136,149.07
23550,685,49,2,15.0,3,196,217.79
23551,685,34,2,14.0,2,71,4.86
23552,685,39,5,9.0,2,144,170.58
23553,685,10118,5,2.0,1,244,102.4
23554,685,21,2,13.0,1,94,307.9
23555,685,24,3,10.0,4,90,204.05
23556,685,20,4,10.0,1,222,344.59
23557,685,76,3,4.0,1,58,327.0
23558,685,64,6,15.0,2,27,254.43
23559,685,78,1,9.0,1,142,386.82
23560,685,56,4,9.0,1,23,269.33
23561,685,59,1,2.0,2,13,149.07
23562,685,48,3,5.0,2,16,77.58
23563,685,89,6,8.0,3,70,228.5
23564,685,99,3,8.0,1,157,21.99
23565,685,26,5,4.0,1,198,196.47
23566,685,95,3,14.0,2,103,245.29
23567,685,58,6,3.0,1,100,86.84
23568,685,120,6,2.0,2,238,18.02
23569,685,82,4,7.0,3,23,393.73
23570,685,86,5,4.0,4,247,266.03
23571,685,12,4,2.0,2,7,322.41
23572,685,82,3,4.0,2,200,393.73
23573,685,53,1,3.0,2,40,99.99
23574,685,64,5,8.0,1,3,254.43
23575,685,16,6,9.0,2,21,359.33
23576,685,50,6,13.0,4,110,191.76
23577,685,113,1,13.0,1,77,268.21
23578,685,74,2,6.0,2,237,345.9
23579,685,1,2,2.0,1,228,382.97
23580,686,68,6,11.0,1,86,31.95
23581,686,102,1,15.0,1,59,332.57
23582,686,114,6,15.0,1,91,392.33
23583,686,104,6,3.0,1,202,194.87
23584,686,109,1,8.0,2,14,378.53
23585,686,13,3,12.0,2,163,350.79
23586,686,68,2,4.0,3,121,31.95
23587,686,118,5,,1,94,102.4
23588,686,110,5,,1,205,4.35
23589,686,105,1,1.0,2,31,115.72
23590,686,46,5,10.0,2,26,2.86
23591,686,99,3,1.0,2,183,21.99
23592,686,60,2,11.0,2,185,393.57
23593,686,67,2,6.0,1,169,177.85
23594,686,37,4,,2,195,374.33
23595,686,118,1,12.0,3,190,102.4
23596,686,29,4,6.0,1,42,264.58
23597,686,48,1,3.0,1,113,77.58
23598,686,15,2,10.0,5,165,100.16
23599,686,9,5,9.0,2,70,254.72
23600,686,10,2,2.0,2,57,153.02
23601,686,28,2,14.0,1,208,195.42
23602,686,116,2,10.0,2,51,74.33
23603,686,89,4,13.0,5,3,228.5
23604,687,9,3,11.0,2,97,254.72
23605,687,94,1,8.0,1,11,323.01
23606,687,32,5,14.0,1,90,360.05
23607,687,100,5,2.0,1,244,320.96
23608,687,61,3,12.0,2,221,327.21
23609,687,43,1,13.0,1,162,40.97
23610,687,120,4,13.0,1,242,18.02
23611,687,50,1,1.0,2,215,191.76
23612,687,10055,4,1.0,1,32,268.55
23613,687,23,5,13.0,3,163,204.06
23614,687,90,4,3.0,2,22,85.65
23615,687,17,4,3.0,1,88,198.42
23616,687,40,2,12.0,1,63,162.24
23617,687,88,3,4.0,2,249,52.66
23618,687,23,2,7.0,2,25,204.06
23619,687,93,4,15.0,2,186,39.17
23620,687,61,1,7.0,2,4,327.21
23621,687,43,4,7.0,1,22,40.97
23622,687,44,3,3.0,3,133,370.69
23623,687,89,1,13.0,2,212,228.5
23624,687,113,2,3.0,1,119,268.21
23625,687,47,4,2.0,2,210,279.24
23626,687,105,5,9.0,1,227,115.72
23627,687,76,1,4.0,2,51,327.0
23628,687,82,1,9.0,2,179,393.73
23629,687,88,6,3.0,1,50,52.66
23630,687,110,3,4.0,2,184,4.35
23631,687,57,5,15.0,1,125,184.4
23632,687,10055,3,10.0,1,219,268.55
23633,687,7,4,8.0,2,70,255.0
23634,687,77,6,4.0,1,67,11.42
23635,687,119,6,12.0,1,22,399.96
23636,687,4,3,9.0,5,22,118.68
23637,687,10060,3,15.0,1,29,393.57
23638,687,31,3,6.0,1,89,276.57
23639,688,17,2,3.0,1,207,198.42
23640,688,74,6,3.0,1,139,345.9
23641,688,16,4,14.0,2,211,359.33
23642,688,110,3,,1,210,4.35
23643,688,92,3,,1,241,69.54
23644,688,67,6,10.0,1,87,177.85
23645,688,22,5,12.0,3,129,182.58
23646,688,95,2,14.0,1,176,245.29
23647,688,89,3,3.0,2,197,228.5
23648,688,64,6,4.0,2,32,254.43
23649,688,20,1,7.0,3,89,344.59
23650,688,80,1,2.0,1,84,351.06
23651,688,43,5,1.0,4,164,40.97
23652,688,69,3,8.0,1,170,334.17
23653,688,108,6,9.0,1,170,167.48
23654,688,81,2,2.0,2,111,45.14
23655,688,3,1,15.0,2,91,184.85
23656,688,114,1,15.0,3,97,392.33
23657,688,59,2,12.0,1,56,149.07
23658,688,102,3,12.0,1,208,332.57
23659,688,70,5,11.0,1,189,18.65
23660,688,112,3,,2,5,89.33
23661,688,111,1,4.0,2,105,299.51
23662,688,11,6,14.0,2,167,274.48
23663,688,66,6,4.0,2,41,134.76
23664,688,55,4,6.0,2,6,268.55
23665,688,10,4,7.0,1,156,153.02
23666,688,22,2,15.0,1,84,182.58
23667,689,9,6,1.0,1,244,254.72
23668,689,98,6,12.0,1,187,89.1
23669,689,28,1,5.0,3,47,195.42
23670,689,108,5,14.0,1,117,167.48
23671,689,41,4,5.0,1,105,77.7
23672,689,52,2,12.0,2,48,29.05
23673,689,83,1,1.0,1,81,19.67
23674,689,10,4,11.0,2,73,153.02
23675,689,106,2,2.0,3,153,57.07
23676,689,26,2,10.0,1,7,196.47
23677,689,107,3,12.0,3,14,87.15
23678,689,20,6,12.0,3,169,344.59
23679,689,3,2,5.0,2,147,184.85
23680,689,48,1,8.0,2,92,77.58
23681,689,50,3,1.0,4,33,191.76
23682,689,51,2,11.0,1,48,384.39
23683,689,85,2,12.0,2,45,173.66
23684,689,44,5,6.0,2,35,370.69
23685,689,7,5,2.0,2,152,255.0
23686,689,61,3,,2,197,327.21
23687,689,100,1,10.0,1,176,320.96
23688,689,105,2,9.0,2,134,115.72
23689,689,10055,6,5.0,2,164,268.55
23690,689,14,4,3.0,1,152,354.1
23691,689,65,6,12.0,2,192,38.73
23692,689,35,1,4.0,3,91,362.36
23693,689,60,2,8.0,3,205,393.57
23694,689,19,2,6.0,1,206,153.88
23695,689,104,6,9.0,2,224,194.87
23696,689,46,3,1.0,2,167,2.86
23697,689,110,3,13.0,2,25,4.35
23698,689,101,4,13.0,2,128,380.12
23699,689,60,4,1.0,1,248,393.57
23700,689,84,1,15.0,1,129,288.33
23701,689,117,5,12.0,1,203,132.08
23702,689,82,3,1.0,1,246,393.73
23703,689,94,1,7.0,3,216,323.01
23704,689,81,2,12.0,1,121,45.14
23705,689,10096,5,3.0,2,95,231.12
23706,690,84,3,6.0,1,160,288.33
23707,690,87,1,2.0,1,202,267.42
23708,690,40,1,9.0,1,236,162.24
23709,690,43,4,2.0,1,212,40.97
23710,690,94,2,14.0,2,102,323.01
23711,690,78,1,13.0,1,141,386.82
23712,690,6,4,14.0,2,74,342.42
23713,690,58,5,6.0,1,178,86.84
23714,690,116,1,8.0,2,237,74.33
23715,690,70,1,14.0,2,111,18.65
23716,690,74,6,,2,64,345.9
23717,690,119,3,8.0,1,145,399.96
23718,690,47,6,15.0,2,185,279.24
23719,690,2,4,8.0,1,205,144.87
23720,690,37,5,2.0,2,174,374.33
23721,690,64,6,,1,41,254.43
23722,690,46,5,,1,176,2.86
23723,690,40,6,4.0,1,133,162.24
23724,690,68,3,10.0,3,139,31.95
23725,690,51,4,14.0,2,233,384.39
23726,690,101,3,2.0,2,156,380.12
23727,690,69,3,10.0,1,235,334.17
23728,690,73,1,3.0,1,49,352.8
23729,690,52,2,10.0,5,121,29.05
23730,690,10060,3,8.0,1,152,393.57
23731,690,103,2,1.0,1,187,105.16
23732,690,10,4,14.0,1,235,153.02
23733,690,15,5,12.0,2,51,100.16
23734,690,120,2,11.0,1,224,18.02
23735,690,10060,6,7.0,2,193,393.57
23736,690,101,2,9.0,2,130,380.12
23737,690,94,6,14.0,1,135,323.01
23738,690,19,1,15.0,1,248,153.88
23739,690,105,2,5.0,1,125,115.72
23740,690,69,4,11.0,1,109,334.17
23741,690,10118,5,3.0,2,147,102.4
23742,690,50,6,2.0,2,182,191.76
23743,690,117,6,9.0,1,142,132.08
23744,690,94,3,9.0,1,182,323.01
23745,690,36,2,4.0,2,68,112.83
23746,690,19,6,10.0,2,52,153.88
23747,690,62,1,4.0,1,107,107.26
23748,690,33,6,1.0,2,85,136.56
23749,690,61,2,13.0,1,105,327.21
23750,690,34,4,2.0,2,241,4.86
23751,691,113,2,8.0,3,200,268.21
23752,691,55,3,3.0,2,8,268.55
23753,691,59,3,6.0,1,37,149.07
23754,691,88,5,2.0,2,197,52.66
23755,691,76,1,6.0,1,131,327.0
23756,691,78,2,3.0,2,174,386.82
23757,691,77,2,12.0,1,185,11.42
23758,691,57,2,3.0,2,35,184.4
23759,691,85,6,14.0,1,213,173.66
23760,691,22,4,15.0,2,99,182.58
23761,691,45,2,12.0,1,5,193.58
23762,691,107,6,11.0,1,15,87.15
23763,691,68,6,11.0,1,9,31.95
23764,691,18,5,2.0,2,1,65.67
23765,691,43,5,7.0,2,176,40.97
23766,691,97,4,1.0,2,111,99.11
23767,691,41,2,9.0,1,114,77.7
23768,691,27,3,3.0,2,206,25.05
23769,691,62,4,4.0,1,38,107.26
23770,691,12,4,12.0,2,122,322.41
23771,691,57,6,6.0,2,147,184.4
23772,691,60,1,11.0,1,62,393.57
23773,691,13,3,4.0,3,36,350.79
23774,691,32,4,10.0,3,17,360.05
23775,691,111,4,3.0,1,100,299.51
23776,691,77,1,3.0,2,97,11.42
23777,691,110,1,11.0,2,109,4.35
23778,691,85,3,5.0,2,213,173.66
23779,691,37,6,12.0,1,247,374.33
23780,691,45,6,11.0,1,161,193.58
23781,691,108,6,8.0,2,211,167.48
23782,691,115,3,7.0,2,143,265.87
23783,691,72,5,3.0,1,90,389.59
23784,691,51,3,7.0,2,90,384.39
23785,692,104,6,14.0,1,12,194.87
23786,692,101,2,,2,31,380.12
23787,692,114,2,12.0,2,126,392.33
23788,692,65,6,11.0,4,56,38.73
23789,692,10055,6,2.0,1,74,268.55
23790,692,40,6,7.0,1,26,162.24
23791,692,60,1,6.0,2,137,393.57
23792,692,48,5,3.0,4,66,77.58
23793,692,110,4,7.0,2,8,4.35
23794,692,98,2,,2,135,89.1
23795,692,12,2,8.0,3,2,322.41
23796,692,115,4,9.0,2,195,265.87
23797,692,39,5,9.0,1,143,170.58
23798,692,93,4,8.0,2,69,39.17
23799,692,23,4,2.0,2,165,204.06
23800,692,23,5,10.0,4,212,204.06
23801,692,93,3,14.0,2,93,39.17
23802,692,93,5,5.0,2,44,39.17
23803,692,9,1,6.0,1,141,254.72
23804,692,69,2,14.0,2,142,334.17
23805,692,19,3,14.0,2,105,153.88
23806,692,115,3,11.0,3,105,265.87
23807,692,53,5,11.0,2,7,99.99
23808,692,70,1,12.0,2,47,18.65
23809,692,2,6,12.0,1,130,144.87
23810,692,10118,3,15.0,1,213,102.4
23811,692,10118,3,6.0,1,167,102.4
23812,692,18,1,11.0,2,94,65.67
23813,692,33,2,8.0,1,16,136.56
23814,692,34,6,11.0,4,115,4.86
23815,692,96,5,3.0,2,132,231.12
23816,692,78,1,15.0,1,47,386.82
23817,692,113,2,1.0,1,112,268.21
23818,692,100,3,13.0,1,39,320.96
23819,692,6,2,5.0,2,139,342.42
23820,692,85,1,10.0,1,124,173.66
23821,692,33,1,3.0,2,224,136.56
23822,692,44,1,9.0,1,95,370.69
23823,692,109,1,6.0,1,74,378.53
23824,692,73,3,7.0,2,235,352.8
23825,692,117,5,4.0,2,222,132.08
23826,692,2,1,4.0,1,14,144.87
23827,692,10118,4,11.0,5,145,102.4
23828,693,10096,4,,1,56,231.12
23829,693,99,4,2.0,2,111,21.99
23830,693,30,3,7.0,1,205,349.23
23831,693,20,5,15.0,2,157,344.59
23832,693,81,5,15.0,4,3,45.14
23833,693,69,1,12.0,2,225,334.17
23834,693,101,1,6.0,2,250,380.12
23835,693,48,3,7.0,2,215,77.58
23836,693,59,5,14.0,2,25,149.07
23837,693,21,4,9.0,2,181,307.9
23838,693,100,6,13.0,1,43,320.96
23839,693,100,5,12.0,1,117,320.96
23840,693,19,2,6.0,1,112,153.88
23841,693,32,3,5.0,2,40,360.05
23842,693,62,4,9.0,3,170,107.26
23843,693,112,1,6.0,1,123,89.33
23844,693,3,6,9.0,1,165,184.85
23845,693,117,3,5.0,4,204,132.08
23846,693,41,3,14.0,1,129,77.7
23847,693,11,5,9.0,4,34,274.48
23848,693,26,4,15.0,1,146,196.47
23849,693,15,1,7.0,2,35,100.16
23850,693,22,2,9.0,1,215,182.58
23851,693,4,5,3.0,1,206,118.68
23852,693,12,2,6.0,4,122,322.41
23853,693,59,5,8.0,2,13,149.07
23854,693,64,6,6.0,1,51,254.43
23855,693,116,2,12.0,1,42,74.33
23856,693,4,3,7.0,1,57,118.68
23857,693,36,3,14.0,2,144,112.83
23858,693,117,1,7.0,1,122,132.08
23859,693,64,5,3.0,2,89,254.43
23860,693,110,5,9.0,2,98,4.35
23861,693,64,4,13.0,1,212,254.43
23862,693,47,4,12.0,2,32,279.24
23863,693,10,3,5.0,2,167,153.02
23864,693,70,5,,3,8,18.65
23865,693,26,5,2.0,1,71,196.47
23866,693,13,6,10.0,1,74,350.79
23867,693,13,4,8.0,3,95,350.79
23868,694,82,1,4.0,2,110,393.73
23869,694,85,1,7.0,4,165,173.66
23870,694,26,6,2.0,2,198,196.47
23871,694,111,2,11.0,2,121,299.51
23872,694,46,5,4.0,1,146,2.86
23873,694,70,6,8.0,2,60,18.65
23874,694,42,1,15.0,1,73,186.13
23875,694,3,4,8.0,1,201,184.85
23876,694,119,6,4.0,1,180,399.96
23877,694,73,1,5.0,3,78,352.8
23878,694,64,1,5.0,2,197,254.43
23879,694,91,3,13.0,1,45,177.83
23880,694,42,6,10.0,1,244,186.13
23881,694,91,3,10.0,2,211,177.83
23882,694,26,5,14.0,1,108,196.47
23883,694,23,6,12.0,2,217,204.06
23884,694,44,6,3.0,1,48,370.69
23885,694,39,4,15.0,1,194,170.58
23886,694,105,5,9.0,2,178,115.72
23887,694,16,1,6.0,3,163,359.33
23888,694,111,5,11.0,3,196,299.51
23889,694,14,2,9.0,2,220,354.1
23890,694,21,6,3.0,4,59,307.9
23891,694,76,1,11.0,2,99,327.0
23892,694,109,1,15.0,2,74,378.53
23893,694,97,3,13.0,1,160,99.11
23894,694,2,4,2.0,2,15,144.87
23895,694,97,6,7.0,1,83,99.11
23896,694,23,5,6.0,2,117,204.06
23897,694,108,4,6.0,2,2,167.48
23898,694,66,1,3.0,2,96,134.76
23899,694,92,1,13.0,1,59,69.54
23900,694,38,3,8.0,1,201,323.38
23901,694,105,3,6.0,1,84,115.72
23902,694,105,6,8.0,1,206,115.72
23903,694,11,6,2.0,1,124,274.48
23904,695,118,6,14.0,2,250,102.4
23905,695,4,5,13.0,4,89,118.68
23906,695,47,5,,1,166,279.24
23907,695,40,5,1.0,2,233,162.24
23908,695,26,5,15.0,1,147,196.47
23909,695,87,3,14.0,1,179,267.42
23910,695,10,5,3.0,2,73,153.02
23911,695,119,6,5.0,1,109,399.96
23912,695,49,2,10.0,1,135,217.79
23913,695,82,6,11.0,2,65,393.73
23914,695,78,1,6.0,3,24,386.82
23915,695,2,2,5.0,1,212,144.87
23916,695,11,2,12.0,3,21,274.48
23917,695,18,4,15.0,1,123,65.67
23918,695,108,2,13.0,2,169,167.48
23919,695,92,6,4.0,2,162,69.54
23920,695,117,5,7.0,1,208,132.08
23921,695,10096,4,11.0,1,32,231.12
23922,695,30,6,12.0,1,24,349.23
23923,695,67,2,8.0,2,141,177.85
23924,695,22,4,12.0,1,105,182.58
23925,695,58,4,7.0,2,9,86.84
23926,695,51,6,15.0,2,145,384.39
23927,695,54,1,15.0,1,175,263.63
23928,695,58,4,4.0,3,234,86.84
23929,695,10118,6,9.0,1,162,102.4
23930,695,20,1,1.0,2,159,344.59
23931,695,10055,3,15.0,3,157,268.55
23932,695,1,3,10.0,2,143,382.97
23933,695,8,6,13.0,2,229,268.73
23934,695,9,5,13.0,2,161,254.72
23935,695,68,5,5.0,1,92,31.95
23936,695,108,3,8.0,1,177,167.48
23937,695,112,2,9.0,2,47,89.33
23938,695,76,1,5.0,2,55,327.0
23939,695,70,6,,2,7,18.65
23940,695,79,4,2.0,4,210,272.45
23941,695,99,6,2.0,2,105,21.99
23942,695,76,1,7.0,1,143,327.0
23943,695,102,3,12.0,2,213,332.57
23944,695,28,2,15.0,2,44,195.42
23945,695,4,6,14.0,4,89,118.68
23946,695,60,1,12.0,2,61,393.57
23947,695,53,4,10.0,5,94,99.99
23948,695,76,3,2.0,3,249,327.0
23949,695,73,5,5.0,2,164,352.8
23950,695,10060,1,2.0,2,163,393.57
23951,695,78,4,9.0,2,21,386.82
23952,695,33,4,15.0,4,143,136.56
23953,695,98,2,13.0,2,12,89.1
23954,695,108,1,9.0,2,45,167.48
23955,695,76,6,10.0,2,150,327.0
23956,695,25,6,,1,106,381.49
23957,695,96,5,4.0,1,148,231.12
23958,695,24,3,11.0,1,206,204.05
23959,695,80,4,1.0,1,197,351.06
23960,695,68,5,2.0,1,172,31.95
23961,695,60,5,9.0,4,75,393.57
23962,696,106,1,13.0,2,102,57.07
23963,696,62,2,11.0,4,210,107.26
23964,696,10060,5,9.0,4,27,393.57
23965,696,96,6,14.0,1,172,231.12
23966,696,73,1,8.0,1,114,352.8
23967,696,67,3,11.0,4,9,177.85
23968,696,87,3,7.0,1,220,267.42
23969,696,101,6,5.0,2,197,380.12
23970,696,10096,4,12.0,1,209,231.12
23971,696,92,1,10.0,3,22,69.54
23972,696,12,3,2.0,1,83,322.41
23973,696,111,2,3.0,1,146,299.51
23974,696,53,3,2.0,4,237,99.99
23975,696,19,1,5.0,1,195,153.88
23976,696,115,1,9.0,2,245,265.87
23977,696,120,3,7.0,2,26,18.02
23978,696,84,3,2.0,2,45,288.33
23979,696,63,4,3.0,1,128,114.14
23980,696,42,4,12.0,2,112,186.13
23981,696,106,6,1.0,1,84,57.07
23982,696,72,2,13.0,1,222,389.59
23983,696,118,5,1.0,1,109,102.4
23984,696,64,4,6.0,2,158,254.43
23985,696,82,6,1.0,1,180,393.73
23986,696,32,2,7.0,2,150,360.05
23987,696,10,3,3.0,4,105,153.02
23988,696,84,4,5.0,1,172,288.33
23989,696,18,2,,1,67,65.67
23990,696,82,3,14.0,1,134,393.73
23991,696,86,5,8.0,3,115,266.03
23992,696,83,4,13.0,2,9,19.67
23993,696,4,3,15.0,1,228,118.68
23994,696,42,5,5.0,4,89,186.13
23995,696,16,2,2.0,1,172,359.33
23996,696,42,4,9.0,2,34,186.13
23997,696,73,1,3.0,2,151,352.8
23998,696,16,5,4.0,1,93,359.33
23999,696,98,5,2.0,1,6,89.1
24000,696,104,2,1.0,2,221,194.87
24001,696,74,5,12.0,2,60,345.9
24002,696,82,3,3.0,1,130,393.73
24003,697,112,3,14.0,2,157,89.33
24004,697,107,3,13.0,2,104,87.15
24005,697,86,6,2.0,2,229,266.03
24006,697,24,3,8.0,3,157,204.05
24007,697,31,3,10.0,3,114,276.57
24008,697,19,3,14.0,1,114,153.88
24009,697,78,3,5.0,2,86,386.82
24010,697,18,1,2.0,1,217,65.67
24011,697,22,2,6.0,2,1,182.58
24012,697,19,3,6.0,2,43,153.88
24013,697,103,4,7.0,2,98,105.16
24014,697,68,4,,4,142,31.95
24015,697,37,3,4.0,2,208,374.33
24016,697,10055,3,3.0,5,211,268.55
24017,697,54,5,14.0,1,233,263.63
24018,697,111,4,10.0,1,39,299.51
24019,697,68,5,8.0,1,134,31.95
24020,697,24,4,8.0,1,12,204.05
24021,697,52,4,9.0,1,135,29.05
24022,697,10055,3,9.0,1,173,268.55
24023,697,80,1,7.0,3,92,351.06
24024,697,120,3,10.0,2,15,18.02
24025,697,46,2,9.0,1,76,2.86
24026,698,103,4,,2,246,105.16
24027,698,8,6,5.0,2,1,268.73
24028,698,88,5,2.0,1,149,52.66
24029,698,109,3,9.0,1,207,378.53
24030,698,80,4,,2,138,351.06
24031,698,22,6,1.0,2,224,182.58
24032,698,10096,5,,1,248,231.12
24033,698,99,2,7.0,2,41,21.99
24034,698,16,2,2.0,2,59,359.33
24035,698,10,6,6.0,1,42,153.02
24036,698,51,6,,1,234,384.39
24037,698,75,5,6.0,1,171,45.02
24038,698,73,1,1.0,1,18,352.8
24039,698,80,6,6.0,1,76,351.06
24040,698,11,1,5.0,2,209,274.48
24041,698,43,4,12.0,2,223,40.97
24042,698,118,4,14.0,1,56,102.4
24043,698,45,4,14.0,1,25,193.58
24044,698,7,4,8.0,2,39,255.0
24045,698,33,3,3.0,2,153,136.56
24046,698,118,1,3.0,1,21,102.4
24047,698,80,3,10.0,1,233,351.06
24048,698,99,4,1.0,3,65,21.99
24049,698,114,5,13.0,1,36,392.33
24050,698,66,4,14.0,2,208,134.76
24051,698,54,3,15.0,2,248,263.63
24052,698,89,4,14.0,1,235,228.5
24053,698,111,4,8.0,1,117,299.51
24054,698,108,5,9.0,3,51,167.48
24055,698,13,2,14.0,2,81,350.79
24056,698,31,1,7.0,1,96,276.57
24057,698,108,5,3.0,3,34,167.48
24058,698,63,5,11.0,2,167,114.14
24059,698,101,1,2.0,2,200,380.12
24060,698,34,4,9.0,1,125,4.86
24061,698,12,2,13.0,3,115,322.41
24062,698,70,4,8.0,1,77,18.65
24063,698,108,4,10.0,1,57,167.48
24064,698,87,6,2.0,2,221,267.42
24065,698,44,5,15.0,2,218,370.69
24066,699,88,1,12.0,1,48,52.66
24067,699,51,4,9.0,2,34,384.39
24068,699,23,3,7.0,1,77,204.06
24069,699,22,6,15.0,2,47,182.58
24070,699,6,4,14.0,2,194,342.42
24071,699,111,5,4.0,2,93,299.51
24072,699,84,3,,2,57,288.33
24073,699,71,6,7.0,2,198,273.46
24074,699,44,1,7.0,1,25,370.69
24075,699,31,5,5.0,1,211,276.57
24076,699,75,3,11.0,2,1,45.02
24077,699,37,5,8.0,3,178,374.33
24078,699,10060,4,11.0,1,143,393.57
24079,699,68,2,13.0,2,83,31.95
24080,699,91,6,12.0,1,42,177.83
24081,699,9,2,,1,84,254.72
24082,699,7,6,7.0,1,77,255.0
24083,699,120,6,3.0,2,224,18.02
24084,699,21,3,9.0,2,80,307.9
24085,699,25,1,9.0,1,58,381.49
24086,699,90,1,2.0,1,69,85.65
24087,699,25,2,6.0,1,172,381.49
24088,699,90,4,6.0,2,4,85.65
24089,699,13,5,,1,38,350.79
24090,699,33,1,4.0,1,59,136.56
24091,699,81,2,13.0,1,179,45.14
24092,699,62,5,15.0,1,125,107.26
24093,699,62,1,4.0,2,132,107.26
24094,699,75,5,6.0,2,241,45.02
24095,699,117,3,15.0,1,102,132.08
24096,699,119,6,2.0,2,25,399.96
24097,699,23,1,6.0,1,65,204.06
24098,699,75,3,,1,214,45.02
24099,699,80,6,5.0,1,222,351.06
24100,699,10055,4,13.0,1,86,268.55
24101,699,12,4,9.0,1,193,322.41
24102,699,120,6,11.0,1,119,18.02
24103,699,33,4,2.0,2,182,136.56
24104,700,48,6,15.0,1,87,77.58
24105,700,20,4,14.0,1,222,344.59
24106,700,97,5,4.0,1,104,99.11
24107,700,108,2,9.0,2,220,167.48
24108,700,59,4,13.0,1,99,149.07
24109,700,98,6,8.0,1,31,89.1
24110,700,33,2,4.0,2,39,136.56
24111,700,45,6,,5,114,193.58
24112,700,71,4,,2,74,273.46
24113,700,80,4,4.0,4,66,351.06
24114,700,85,1,4.0,1,140,173.66
24115,700,92,6,6.0,1,167,69.54
24116,700,10118,2,6.0,1,82,102.4
24117,700,79,2,,3,20,272.45
24118,700,50,1,14.0,2,124,191.76
24119,700,10055,6,7.0,3,119,268.55
24120,700,8,5,15.0,1,86,268.73
24121,700,36,5,8.0,1,18,112.83
24122,700,19,5,,1,219,153.88
24123,700,16,3,14.0,1,145,359.33
24124,700,30,5,6.0,1,189,349.23
24125,700,64,6,2.0,5,56,254.43
24126,700,82,6,11.0,2,221,393.73
24127,700,37,3,10.0,2,60,374.33
24128,700,105,3,7.0,1,42,115.72
24129,700,54,6,15.0,5,105,263.63
24130,700,10096,4,1.0,4,24,231.12
24131,700,22,1,5.0,2,2,182.58
24132,700,20,1,6.0,1,155,344.59
24133,700,18,1,1.0,1,107,65.67
24134,700,94,5,4.0,2,50,323.01
24135,700,29,1,13.0,1,5,264.58
24136,700,51,6,14.0,2,50,384.39
24137,700,13,2,1.0,1,73,350.79
24138,700,22,3,2.0,2,72,182.58
24139,700,58,1,3.0,2,162,86.84
24140,700,84,5,10.0,1,151,288.33
24141,700,102,3,15.0,1,194,332.57
24142,700,51,1,13.0,2,43,384.39
24143,701,72,3,1.0,1,235,389.59
24144,701,17,5,12.0,2,170,198.42
24145,701,83,4,13.0,2,38,19.67
24146,701,105,1,11.0,1,57,115.72
24147,701,22,6,12.0,1,21,182.58
24148,701,70,5,11.0,1,31,18.65
24149,701,19,4,5.0,1,173,153.88
24150,701,107,4,6.0,2,30,87.15
24151,701,6,2,1.0,1,132,342.42
24152,701,107,4,5.0,2,77,87.15
24153,701,48,4,3.0,1,180,77.58
24154,701,67,3,4.0,1,171,177.85
24155,701,35,1,5.0,4,209,362.36
24156,701,39,1,14.0,1,140,170.58
24157,701,110,6,,2,216,4.35
24158,701,113,6,3.0,2,18,268.21
24159,701,10055,4,14.0,1,160,268.55
24160,701,117,6,3.0,1,185,132.08
24161,701,69,4,12.0,1,222,334.17
24162,701,88,1,15.0,1,185,52.66
24163,701,117,1,13.0,2,198,132.08
24164,701,96,3,13.0,2,205,231.12
24165,701,40,1,7.0,1,78,162.24
24166,701,15,5,9.0,2,191,100.16
24167,701,29,1,8.0,2,170,264.58
24168,701,26,5,3.0,2,193,196.47
24169,701,23,5,14.0,1,104,204.06
24170,701,79,5,8.0,3,86,272.45
24171,701,95,4,8.0,2,89,245.29
24172,701,8,3,13.0,2,37,268.73
24173,701,89,1,8.0,3,239,228.5
24174,701,55,6,8.0,2,229,268.55
24175,701,53,6,15.0,1,36,99.99
24176,701,107,3,8.0,2,34,87.15
24177,701,43,5,9.0,1,50,40.97
24178,701,17,4,2.0,1,232,198.42
24179,701,45,3,2.0,4,93,193.58
24180,701,10118,3,13.0,2,55,102.4
24181,701,41,2,11.0,2,158,77.7
24182,701,66,4,5.0,1,239,134.76
24183,701,86,4,7.0,2,176,266.03
24184,701,10055,3,8.0,1,48,268.55
24185,702,10,3,8.0,1,180,153.02
24186,702,10055,1,,2,142,268.55
24187,702,65,4,5.0,2,32,38.73
24188,702,34,1,12.0,2,79,4.86
24189,702,85,2,13.0,1,22,173.66
24190,702,10,2,2.0,2,77,153.02
24191,702,92,1,4.0,1,37,69.54
24192,702,75,5,5.0,1,19,45.02
24193,702,109,6,3.0,1,197,378.53
24194,702,91,3,15.0,3,151,177.83
24195,702,14,1,6.0,3,26,354.1
24196,702,80,4,7.0,2,167,351.06
24197,702,89,3,7.0,1,123,228.5
24198,702,97,1,2.0,1,76,99.11
24199,702,7,3,7.0,1,130,255.0
24200,702,44,4,13.0,2,59,370.69
24201,702,59,6,6.0,2,35,149.07
24202,702,27,6,5.0,2,184,25.05
24203,702,100,5,7.0,1,229,320.96
24204,702,1,1,5.0,1,237,382.97
24205,702,14,4,6.0,3,111,354.1
24206,702,25,2,,2,151,381.49
24207,702,75,1,5.0,1,85,45.02
24208,703,75,2,7.0,1,104,45.02
24209,703,35,6,7.0,2,49,362.36
24210,703,56,5,6.0,2,125,269.33
24211,703,73,3,3.0,1,180,352.8
24212,703,86,4,15.0,1,124,266.03
24213,703,64,5,14.0,2,92,254.43
24214,703,82,4,4.0,1,3,393.73
24215,703,91,6,,2,48,177.83
24216,703,50,6,15.0,2,9,191.76
24217,703,5,5,10.0,1,15,282.42
24218,703,41,5,10.0,1,200,77.7
24219,703,42,5,4.0,3,207,186.13
24220,703,103,3,9.0,2,116,105.16
24221,703,13,3,15.0,2,244,350.79
24222,703,3,1,14.0,5,185,184.85
24223,703,18,5,7.0,3,243,65.67
24224,703,2,1,,1,53,144.87
24225,703,86,4,5.0,1,111,266.03
24226,703,10,2,8.0,2,214,153.02
24227,703,90,4,6.0,2,198,85.65
24228,703,6,1,1.0,2,15,342.42
24229,703,77,6,6.0,4,186,11.42
24230,703,106,4,12.0,2,63,57.07
24231,703,21,1,1.0,2,46,307.9
24232,703,56,1,4.0,2,61,269.33
24233,703,48,4,1.0,2,71,77.58
24234,703,118,6,9.0,3,123,102.4
24235,703,44,6,4.0,1,147,370.69
24236,703,26,3,7.0,2,139,196.47
24237,703,116,4,14.0,1,221,74.33
24238,703,42,5,6.0,1,102,186.13
24239,703,38,1,11.0,2,81,323.38
24240,703,112,4,5.0,1,58,89.33
24241,703,34,5,3.0,3,40,4.86
24242,703,43,3,4.0,2,131,40.97
24243,703,1,4,7.0,2,98,382.97
24244,703,86,1,6.0,1,203,266.03
24245,703,12,5,7.0,2,133,322.41
24246,703,112,2,6.0,2,239,89.33
24247,703,115,3,12.0,2,43,265.87
24248,704,98,3,1.0,2,48,89.1
24249,704,55,1,11.0,1,46,268.55
24250,704,65,6,7.0,1,153,38.73
24251,704,69,2,5.0,2,50,334.17
24252,704,108,6,3.0,2,226,167.48
24253,704,119,2,14.0,1,172,399.96
24254,704,12,2,4.0,2,100,322.41
24255,704,109,2,6.0,1,51,378.53
24256,704,96,6,11.0,3,174,231.12
24257,704,10118,2,9.0,2,53,102.4
24258,704,42,6,8.0,1,104,186.13
24259,704,106,2,14.0,4,160,57.07
24260,704,112,3,1.0,2,38,89.33
24261,704,36,2,4.0,2,249,112.83
24262,704,108,3,10.0,2,98,167.48
24263,704,73,5,12.0,1,95,352.8
24264,704,90,1,5.0,2,209,85.65
24265,704,30,6,6.0,4,127,349.23
24266,704,90,4,11.0,1,61,85.65
24267,704,30,2,9.0,1,182,349.23
24268,704,85,1,12.0,1,139,173.66
24269,704,51,1,9.0,2,88,384.39
24270,704,91,1,13.0,2,214,177.83
24271,704,32,1,15.0,1,140,360.05
24272,704,77,5,6.0,3,154,11.42
24273,704,53,4,15.0,2,154,99.99
24274,704,50,2,4.0,1,222,191.76
24275,704,52,1,,1,231,29.05
24276,704,100,5,8.0,2,123,320.96
24277,705,53,3,9.0,4,68,99.99
24278,705,58,6,10.0,2,149,86.84
24279,705,65,6,1.0,2,61,38.73
24280,705,111,6,10.0,2,12,299.51
24281,705,99,3,15.0,1,174,21.99
24282,705,93,3,7.0,1,228,39.17
24283,705,74,4,15.0,1,136,345.9
24284,705,106,4,13.0,3,81,57.07
24285,705,48,4,15.0,4,198,77.58
24286,705,8,6,10.0,2,127,268.73
24287,705,105,6,6.0,4,162,115.72
24288,705,59,6,10.0,3,50,149.07
24289,705,102,1,14.0,1,83,332.57
24290,705,71,4,9.0,2,32,273.46
24291,705,27,4,7.0,1,249,25.05
24292,705,71,4,2.0,1,5,273.46
24293,705,112,4,5.0,1,140,89.33
24294,705,34,6,2.0,1,193,4.86
24295,705,97,2,7.0,1,107,99.11
24296,705,73,6,2.0,1,110,352.8
24297,705,58,2,5.0,5,49,86.84
24298,705,53,2,4.0,2,154,99.99
24299,705,32,1,2.0,2,213,360.05
24300,705,10055,1,9.0,1,244,268.55
24301,705,40,3,15.0,1,98,162.24
24302,705,47,2,13.0,2,9,279.24
24303,705,8,1,3.0,1,173,268.73
24304,705,6,4,15.0,2,162,342.42
24305,705,12,3,1.0,1,219,322.41
24306,706,104,6,11.0,2,140,194.87
24307,706,49,1,12.0,2,143,217.79
24308,706,40,1,15.0,2,208,162.24
24309,706,113,6,15.0,1,142,268.21
24310,706,34,2,6.0,1,86,4.86
24311,706,85,3,6.0,1,78,173.66
24312,706,43,2,6.0,2,149,40.97
24313,706,38,6,12.0,2,175,323.38
24314,706,34,5,11.0,1,156,4.86
24315,706,17,5,15.0,1,243,198.42
24316,706,116,4,5.0,2,141,74.33
24317,706,89,4,12.0,2,194,228.5
24318,706,92,2,5.0,1,29,69.54
24319,706,6,3,10.0,2,199,342.42
24320,706,45,6,10.0,4,101,193.58
24321,706,14,2,14.0,3,136,354.1
24322,706,13,6,12.0,1,29,350.79
24323,706,27,5,4.0,1,101,25.05
24324,706,70,3,15.0,1,122,18.65
24325,706,110,4,11.0,1,32,4.35
24326,706,23,3,6.0,2,157,204.06
24327,706,42,1,2.0,1,234,186.13
24328,706,91,6,12.0,1,147,177.83
24329,706,44,4,3.0,1,42,370.69
24330,706,97,1,8.0,4,197,99.11
24331,706,54,6,10.0,1,54,263.63
24332,706,58,2,9.0,1,105,86.84
24333,706,67,6,3.0,1,197,177.85
24334,706,83,4,15.0,2,46,19.67
24335,706,3,3,6.0,2,68,184.85
24336,706,31,2,8.0,3,41,276.57
24337,706,61,1,9.0,3,233,327.21
24338,706,75,1,4.0,1,237,45.02
24339,706,93,4,2.0,1,192,39.17
24340,706,46,2,14.0,3,138,2.86
24341,706,57,3,2.0,3,82,184.4
24342,707,24,3,1.0,2,48,204.05
24343,707,95,2,11.0,1,24,245.29
24344,707,55,3,5.0,2,231,268.55
24345,707,32,4,4.0,4,112,360.05
24346,707,7,2,,2,250,255.0
24347,707,95,2,4.0,1,70,245.29
24348,707,60,6,7.0,4,230,393.57
24349,707,66,5,10.0,1,156,134.76
24350,707,103,3,2.0,1,8,105.16
24351,707,12,3,7.0,4,22,322.41
24352,707,104,6,6.0,1,12,194.87
24353,707,10055,6,15.0,2,156,268.55
24354,707,83,4,5.0,1,239,19.67
24355,707,38,6,3.0,1,4,323.38
24356,707,61,4,5.0,1,187,327.21
24357,707,5,5,15.0,1,247,282.42
24358,707,47,2,5.0,1,223,279.24
24359,707,108,4,8.0,3,18,167.48
24360,707,94,5,3.0,4,183,323.01
24361,707,81,6,6.0,2,128,45.14
24362,707,12,4,14.0,3,20,322.41
24363,707,3,1,13.0,1,55,184.85
24364,707,73,6,8.0,1,1,352.8
24365,707,43,1,6.0,1,94,40.97
24366,707,102,3,13.0,2,104,332.57
24367,707,20,1,11.0,1,125,344.59
24368,707,15,6,6.0,2,100,100.16
24369,707,75,5,15.0,4,22,45.02
24370,707,120,1,15.0,5,199,18.02
24371,708,58,4,10.0,1,120,86.84
24372,708,103,1,14.0,2,123,105.16
24373,708,57,3,13.0,2,80,184.4
24374,708,65,6,11.0,4,207,38.73
24375,708,28,4,8.0,3,165,195.42
24376,708,8,1,10.0,1,28,268.73
24377,708,33,4,13.0,1,4,136.56
24378,708,1,1,11.0,1,132,382.97
24379,708,58,2,1.0,2,111,86.84
24380,708,60,6,9.0,2,198,393.57
24381,708,65,3,10.0,2,163,38.73
24382,708,89,5,1.0,2,169,228.5
24383,708,112,6,5.0,2,110,89.33
24384,708,24,5,,2,82,204.05
24385,708,111,1,2.0,1,181,299.51
24386,708,101,5,10.0,1,150,380.12
24387,708,44,4,12.0,2,221,370.69
24388,708,70,6,5.0,5,32,18.65
24389,708,16,2,2.0,1,74,359.33
24390,708,106,3,9.0,1,25,57.07
24391,708,102,3,5.0,1,13,332.57
24392,708,70,5,12.0,1,209,18.65
24393,708,10118,3,11.0,2,186,102.4
24394,708,112,5,4.0,2,106,89.33
24395,708,118,5,8.0,1,215,102.4
24396,708,102,4,6.0,2,25,332.57
24397,708,85,3,8.0,1,235,173.66
24398,708,79,6,13.0,2,68,272.45
24399,708,28,6,9.0,1,46,195.42
24400,708,99,1,14.0,1,230,21.99
24401,708,22,2,6.0,1,4,182.58
24402,708,10096,6,5.0,2,69,231.12
24403,708,102,6,7.0,1,142,332.57
24404,708,5,2,2.0,2,101,282.42
24405,708,43,6,12.0,2,10,40.97
24406,708,19,1,12.0,3,188,153.88
24407,708,33,4,14.0,2,107,136.56
24408,708,55,2,8.0,1,65,268.55
24409,708,18,6,2.0,2,44,65.67
24410,708,31,5,4.0,2,30,276.57
24411,708,23,1,3.0,1,11,204.06
24412,708,94,6,6.0,3,141,323.01
24413,708,87,6,10.0,1,60,267.42
24414,708,88,2,11.0,2,33,52.66
24415,709,10118,5,7.0,2,26,102.4
24416,709,60,4,8.0,2,204,393.57
24417,709,90,4,11.0,1,248,85.65
24418,709,11,5,9.0,2,178,274.48
24419,709,100,3,13.0,1,201,320.96
24420,709,10060,1,2.0,1,13,393.57
24421,709,57,6,2.0,2,100,184.4
24422,709,3,5,6.0,1,95,184.85
24423,709,49,2,1.0,2,5,217.79
24424,709,3,2,15.0,5,153,184.85
24425,709,10096,5,12.0,1,137,231.12
24426,709,98,3,4.0,2,21,89.1
24427,709,67,5,9.0,2,210,177.85
24428,709,26,5,13.0,1,134,196.47
24429,709,58,1,13.0,1,182,86.84
24430,709,111,6,4.0,2,166,299.51
24431,709,27,6,2.0,2,27,25.05
24432,709,82,6,1.0,1,193,393.73
24433,709,62,3,15.0,1,101,107.26
24434,709,74,5,10.0,1,174,345.9
24435,709,20,5,2.0,1,68,344.59
24436,709,20,5,12.0,1,107,344.59
24437,709,79,2,13.0,2,199,272.45
24438,710,2,2,12.0,2,150,144.87
24439,710,63,2,4.0,2,84,114.14
24440,710,119,2,11.0,1,4,399.96
24441,710,43,2,14.0,2,204,40.97
24442,710,117,6,6.0,3,242,132.08
24443,710,6,3,11.0,2,35,342.42
24444,710,97,2,6.0,3,238,99.11
24445,710,9,3,9.0,1,210,254.72
24446,710,37,4,10.0,2,35,374.33
24447,710,17,1,1.0,2,239,198.42
24448,710,5,5,12.0,2,14,282.42
24449,710,95,2,4.0,1,181,245.29
24450,710,57,1,15.0,1,18,184.4
24451,710,47,6,15.0,3,193,279.24
24452,710,75,6,7.0,2,187,45.02
24453,710,77,4,8.0,2,249,11.42
24454,710,47,5,3.0,1,43,279.24
24455,710,25,3,5.0,1,141,381.49
24456,710,85,2,10.0,1,11,173.66
24457,710,28,1,11.0,2,237,195.42
24458,710,90,4,5.0,1,115,85.65
24459,710,13,5,3.0,2,34,350.79
24460,710,117,5,15.0,1,59,132.08
24461,710,4,4,13.0,2,240,118.68
24462,710,35,2,15.0,2,239,362.36
24463,710,36,3,1.0,1,169,112.83
24464,711,118,6,13.0,1,128,102.4
24465,711,84,3,8.0,2,213,288.33
24466,711,99,2,2.0,1,121,21.99
24467,711,98,3,5.0,3,222,89.1
24468,711,47,5,2.0,2,210,279.24
24469,711,97,3,15.0,1,117,99.11
24470,711,23,4,2.0,2,8,204.06
24471,711,10096,2,10.0,1,221,231.12
24472,711,17,6,7.0,1,208,198.42
24473,711,30,4,5.0,2,9,349.23
24474,711,74,6,8.0,2,88,345.9
24475,711,10,3,11.0,2,119,153.02
24476,711,60,1,13.0,4,164,393.57
24477,711,107,4,4.0,2,89,87.15
24478,711,33,6,7.0,1,249,136.56
24479,711,9,5,3.0,2,209,254.72
24480,711,87,5,2.0,1,203,267.42
24481,711,69,6,6.0,1,197,334.17
24482,711,72,3,8.0,1,250,389.59
24483,711,98,6,5.0,1,115,89.1
24484,711,103,6,5.0,1,196,105.16
24485,711,35,2,11.0,3,9,362.36
24486,711,30,1,6.0,2,3,349.23
24487,711,6,6,11.0,1,221,342.42
24488,711,67,1,8.0,2,150,177.85
24489,711,29,6,11.0,3,66,264.58
24490,711,100,1,11.0,2,126,320.96
24491,711,111,3,7.0,2,52,299.51
24492,711,8,2,6.0,2,240,268.73
24493,711,25,4,2.0,3,82,381.49
24494,711,6,2,5.0,2,22,342.42
24495,711,1,5,3.0,1,105,382.97
24496,711,106,2,4.0,1,149,57.07
24497,711,1,1,2.0,2,66,382.97
24498,711,39,2,5.0,2,90,170.58
24499,711,117,4,15.0,2,225,132.08
24500,711,93,6,14.0,1,237,39.17
24501,712,90,6,,1,17,85.65
24502,712,15,1,9.0,1,13,100.16
24503,712,48,1,5.0,2,144,77.58
24504,712,107,5,13.0,1,121,87.15
24505,712,56,6,6.0,2,224,269.33
24506,712,30,4,2.0,2,16,349.23
24507,712,16,6,14.0,1,181,359.33
24508,712,28,3,10.0,1,189,195.42
24509,712,101,2,2.0,2,96,380.12
24510,712,63,6,7.0,2,204,114.14
24511,712,95,3,15.0,1,172,245.29
24512,712,52,2,9.0,1,156,29.05
24513,712,91,2,3.0,1,203,177.83
24514,712,100,1,12.0,2,71,320.96
24515,712,14,1,,5,35,354.1
24516,712,20,3,3.0,2,184,344.59
24517,712,108,5,10.0,1,133,167.48
24518,712,10055,2,5.0,2,88,268.55
24519,712,77,2,9.0,1,130,11.42
24520,712,55,1,13.0,4,239,268.55
24521,712,85,4,11.0,4,203,173.66
24522,712,40,3,4.0,2,144,162.24
24523,712,10096,3,9.0,1,45,231.12
24524,712,24,4,9.0,2,144,204.05
24525,712,88,5,2.0,1,195,52.66
24526,712,67,3,,2,29,177.85
24527,712,64,1,13.0,2,58,254.43
24528,712,10060,3,6.0,1,168,393.57
24529,712,3,4,6.0,2,32,184.85
24530,712,71,1,5.0,1,87,273.46
24531,712,23,1,5.0,1,229,204.06
24532,712,102,6,2.0,1,17,332.57
24533,712,98,3,8.0,2,101,89.1
24534,712,18,3,12.0,1,98,65.67
24535,712,63,5,12.0,2,219,114.14
24536,712,109,6,,1,73,378.53
24537,712,115,3,10.0,4,79,265.87
24538,712,75,2,14.0,2,222,45.02
24539,712,65,3,11.0,2,238,38.73
24540,712,61,1,6.0,1,4,327.21
24541,712,111,4,3.0,3,126,299.51
24542,712,75,1,9.0,3,170,45.02
24543,712,74,1,8.0,1,218,345.9
24544,713,93,4,10.0,2,47,39.17
24545,713,6,1,14.0,2,155,342.42
24546,713,75,3,,1,199,45.02
24547,713,113,6,13.0,1,215,268.21
24548,713,15,2,9.0,2,42,100.16
24549,713,35,5,10.0,2,174,362.36
24550,713,54,6,4.0,1,187,263.63
24551,713,35,3,12.0,2,184,362.36
24552,713,85,4,1.0,2,209,173.66
24553,713,114,1,10.0,1,231,392.33
24554,713,45,4,7.0,1,60,193.58
24555,713,11,5,7.0,1,105,274.48
24556,713,38,3,5.0,2,185,323.38
24557,713,10060,6,8.0,1,29,393.57
24558,713,64,4,,1,123,254.43
24559,713,11,5,3.0,1,58,274.48
24560,713,39,6,6.0,1,144,170.58
24561,713,23,2,8.0,2,22,204.06
24562,713,24,4,10.0,2,119,204.05
24563,713,98,5,14.0,1,29,89.1
24564,713,103,2,6.0,2,97,105.16
24565,713,79,6,5.0,1,248,272.45
24566,713,52,2,1.0,2,236,29.05
24567,713,35,6,7.0,2,70,362.36
24568,714,97,6,10.0,2,137,99.11
24569,714,85,6,,3,19,173.66
24570,714,10060,4,4.0,3,211,393.57
24571,714,22,1,3.0,2,27,182.58
24572,714,8,5,13.0,1,157,268.73
24573,714,50,4,5.0,2,97,191.76
24574,714,10096,1,10.0,2,1,231.12
24575,714,117,3,14.0,2,32,132.08
24576,714,66,6,11.0,1,148,134.76
24577,714,101,6,15.0,1,16,380.12
24578,714,54,4,13.0,1,151,263.63
24579,714,36,6,6.0,1,74,112.83
24580,714,11,3,6.0,1,113,274.48
24581,714,80,4,13.0,3,42,351.06
24582,714,49,4,4.0,1,189,217.79
24583,714,94,5,11.0,1,240,323.01
24584,714,13,5,13.0,1,235,350.79
24585,714,103,2,14.0,1,91,105.16
24586,714,7,4,10.0,1,9,255.0
24587,714,65,6,10.0,2,67,38.73
24588,714,97,3,1.0,3,133,99.11
24589,714,19,6,15.0,1,142,153.88
24590,714,69,4,14.0,2,99,334.17
24591,714,30,2,9.0,1,142,349.23
24592,714,29,4,7.0,1,114,264.58
24593,714,8,1,11.0,2,191,268.73
24594,714,11,6,8.0,1,182,274.48
24595,714,66,1,14.0,1,185,134.76
24596,714,113,5,5.0,1,46,268.21
24597,714,73,1,9.0,2,4,352.8
24598,714,104,3,4.0,1,24,194.87
24599,714,89,1,8.0,3,203,228.5
24600,714,119,2,2.0,1,9,399.96
24601,714,114,6,,1,44,392.33
24602,714,61,5,6.0,3,178,327.21
24603,714,15,6,7.0,2,179,100.16
24604,714,119,6,7.0,1,19,399.96
24605,714,51,6,1.0,1,208,384.39
24606,714,3,1,14.0,2,199,184.85
24607,714,78,1,14.0,1,100,386.82
24608,714,69,1,6.0,1,24,334.17
24609,715,45,3,15.0,2,149,193.58
24610,715,82,4,2.0,1,82,393.73
24611,715,34,5,,2,27,4.86
24612,715,65,1,13.0,1,231,38.73
24613,715,86,3,,1,120,266.03
24614,715,43,1,1.0,1,172,40.97
24615,715,14,3,6.0,2,88,354.1
24616,715,33,5,4.0,2,66,136.56
24617,715,115,5,5.0,2,122,265.87
24618,715,36,4,8.0,2,225,112.83
24619,715,18,4,6.0,3,199,65.67
24620,715,11,6,8.0,2,101,274.48
24621,715,6,3,2.0,1,249,342.42
24622,715,25,1,2.0,3,35,381.49
24623,715,116,2,11.0,2,55,74.33
24624,715,28,4,14.0,2,215,195.42
24625,715,112,5,6.0,1,250,89.33
24626,715,101,1,11.0,3,185,380.12
24627,715,55,2,12.0,1,122,268.55
24628,715,111,1,15.0,2,243,299.51
24629,715,87,2,3.0,2,138,267.42
24630,715,81,2,15.0,1,212,45.14
24631,715,4,2,15.0,1,196,118.68
24632,715,21,3,2.0,1,115,307.9
24633,715,78,1,12.0,2,135,386.82
24634,715,103,4,15.0,2,126,105.16
24635,715,108,4,5.0,2,79,167.48
24636,715,84,1,11.0,1,151,288.33
24637,715,11,1,14.0,1,237,274.48
24638,715,46,5,1.0,2,148,2.86
24639,715,14,3,4.0,1,39,354.1
24640,715,62,4,11.0,2,11,107.26
24641,715,71,3,12.0,1,136,273.46
24642,715,65,1,1.0,2,68,38.73
24643,715,86,6,14.0,2,95,266.03
24644,715,23,6,8.0,2,44,204.06
24645,715,57,6,3.0,2,14,184.4
24646,715,77,1,5.0,1,111,11.42
24647,715,71,1,10.0,1,117,273.46
24648,715,34,2,6.0,3,54,4.86
24649,715,89,4,7.0,2,200,228.5
24650,715,37,4,9.0,2,11,374.33
24651,715,46,4,5.0,1,200,2.86
24652,715,44,5,5.0,2,191,370.69
24653,715,13,5,5.0,2,86,350.79
24654,716,41,4,14.0,1,236,77.7
24655,716,113,4,1.0,1,248,268.21
24656,716,114,3,13.0,2,57,392.33
24657,716,1,3,10.0,2,141,382.97
24658,716,90,5,8.0,1,226,85.65
24659,716,46,5,12.0,1,247,2.86
24660,716,87,4,12.0,1,20,267.42
24661,716,58,5,5.0,3,41,86.84
24662,716,27,4,13.0,2,93,25.05
24663,716,105,6,3.0,2,57,115.72
24664,716,31,4,11.0,2,115,276.57
24665,716,66,5,14.0,2,193,134.76
24666,716,33,1,5.0,2,73,136.56
24667,716,118,4,6.0,1,51,102.4
24668,716,59,1,6.0,4,43,149.07
24669,716,69,3,,1,57,334.17
24670,716,3,4,8.0,2,7,184.85
24671,716,64,2,8.0,2,208,254.43
24672,716,11,3,9.0,1,166,274.48
24673,716,73,1,13.0,1,152,352.8
24674,716,76,1,9.0,2,131,327.0
24675,716,82,5,7.0,1,177,393.73
24676,716,112,6,8.0,2,46,89.33
24677,716,118,4,15.0,2,20,102.4
24678,716,58,6,7.0,2,197,86.84
24679,716,6,2,5.0,2,184,342.42
24680,716,117,6,,1,230,132.08
24681,716,91,3,10.0,1,239,177.83
24682,716,89,5,11.0,1,34,228.5
24683,716,11,3,5.0,1,240,274.48
24684,716,101,3,11.0,2,118,380.12
24685,716,62,1,14.0,1,146,107.26
24686,716,114,1,6.0,2,222,392.33
24687,716,40,1,15.0,1,6,162.24
24688,716,56,3,5.0,1,118,269.33
24689,716,40,2,3.0,1,26,162.24
24690,716,118,2,10.0,3,174,102.4
24691,717,54,1,7.0,1,93,263.63
24692,717,62,1,14.0,2,43,107.26
24693,717,6,6,11.0,2,8,342.42
24694,717,105,5,13.0,1,87,115.72
24695,717,18,2,9.0,2,87,65.67
24696,717,119,4,2.0,4,148,399.96
24697,717,32,2,8.0,3,24,360.05
24698,717,57,4,7.0,3,98,184.4
24699,717,12,4,3.0,1,224,322.41
24700,717,81,5,2.0,1,245,45.14
24701,717,75,6,5.0,1,92,45.02
24702,717,35,5,9.0,1,216,362.36
24703,717,62,2,2.0,3,47,107.26
24704,717,54,1,7.0,4,205,263.63
24705,717,68,2,1.0,1,67,31.95
24706,717,78,2,8.0,2,119,386.82
24707,717,96,5,8.0,1,213,231.12
24708,717,56,2,6.0,4,109,269.33
24709,717,16,5,4.0,1,78,359.33
24710,717,96,1,13.0,1,163,231.12
24711,717,113,2,12.0,1,150,268.21
24712,717,86,3,6.0,1,13,266.03
24713,717,62,4,8.0,2,207,107.26
24714,717,13,5,14.0,3,30,350.79
24715,717,105,2,3.0,1,138,115.72
24716,717,64,5,5.0,2,250,254.43
24717,717,60,1,,1,242,393.57
24718,717,83,3,12.0,1,86,19.67
24719,717,75,5,4.0,3,240,45.02
24720,717,9,4,15.0,2,180,254.72
24721,717,85,4,3.0,2,119,173.66
24722,717,71,5,11.0,2,157,273.46
24723,717,74,1,12.0,1,44,345.9
24724,717,99,3,10.0,4,161,21.99
24725,717,58,4,4.0,1,61,86.84
24726,717,29,6,1.0,2,24,264.58
24727,717,10096,5,8.0,2,47,231.12
24728,717,97,4,8.0,1,72,99.11
24729,717,49,5,6.0,2,9,217.79
24730,717,113,4,7.0,2,18,268.21
24731,717,36,5,3.0,2,181,112.83
24732,717,109,5,3.0,1,46,378.53
24733,717,84,1,13.0,1,13,288.33
24734,718,36,2,6.0,2,219,112.83
24735,718,114,6,13.0,1,69,392.33
24736,718,43,1,10.0,4,140,40.97
24737,718,102,5,9.0,1,142,332.57
24738,718,96,2,15.0,1,71,231.12
24739,718,43,4,13.0,3,219,40.97
24740,718,86,5,,2,84,266.03
24741,718,79,4,,1,29,272.45
24742,718,75,5,13.0,1,41,45.02
24743,718,104,1,14.0,2,143,194.87
24744,718,63,3,4.0,2,231,114.14
24745,718,89,4,15.0,1,94,228.5
24746,718,120,6,5.0,2,125,18.02
24747,718,48,6,2.0,1,63,77.58
24748,718,24,4,14.0,2,76,204.05
24749,718,107,3,13.0,2,197,87.15
24750,718,80,2,11.0,1,82,351.06
24751,718,89,6,14.0,1,26,228.5
24752,718,23,4,15.0,3,230,204.06
24753,718,67,2,3.0,2,181,177.85
24754,718,109,3,,2,240,378.53
24755,718,53,3,6.0,2,224,99.99
24756,718,5,2,9.0,2,85,282.42
24757,718,89,4,1.0,2,231,228.5
24758,718,1,2,13.0,1,188,382.97
24759,718,37,2,6.0,1,55,374.33
24760,718,48,3,6.0,4,91,77.58
24761,718,38,6,1.0,1,201,323.38
24762,718,70,2,10.0,1,4,18.65
24763,718,101,3,10.0,2,180,380.12
24764,718,31,6,12.0,3,114,276.57
24765,718,118,6,15.0,1,73,102.4
24766,718,97,6,14.0,4,237,99.11
24767,718,40,1,6.0,1,141,162.24
24768,718,60,6,6.0,1,28,393.57
24769,718,11,6,2.0,1,141,274.48
24770,718,23,5,8.0,2,18,204.06
24771,718,36,3,6.0,1,211,112.83
24772,719,18,6,4.0,3,36,65.67
24773,719,112,6,15.0,1,177,89.33
24774,719,10118,6,8.0,1,116,102.4
24775,719,38,4,3.0,2,150,323.38
24776,719,103,2,8.0,1,45,105.16
24777,719,43,1,3.0,1,29,40.97
24778,719,10,1,10.0,1,126,153.02
24779,719,27,3,1.0,2,10,25.05
24780,719,116,2,11.0,1,250,74.33
24781,719,110,1,15.0,2,11,4.35
24782,719,106,5,2.0,4,193,57.07
24783,719,10060,1,9.0,3,96,393.57
24784,719,102,1,3.0,2,205,332.57
24785,719,45,6,2.0,1,140,193.58
24786,719,87,3,2.0,2,140,267.42
24787,719,16,5,5.0,1,128,359.33
24788,719,68,3,13.0,1,234,31.95
24789,719,32,4,6.0,3,8,360.05
24790,719,80,5,13.0,3,233,351.06
24791,719,9,1,9.0,2,170,254.72
24792,719,17,2,8.0,2,205,198.42
24793,719,113,6,15.0,1,181,268.21
24794,719,96,2,9.0,1,189,231.12
24795,719,114,5,2.0,1,177,392.33
24796,719,69,2,10.0,3,119,334.17
24797,719,23,2,12.0,4,107,204.06
24798,719,108,1,10.0,3,64,167.48
24799,719,72,3,8.0,2,243,389.59
24800,719,74,3,13.0,2,39,345.9
24801,720,30,4,11.0,2,182,349.23
24802,720,64,4,5.0,2,43,254.43
24803,720,93,5,4.0,2,6,39.17
24804,720,48,3,5.0,2,119,77.58
24805,720,18,3,6.0,1,235,65.67
24806,720,89,5,9.0,2,100,228.5
24807,720,29,2,14.0,2,198,264.58
24808,720,43,1,11.0,2,61,40.97
24809,720,83,5,4.0,2,146,19.67
24810,720,34,2,9.0,2,209,4.86
24811,720,35,3,5.0,2,239,362.36
24812,720,28,3,9.0,4,52,195.42
24813,720,44,6,11.0,1,106,370.69
24814,720,40,6,4.0,1,133,162.24
24815,720,93,2,8.0,1,248,39.17
24816,720,14,1,10.0,3,207,354.1
24817,720,78,3,1.0,2,222,386.82
24818,720,48,3,6.0,1,231,77.58
24819,720,70,3,5.0,2,76,18.65
24820,720,39,4,9.0,1,136,170.58
24821,720,20,2,13.0,2,154,344.59
24822,720,83,2,7.0,3,24,19.67
24823,720,51,6,14.0,1,170,384.39
24824,720,74,5,15.0,1,215,345.9
24825,720,62,3,4.0,4,147,107.26
24826,720,93,1,11.0,1,78,39.17
24827,721,120,5,2.0,2,162,18.02
24828,721,107,2,7.0,1,65,87.15
24829,721,33,1,13.0,2,5,136.56
24830,721,13,4,5.0,1,97,350.79
24831,721,68,4,,1,172,31.95
24832,721,7,4,10.0,1,105,255.0
24833,721,68,3,3.0,2,40,31.95
24834,721,79,4,11.0,1,57,272.45
24835,721,10118,1,2.0,1,4,102.4
24836,721,22,2,9.0,1,94,182.58
24837,721,50,3,10.0,2,75,191.76
24838,721,4,4,13.0,1,234,118.68
24839,721,69,4,6.0,1,124,334.17
24840,721,99,3,11.0,1,205,21.99
24841,721,116,4,14.0,1,186,74.33
24842,721,1,5,9.0,1,84,382.97
24843,721,74,1,14.0,4,101,345.9
24844,721,52,2,1.0,2,152,29.05
24845,721,25,2,4.0,1,104,381.49
24846,721,98,2,8.0,1,131,89.1
24847,721,102,4,11.0,2,205,332.57
24848,721,100,4,3.0,2,164,320.96
24849,721,74,6,6.0,1,244,345.9
24850,721,38,2,13.0,2,204,323.38
24851,721,93,2,14.0,1,87,39.17
24852,721,86,6,15.0,1,73,266.03
24853,721,111,1,4.0,1,98,299.51
24854,721,99,6,15.0,2,25,21.99
24855,721,87,5,8.0,1,116,267.42
24856,721,65,2,15.0,1,124,38.73
24857,721,73,4,4.0,1,161,352.8
24858,721,19,1,12.0,1,245,153.88
24859,721,117,1,1.0,2,55,132.08
24860,721,23,5,5.0,1,101,204.06
24861,721,43,4,7.0,2,250,40.97
24862,721,104,2,10.0,1,229,194.87
24863,721,19,5,15.0,1,135,153.88
24864,721,70,1,9.0,2,59,18.65
24865,721,50,3,9.0,1,1,191.76
24866,721,63,3,11.0,2,7,114.14
24867,722,61,2,8.0,1,5,327.21
24868,722,107,4,4.0,2,224,87.15
24869,722,110,6,2.0,2,63,4.35
24870,722,74,3,7.0,1,175,345.9
24871,722,38,2,12.0,1,180,323.38
24872,722,40,6,6.0,4,149,162.24
24873,722,101,4,11.0,1,110,380.12
24874,722,106,4,2.0,1,246,57.07
24875,722,27,1,6.0,1,182,25.05
24876,722,14,5,5.0,1,245,354.1
24877,722,117,4,2.0,2,193,132.08
24878,722,88,5,6.0,1,15,52.66
24879,722,10055,5,2.0,2,119,268.55
24880,722,80,1,11.0,2,218,351.06
24881,722,89,1,5.0,3,178,228.5
24882,722,116,3,7.0,2,24,74.33
24883,722,3,5,11.0,2,213,184.85
24884,722,1,5,2.0,4,8,382.97
24885,722,77,2,12.0,1,106,11.42
24886,722,19,5,12.0,2,203,153.88
24887,722,87,5,1.0,1,197,267.42
24888,722,24,5,4.0,3,20,204.05
24889,722,31,6,5.0,2,228,276.57
24890,722,13,2,12.0,2,46,350.79
24891,722,30,5,7.0,1,62,349.23
24892,722,61,4,10.0,1,37,327.21
24893,722,97,4,5.0,2,190,99.11
24894,722,45,4,3.0,1,6,193.58
24895,722,64,1,10.0,1,113,254.43
24896,723,97,5,5.0,1,87,99.11
24897,723,21,2,11.0,1,49,307.9
24898,723,105,4,13.0,2,178,115.72
24899,723,10,6,2.0,2,155,153.02
24900,723,20,5,13.0,4,120,344.59
24901,723,23,4,9.0,2,30,204.06
24902,723,106,2,12.0,2,133,57.07
24903,723,21,1,10.0,2,121,307.9
24904,723,27,5,4.0,2,104,25.05
24905,723,67,3,7.0,2,96,177.85
24906,723,91,5,12.0,2,72,177.83
24907,723,51,5,3.0,1,118,384.39
24908,723,33,1,15.0,1,190,136.56
24909,723,10096,1,15.0,2,16,231.12
24910,723,67,1,4.0,2,113,177.85
24911,723,14,4,,3,123,354.1
24912,723,94,1,2.0,2,80,323.01
24913,723,117,1,9.0,2,53,132.08
24914,723,9,5,6.0,1,145,254.72
24915,723,92,5,2.0,3,66,69.54
24916,723,19,4,3.0,2,92,153.88
24917,723,59,1,13.0,2,225,149.07
24918,723,3,3,12.0,1,240,184.85
24919,723,111,6,15.0,5,69,299.51
24920,723,10118,6,15.0,1,126,102.4
24921,723,116,2,11.0,4,22,74.33
24922,723,96,5,1.0,3,59,231.12
24923,723,62,2,1.0,1,216,107.26
24924,723,63,5,2.0,1,195,114.14
24925,723,64,1,3.0,2,236,254.43
24926,723,117,1,1.0,1,117,132.08
24927,723,111,3,7.0,2,98,299.51
24928,723,49,5,13.0,1,93,217.79
24929,723,31,5,6.0,2,149,276.57
24930,723,58,4,8.0,1,41,86.84
24931,724,14,1,3.0,1,5,354.1
24932,724,56,3,,2,217,269.33
24933,724,111,4,2.0,2,208,299.51
24934,724,106,5,12.0,1,68,57.07
24935,724,34,1,4.0,2,32,4.86
24936,724,1,4,5.0,1,189,382.97
24937,724,91,5,8.0,1,54,177.83
24938,724,115,4,7.0,1,35,265.87
24939,724,58,3,4.0,3,39,86.84
24940,724,19,6,2.0,2,192,153.88
24941,724,36,3,7.0,2,214,112.83
24942,724,109,6,3.0,1,190,378.53
24943,724,39,2,5.0,2,243,170.58
24944,724,84,3,10.0,2,31,288.33
24945,724,58,5,1.0,1,239,86.84
24946,724,74,6,5.0,1,66,345.9
24947,724,50,1,1.0,2,78,191.76
24948,724,55,3,13.0,2,36,268.55
24949,724,4,2,,4,153,118.68
24950,724,108,3,2.0,1,67,167.48
24951,724,67,4,15.0,2,201,177.85
24952,724,24,5,2.0,3,180,204.05
24953,724,101,4,1.0,3,7,380.12
24954,724,5,3,12.0,2,155,282.42
24955,724,8,4,11.0,3,213,268.73
24956,724,55,4,,1,40,268.55
24957,724,106,4,6.0,1,109,57.07
24958,724,50,4,1.0,2,11,191.76
24959,724,101,6,12.0,1,230,380.12
24960,724,108,6,13.0,2,144,167.48
24961,724,37,2,5.0,1,183,374.33
24962,724,50,2,14.0,1,204,191.76
24963,724,21,4,15.0,1,185,307.9
24964,725,5,3,15.0,1,104,282.42
24965,725,60,6,5.0,2,150,393.57
24966,725,44,2,11.0,3,35,370.69
24967,725,53,6,2.0,2,9,99.99
24968,725,30,4,12.0,2,104,349.23
24969,725,17,5,13.0,2,186,198.42
24970,725,45,1,14.0,3,213,193.58
24971,725,46,6,7.0,1,46,2.86
24972,725,66,3,10.0,5,36,134.76
24973,725,18,6,8.0,1,96,65.67
24974,725,95,1,10.0,2,161,245.29
24975,725,1,4,5.0,2,63,382.97
24976,725,114,3,8.0,1,126,392.33
24977,725,27,1,10.0,2,108,25.05
24978,725,26,2,14.0,2,137,196.47
24979,725,71,1,6.0,1,23,273.46
24980,725,99,5,5.0,1,187,21.99
24981,725,18,5,15.0,3,31,65.67
24982,725,90,1,7.0,1,64,85.65
24983,725,119,5,15.0,2,220,399.96
24984,725,12,2,8.0,1,123,322.41
24985,725,98,1,5.0,2,234,89.1
24986,725,88,1,6.0,2,193,52.66
24987,725,45,6,15.0,2,59,193.58
24988,725,27,4,12.0,1,243,25.05
24989,725,2,4,11.0,2,32,144.87
24990,725,30,1,4.0,1,122,349.23
24991,725,118,2,7.0,1,190,102.4
24992,725,29,4,11.0,1,192,264.58
24993,725,94,5,11.0,2,102,323.01
24994,725,46,1,2.0,1,245,2.86
24995,725,2,2,,1,1,144.87
24996,725,63,4,1.0,4,204,114.14
24997,725,109,4,8.0,1,45,378.53
24998,725,35,2,1.0,1,53,362.36
24999,725,80,3,3.0,1,73,351.06
25000,726,33,1,8.0,2,87,136.56
25001,726,31,4,5.0,2,46,276.57
25002,726,115,4,14.0,2,158,265.87
25003,726,33,3,,2,144,136.56
25004,726,28,4,11.0,3,170,195.42
25005,726,80,5,13.0,1,90,351.06
25006,726,55,1,3.0,5,76,268.55
25007,726,111,1,1.0,2,71,299.51
25008,726,1,2,9.0,1,96,382.97
25009,726,53,3,5.0,2,65,99.99
25010,726,110,5,10.0,1,227,4.35
25011,726,31,5,7.0,1,247,276.57
25012,726,18,6,5.0,1,27,65.67
25013,726,63,3,10.0,2,118,114.14
25014,726,98,4,2.0,1,186,89.1
25015,726,39,2,10.0,2,63,170.58
25016,726,106,3,14.0,2,56,57.07
25017,726,28,5,9.0,1,56,195.42
25018,726,71,3,5.0,2,39,273.46
25019,726,5,1,14.0,1,120,282.42
25020,726,4,5,6.0,2,164,118.68
25021,726,96,4,4.0,2,203,231.12
25022,726,59,1,10.0,4,203,149.07
25023,726,10060,4,9.0,1,79,393.57
25024,726,89,2,11.0,1,21,228.5
25025,726,27,4,8.0,1,147,25.05
25026,726,119,1,12.0,1,19,399.96
25027,726,100,1,6.0,2,200,320.96
25028,726,18,3,10.0,1,140,65.67
25029,726,61,4,13.0,2,233,327.21
25030,726,66,3,3.0,3,209,134.76
25031,726,9,4,15.0,1,174,254.72
25032,726,46,2,13.0,2,78,2.86
25033,726,63,4,3.0,1,60,114.14
25034,727,8,3,2.0,1,14,268.73
25035,727,6,1,,1,209,342.42
25036,727,41,2,9.0,3,26,77.7
25037,727,54,2,4.0,1,26,263.63
25038,727,64,4,2.0,2,16,254.43
25039,727,96,1,7.0,2,131,231.12
25040,727,65,6,10.0,1,3,38.73
25041,727,46,3,13.0,1,186,2.86
25042,727,7,4,14.0,2,232,255.0
25043,727,32,6,12.0,1,43,360.05
25044,727,30,1,6.0,2,17,349.23
25045,727,59,5,15.0,2,194,149.07
25046,727,13,1,14.0,3,204,350.79
25047,727,96,2,12.0,3,78,231.12
25048,727,82,5,8.0,2,67,393.73
25049,727,63,5,5.0,5,250,114.14
25050,727,41,2,3.0,5,199,77.7
25051,727,32,1,14.0,1,174,360.05
25052,727,10,2,9.0,1,30,153.02
25053,727,68,6,13.0,2,11,31.95
25054,727,15,4,8.0,2,29,100.16
25055,727,60,5,12.0,2,161,393.57
25056,727,34,1,10.0,3,164,4.86
25057,727,113,1,13.0,2,225,268.21
25058,727,77,5,4.0,2,95,11.42
25059,727,115,3,11.0,2,60,265.87
25060,727,57,3,4.0,1,226,184.4
25061,727,19,6,4.0,1,235,153.88
25062,727,7,4,7.0,2,136,255.0
25063,727,1,1,13.0,1,182,382.97
25064,727,108,5,,1,49,167.48
25065,727,14,5,15.0,2,166,354.1
25066,727,21,6,2.0,1,138,307.9
25067,727,106,3,9.0,2,32,57.07
25068,727,69,4,10.0,1,241,334.17
25069,727,61,4,8.0,2,41,327.21
25070,727,73,3,14.0,1,198,352.8
25071,727,94,5,10.0,4,81,323.01
25072,727,29,4,14.0,1,71,264.58
25073,727,11,6,13.0,1,145,274.48
25074,728,55,3,1.0,3,179,268.55
25075,728,23,6,12.0,1,249,204.06
25076,728,68,3,4.0,1,133,31.95
25077,728,119,6,12.0,3,56,399.96
25078,728,111,5,15.0,1,69,299.51
25079,728,111,4,7.0,2,73,299.51
25080,728,6,4,5.0,1,13,342.42
25081,728,63,4,13.0,2,70,114.14
25082,728,88,6,14.0,2,45,52.66
25083,728,85,2,15.0,1,152,173.66
25084,728,80,5,3.0,1,208,351.06
25085,728,3,5,13.0,1,64,184.85
25086,728,46,5,13.0,1,180,2.86
25087,728,10118,3,10.0,2,245,102.4
25088,728,87,3,14.0,2,146,267.42
25089,728,18,4,14.0,2,16,65.67
25090,728,44,1,2.0,2,185,370.69
25091,728,113,1,12.0,1,241,268.21
25092,728,99,1,3.0,2,239,21.99
25093,728,111,6,10.0,1,13,299.51
25094,728,8,6,,2,69,268.73
25095,728,87,3,9.0,2,203,267.42
25096,728,57,5,1.0,2,183,184.4
25097,728,26,1,9.0,1,98,196.47
25098,728,68,3,3.0,2,180,31.95
25099,728,113,1,15.0,1,21,268.21
25100,728,10096,6,8.0,1,185,231.12
25101,728,51,5,10.0,2,247,384.39
25102,728,6,4,14.0,1,239,342.42
25103,729,20,1,6.0,3,62,344.59
25104,729,69,1,13.0,1,211,334.17
25105,729,22,3,12.0,2,249,182.58
25106,729,44,3,11.0,3,106,370.69
25107,729,98,5,8.0,1,133,89.1
25108,729,15,4,13.0,2,162,100.16
25109,729,23,3,13.0,1,133,204.06
25110,729,118,6,,2,133,102.4
25111,729,95,4,13.0,2,72,245.29
25112,729,88,6,9.0,3,76,52.66
25113,729,44,1,14.0,1,12,370.69
25114,729,77,2,6.0,2,154,11.42
25115,729,80,3,8.0,4,188,351.06
25116,729,19,2,12.0,2,9,153.88
25117,729,3,6,9.0,2,108,184.85
25118,729,1,6,12.0,3,70,382.97
25119,729,116,4,8.0,3,110,74.33
25120,729,62,5,2.0,2,30,107.26
25121,729,56,5,3.0,1,41,269.33
25122,729,38,2,13.0,1,84,323.38
25123,729,71,5,12.0,2,175,273.46
25124,729,119,4,8.0,5,126,399.96
25125,729,58,3,13.0,2,109,86.84
25126,729,10,4,13.0,4,200,153.02
25127,729,69,3,11.0,1,225,334.17
25128,729,44,2,5.0,5,81,370.69
25129,729,120,3,5.0,3,26,18.02
25130,729,83,1,11.0,2,168,19.67
25131,729,115,3,12.0,2,62,265.87
25132,729,54,1,6.0,2,99,263.63
25133,729,23,1,7.0,2,26,204.06
25134,730,39,6,12.0,4,201,170.58
25135,730,61,2,12.0,1,36,327.21
25136,730,118,5,7.0,1,52,102.4
25137,730,23,2,2.0,1,67,204.06
25138,730,26,3,1.0,1,165,196.47
25139,730,9,3,1.0,2,151,254.72
25140,730,88,3,9.0,2,92,52.66
25141,730,2,3,10.0,1,224,144.87
25142,730,93,1,4.0,1,59,39.17
25143,730,72,2,5.0,1,29,389.59
25144,730,117,2,13.0,1,20,132.08
25145,730,105,3,3.0,2,229,115.72
25146,730,116,5,6.0,1,108,74.33
25147,730,106,3,15.0,1,80,57.07
25148,730,20,6,15.0,1,127,344.59
25149,730,1,6,4.0,2,190,382.97
25150,730,120,4,11.0,2,140,18.02
25151,730,115,3,7.0,2,140,265.87
25152,730,10,6,15.0,5,35,153.02
25153,730,117,1,15.0,2,103,132.08
25154,730,30,1,11.0,2,38,349.23
25155,730,61,2,10.0,2,25,327.21
25156,730,44,2,2.0,1,53,370.69
25157,730,74,5,13.0,1,35,345.9
25158,730,88,4,5.0,1,218,52.66
25159,730,71,1,15.0,2,88,273.46
25160,730,14,1,,2,47,354.1
25161,730,69,2,15.0,2,152,334.17
25162,730,51,3,14.0,1,32,384.39
25163,730,32,2,14.0,2,189,360.05
25164,730,81,3,13.0,2,33,45.14
25165,731,10096,2,10.0,1,23,231.12
25166,731,34,4,14.0,2,111,4.86
25167,731,61,6,3.0,3,216,327.21
25168,731,84,1,14.0,2,217,288.33
25169,731,32,4,11.0,2,17,360.05
25170,731,115,4,15.0,1,106,265.87
25171,731,82,2,8.0,1,190,393.73
25172,731,10055,5,11.0,2,183,268.55
25173,731,115,6,11.0,4,38,265.87
25174,731,19,5,14.0,5,244,153.88
25175,731,10055,6,10.0,1,35,268.55
25176,731,10096,6,1.0,2,189,231.12
25177,731,102,4,9.0,1,94,332.57
25178,731,17,2,15.0,2,43,198.42
25179,731,37,2,14.0,1,80,374.33
25180,731,54,1,12.0,2,170,263.63
25181,731,32,6,4.0,1,84,360.05
25182,731,3,2,4.0,2,89,184.85
25183,731,39,5,14.0,1,89,170.58
25184,731,79,5,3.0,3,227,272.45
25185,731,81,2,8.0,2,107,45.14
25186,731,103,1,11.0,4,106,105.16
25187,731,120,6,1.0,4,99,18.02
25188,731,8,2,3.0,2,133,268.73
25189,731,3,3,4.0,2,245,184.85
25190,731,50,3,10.0,2,50,191.76
25191,731,97,1,13.0,2,45,99.11
25192,731,88,5,11.0,1,132,52.66
25193,731,85,6,3.0,2,195,173.66
25194,731,67,5,6.0,1,128,177.85
25195,731,37,4,8.0,2,2,374.33
25196,731,1,1,13.0,5,102,382.97
25197,731,23,4,6.0,2,173,204.06
